Copyright 1986-2019 Xilinx, Inc. All Rights Reserved.
-----------------------------------------------------------------------------------------------------------------------------------------------
| Tool Version : Vivado v.2019.2 (win64) Build 2708876 Wed Nov  6 21:40:23 MST 2019
| Date         : Sat Sep  5 10:34:43 2026
| Host         : liuxinhao running 64-bit major release  (build 9200)
| Command      : report_methodology -file top_methodology_drc_routed.rpt -pb top_methodology_drc_routed.pb -rpx top_methodology_drc_routed.rpx
| Design       : top
| Device       : xc7a35tcsg324-1
| Speed File   : -1
| Design State : Fully Routed
-----------------------------------------------------------------------------------------------------------------------------------------------

Report Methodology

Table of Contents
-----------------
1. REPORT SUMMARY
2. REPORT DETAILS

1. REPORT SUMMARY
-----------------
            Netlist: netlist
          Floorplan: design_1
      Design limits: <entire design considered>
             Max violations: <unlimited>
             Violations found: 1087
+-----------+----------+-----------------------------------------------------------+------------+
| Rule      | Severity | Description                                               | Violations |
+-----------+----------+-----------------------------------------------------------+------------+
| SYNTH-5   | Warning  | Mapped onto distributed RAM because of timing constraints | 64         |
| TIMING-16 | Warning  | Large setup violation                                     | 1000       |
| TIMING-18 | Warning  | Missing input or output delay                             | 23         |
+-----------+----------+-----------------------------------------------------------+------------+

2. REPORT DETAILS
-----------------
SYNTH-5#1 Warning
Mapped onto distributed RAM because of timing constraints  
The instance cpu/u_dmem/ram_reg_0_255_0_0 is implemented as distributed LUT RAM for the following reason: The timing constraints suggest that the chosen mapping will yield a better timing.
Related violations: <none>

SYNTH-5#2 Warning
Mapped onto distributed RAM because of timing constraints  
The instance cpu/u_dmem/ram_reg_0_255_10_10 is implemented as distributed LUT RAM for the following reason: The timing constraints suggest that the chosen mapping will yield a better timing.
Related violations: <none>

SYNTH-5#3 Warning
Mapped onto distributed RAM because of timing constraints  
The instance cpu/u_dmem/ram_reg_0_255_11_11 is implemented as distributed LUT RAM for the following reason: The timing constraints suggest that the chosen mapping will yield a better timing.
Related violations: <none>

SYNTH-5#4 Warning
Mapped onto distributed RAM because of timing constraints  
The instance cpu/u_dmem/ram_reg_0_255_12_12 is implemented as distributed LUT RAM for the following reason: The timing constraints suggest that the chosen mapping will yield a better timing.
Related violations: <none>

SYNTH-5#5 Warning
Mapped onto distributed RAM because of timing constraints  
The instance cpu/u_dmem/ram_reg_0_255_13_13 is implemented as distributed LUT RAM for the following reason: The timing constraints suggest that the chosen mapping will yield a better timing.
Related violations: <none>

SYNTH-5#6 Warning
Mapped onto distributed RAM because of timing constraints  
The instance cpu/u_dmem/ram_reg_0_255_14_14 is implemented as distributed LUT RAM for the following reason: The timing constraints suggest that the chosen mapping will yield a better timing.
Related violations: <none>

SYNTH-5#7 Warning
Mapped onto distributed RAM because of timing constraints  
The instance cpu/u_dmem/ram_reg_0_255_15_15 is implemented as distributed LUT RAM for the following reason: The timing constraints suggest that the chosen mapping will yield a better timing.
Related violations: <none>

SYNTH-5#8 Warning
Mapped onto distributed RAM because of timing constraints  
The instance cpu/u_dmem/ram_reg_0_255_16_16 is implemented as distributed LUT RAM for the following reason: The timing constraints suggest that the chosen mapping will yield a better timing.
Related violations: <none>

SYNTH-5#9 Warning
Mapped onto distributed RAM because of timing constraints  
The instance cpu/u_dmem/ram_reg_0_255_17_17 is implemented as distributed LUT RAM for the following reason: The timing constraints suggest that the chosen mapping will yield a better timing.
Related violations: <none>

SYNTH-5#10 Warning
Mapped onto distributed RAM because of timing constraints  
The instance cpu/u_dmem/ram_reg_0_255_18_18 is implemented as distributed LUT RAM for the following reason: The timing constraints suggest that the chosen mapping will yield a better timing.
Related violations: <none>

SYNTH-5#11 Warning
Mapped onto distributed RAM because of timing constraints  
The instance cpu/u_dmem/ram_reg_0_255_19_19 is implemented as distributed LUT RAM for the following reason: The timing constraints suggest that the chosen mapping will yield a better timing.
Related violations: <none>

SYNTH-5#12 Warning
Mapped onto distributed RAM because of timing constraints  
The instance cpu/u_dmem/ram_reg_0_255_1_1 is implemented as distributed LUT RAM for the following reason: The timing constraints suggest that the chosen mapping will yield a better timing.
Related violations: <none>

SYNTH-5#13 Warning
Mapped onto distributed RAM because of timing constraints  
The instance cpu/u_dmem/ram_reg_0_255_20_20 is implemented as distributed LUT RAM for the following reason: The timing constraints suggest that the chosen mapping will yield a better timing.
Related violations: <none>

SYNTH-5#14 Warning
Mapped onto distributed RAM because of timing constraints  
The instance cpu/u_dmem/ram_reg_0_255_21_21 is implemented as distributed LUT RAM for the following reason: The timing constraints suggest that the chosen mapping will yield a better timing.
Related violations: <none>

SYNTH-5#15 Warning
Mapped onto distributed RAM because of timing constraints  
The instance cpu/u_dmem/ram_reg_0_255_22_22 is implemented as distributed LUT RAM for the following reason: The timing constraints suggest that the chosen mapping will yield a better timing.
Related violations: <none>

SYNTH-5#16 Warning
Mapped onto distributed RAM because of timing constraints  
The instance cpu/u_dmem/ram_reg_0_255_23_23 is implemented as distributed LUT RAM for the following reason: The timing constraints suggest that the chosen mapping will yield a better timing.
Related violations: <none>

SYNTH-5#17 Warning
Mapped onto distributed RAM because of timing constraints  
The instance cpu/u_dmem/ram_reg_0_255_24_24 is implemented as distributed LUT RAM for the following reason: The timing constraints suggest that the chosen mapping will yield a better timing.
Related violations: <none>

SYNTH-5#18 Warning
Mapped onto distributed RAM because of timing constraints  
The instance cpu/u_dmem/ram_reg_0_255_25_25 is implemented as distributed LUT RAM for the following reason: The timing constraints suggest that the chosen mapping will yield a better timing.
Related violations: <none>

SYNTH-5#19 Warning
Mapped onto distributed RAM because of timing constraints  
The instance cpu/u_dmem/ram_reg_0_255_26_26 is implemented as distributed LUT RAM for the following reason: The timing constraints suggest that the chosen mapping will yield a better timing.
Related violations: <none>

SYNTH-5#20 Warning
Mapped onto distributed RAM because of timing constraints  
The instance cpu/u_dmem/ram_reg_0_255_27_27 is implemented as distributed LUT RAM for the following reason: The timing constraints suggest that the chosen mapping will yield a better timing.
Related violations: <none>

SYNTH-5#21 Warning
Mapped onto distributed RAM because of timing constraints  
The instance cpu/u_dmem/ram_reg_0_255_28_28 is implemented as distributed LUT RAM for the following reason: The timing constraints suggest that the chosen mapping will yield a better timing.
Related violations: <none>

SYNTH-5#22 Warning
Mapped onto distributed RAM because of timing constraints  
The instance cpu/u_dmem/ram_reg_0_255_29_29 is implemented as distributed LUT RAM for the following reason: The timing constraints suggest that the chosen mapping will yield a better timing.
Related violations: <none>

SYNTH-5#23 Warning
Mapped onto distributed RAM because of timing constraints  
The instance cpu/u_dmem/ram_reg_0_255_2_2 is implemented as distributed LUT RAM for the following reason: The timing constraints suggest that the chosen mapping will yield a better timing.
Related violations: <none>

SYNTH-5#24 Warning
Mapped onto distributed RAM because of timing constraints  
The instance cpu/u_dmem/ram_reg_0_255_30_30 is implemented as distributed LUT RAM for the following reason: The timing constraints suggest that the chosen mapping will yield a better timing.
Related violations: <none>

SYNTH-5#25 Warning
Mapped onto distributed RAM because of timing constraints  
The instance cpu/u_dmem/ram_reg_0_255_31_31 is implemented as distributed LUT RAM for the following reason: The timing constraints suggest that the chosen mapping will yield a better timing.
Related violations: <none>

SYNTH-5#26 Warning
Mapped onto distributed RAM because of timing constraints  
The instance cpu/u_dmem/ram_reg_0_255_3_3 is implemented as distributed LUT RAM for the following reason: The timing constraints suggest that the chosen mapping will yield a better timing.
Related violations: <none>

SYNTH-5#27 Warning
Mapped onto distributed RAM because of timing constraints  
The instance cpu/u_dmem/ram_reg_0_255_4_4 is implemented as distributed LUT RAM for the following reason: The timing constraints suggest that the chosen mapping will yield a better timing.
Related violations: <none>

SYNTH-5#28 Warning
Mapped onto distributed RAM because of timing constraints  
The instance cpu/u_dmem/ram_reg_0_255_5_5 is implemented as distributed LUT RAM for the following reason: The timing constraints suggest that the chosen mapping will yield a better timing.
Related violations: <none>

SYNTH-5#29 Warning
Mapped onto distributed RAM because of timing constraints  
The instance cpu/u_dmem/ram_reg_0_255_6_6 is implemented as distributed LUT RAM for the following reason: The timing constraints suggest that the chosen mapping will yield a better timing.
Related violations: <none>

SYNTH-5#30 Warning
Mapped onto distributed RAM because of timing constraints  
The instance cpu/u_dmem/ram_reg_0_255_7_7 is implemented as distributed LUT RAM for the following reason: The timing constraints suggest that the chosen mapping will yield a better timing.
Related violations: <none>

SYNTH-5#31 Warning
Mapped onto distributed RAM because of timing constraints  
The instance cpu/u_dmem/ram_reg_0_255_8_8 is implemented as distributed LUT RAM for the following reason: The timing constraints suggest that the chosen mapping will yield a better timing.
Related violations: <none>

SYNTH-5#32 Warning
Mapped onto distributed RAM because of timing constraints  
The instance cpu/u_dmem/ram_reg_0_255_9_9 is implemented as distributed LUT RAM for the following reason: The timing constraints suggest that the chosen mapping will yield a better timing.
Related violations: <none>

SYNTH-5#33 Warning
Mapped onto distributed RAM because of timing constraints  
The instance cpu/u_dmem/ram_reg_256_511_0_0 is implemented as distributed LUT RAM for the following reason: The timing constraints suggest that the chosen mapping will yield a better timing.
Related violations: <none>

SYNTH-5#34 Warning
Mapped onto distributed RAM because of timing constraints  
The instance cpu/u_dmem/ram_reg_256_511_10_10 is implemented as distributed LUT RAM for the following reason: The timing constraints suggest that the chosen mapping will yield a better timing.
Related violations: <none>

SYNTH-5#35 Warning
Mapped onto distributed RAM because of timing constraints  
The instance cpu/u_dmem/ram_reg_256_511_11_11 is implemented as distributed LUT RAM for the following reason: The timing constraints suggest that the chosen mapping will yield a better timing.
Related violations: <none>

SYNTH-5#36 Warning
Mapped onto distributed RAM because of timing constraints  
The instance cpu/u_dmem/ram_reg_256_511_12_12 is implemented as distributed LUT RAM for the following reason: The timing constraints suggest that the chosen mapping will yield a better timing.
Related violations: <none>

SYNTH-5#37 Warning
Mapped onto distributed RAM because of timing constraints  
The instance cpu/u_dmem/ram_reg_256_511_13_13 is implemented as distributed LUT RAM for the following reason: The timing constraints suggest that the chosen mapping will yield a better timing.
Related violations: <none>

SYNTH-5#38 Warning
Mapped onto distributed RAM because of timing constraints  
The instance cpu/u_dmem/ram_reg_256_511_14_14 is implemented as distributed LUT RAM for the following reason: The timing constraints suggest that the chosen mapping will yield a better timing.
Related violations: <none>

SYNTH-5#39 Warning
Mapped onto distributed RAM because of timing constraints  
The instance cpu/u_dmem/ram_reg_256_511_15_15 is implemented as distributed LUT RAM for the following reason: The timing constraints suggest that the chosen mapping will yield a better timing.
Related violations: <none>

SYNTH-5#40 Warning
Mapped onto distributed RAM because of timing constraints  
The instance cpu/u_dmem/ram_reg_256_511_16_16 is implemented as distributed LUT RAM for the following reason: The timing constraints suggest that the chosen mapping will yield a better timing.
Related violations: <none>

SYNTH-5#41 Warning
Mapped onto distributed RAM because of timing constraints  
The instance cpu/u_dmem/ram_reg_256_511_17_17 is implemented as distributed LUT RAM for the following reason: The timing constraints suggest that the chosen mapping will yield a better timing.
Related violations: <none>

SYNTH-5#42 Warning
Mapped onto distributed RAM because of timing constraints  
The instance cpu/u_dmem/ram_reg_256_511_18_18 is implemented as distributed LUT RAM for the following reason: The timing constraints suggest that the chosen mapping will yield a better timing.
Related violations: <none>

SYNTH-5#43 Warning
Mapped onto distributed RAM because of timing constraints  
The instance cpu/u_dmem/ram_reg_256_511_19_19 is implemented as distributed LUT RAM for the following reason: The timing constraints suggest that the chosen mapping will yield a better timing.
Related violations: <none>

SYNTH-5#44 Warning
Mapped onto distributed RAM because of timing constraints  
The instance cpu/u_dmem/ram_reg_256_511_1_1 is implemented as distributed LUT RAM for the following reason: The timing constraints suggest that the chosen mapping will yield a better timing.
Related violations: <none>

SYNTH-5#45 Warning
Mapped onto distributed RAM because of timing constraints  
The instance cpu/u_dmem/ram_reg_256_511_20_20 is implemented as distributed LUT RAM for the following reason: The timing constraints suggest that the chosen mapping will yield a better timing.
Related violations: <none>

SYNTH-5#46 Warning
Mapped onto distributed RAM because of timing constraints  
The instance cpu/u_dmem/ram_reg_256_511_21_21 is implemented as distributed LUT RAM for the following reason: The timing constraints suggest that the chosen mapping will yield a better timing.
Related violations: <none>

SYNTH-5#47 Warning
Mapped onto distributed RAM because of timing constraints  
The instance cpu/u_dmem/ram_reg_256_511_22_22 is implemented as distributed LUT RAM for the following reason: The timing constraints suggest that the chosen mapping will yield a better timing.
Related violations: <none>

SYNTH-5#48 Warning
Mapped onto distributed RAM because of timing constraints  
The instance cpu/u_dmem/ram_reg_256_511_23_23 is implemented as distributed LUT RAM for the following reason: The timing constraints suggest that the chosen mapping will yield a better timing.
Related violations: <none>

SYNTH-5#49 Warning
Mapped onto distributed RAM because of timing constraints  
The instance cpu/u_dmem/ram_reg_256_511_24_24 is implemented as distributed LUT RAM for the following reason: The timing constraints suggest that the chosen mapping will yield a better timing.
Related violations: <none>

SYNTH-5#50 Warning
Mapped onto distributed RAM because of timing constraints  
The instance cpu/u_dmem/ram_reg_256_511_25_25 is implemented as distributed LUT RAM for the following reason: The timing constraints suggest that the chosen mapping will yield a better timing.
Related violations: <none>

SYNTH-5#51 Warning
Mapped onto distributed RAM because of timing constraints  
The instance cpu/u_dmem/ram_reg_256_511_26_26 is implemented as distributed LUT RAM for the following reason: The timing constraints suggest that the chosen mapping will yield a better timing.
Related violations: <none>

SYNTH-5#52 Warning
Mapped onto distributed RAM because of timing constraints  
The instance cpu/u_dmem/ram_reg_256_511_27_27 is implemented as distributed LUT RAM for the following reason: The timing constraints suggest that the chosen mapping will yield a better timing.
Related violations: <none>

SYNTH-5#53 Warning
Mapped onto distributed RAM because of timing constraints  
The instance cpu/u_dmem/ram_reg_256_511_28_28 is implemented as distributed LUT RAM for the following reason: The timing constraints suggest that the chosen mapping will yield a better timing.
Related violations: <none>

SYNTH-5#54 Warning
Mapped onto distributed RAM because of timing constraints  
The instance cpu/u_dmem/ram_reg_256_511_29_29 is implemented as distributed LUT RAM for the following reason: The timing constraints suggest that the chosen mapping will yield a better timing.
Related violations: <none>

SYNTH-5#55 Warning
Mapped onto distributed RAM because of timing constraints  
The instance cpu/u_dmem/ram_reg_256_511_2_2 is implemented as distributed LUT RAM for the following reason: The timing constraints suggest that the chosen mapping will yield a better timing.
Related violations: <none>

SYNTH-5#56 Warning
Mapped onto distributed RAM because of timing constraints  
The instance cpu/u_dmem/ram_reg_256_511_30_30 is implemented as distributed LUT RAM for the following reason: The timing constraints suggest that the chosen mapping will yield a better timing.
Related violations: <none>

SYNTH-5#57 Warning
Mapped onto distributed RAM because of timing constraints  
The instance cpu/u_dmem/ram_reg_256_511_31_31 is implemented as distributed LUT RAM for the following reason: The timing constraints suggest that the chosen mapping will yield a better timing.
Related violations: <none>

SYNTH-5#58 Warning
Mapped onto distributed RAM because of timing constraints  
The instance cpu/u_dmem/ram_reg_256_511_3_3 is implemented as distributed LUT RAM for the following reason: The timing constraints suggest that the chosen mapping will yield a better timing.
Related violations: <none>

SYNTH-5#59 Warning
Mapped onto distributed RAM because of timing constraints  
The instance cpu/u_dmem/ram_reg_256_511_4_4 is implemented as distributed LUT RAM for the following reason: The timing constraints suggest that the chosen mapping will yield a better timing.
Related violations: <none>

SYNTH-5#60 Warning
Mapped onto distributed RAM because of timing constraints  
The instance cpu/u_dmem/ram_reg_256_511_5_5 is implemented as distributed LUT RAM for the following reason: The timing constraints suggest that the chosen mapping will yield a better timing.
Related violations: <none>

SYNTH-5#61 Warning
Mapped onto distributed RAM because of timing constraints  
The instance cpu/u_dmem/ram_reg_256_511_6_6 is implemented as distributed LUT RAM for the following reason: The timing constraints suggest that the chosen mapping will yield a better timing.
Related violations: <none>

SYNTH-5#62 Warning
Mapped onto distributed RAM because of timing constraints  
The instance cpu/u_dmem/ram_reg_256_511_7_7 is implemented as distributed LUT RAM for the following reason: The timing constraints suggest that the chosen mapping will yield a better timing.
Related violations: <none>

SYNTH-5#63 Warning
Mapped onto distributed RAM because of timing constraints  
The instance cpu/u_dmem/ram_reg_256_511_8_8 is implemented as distributed LUT RAM for the following reason: The timing constraints suggest that the chosen mapping will yield a better timing.
Related violations: <none>

SYNTH-5#64 Warning
Mapped onto distributed RAM because of timing constraints  
The instance cpu/u_dmem/ram_reg_256_511_9_9 is implemented as distributed LUT RAM for the following reason: The timing constraints suggest that the chosen mapping will yield a better timing.
Related violations: <none>

TIMING-16#1 Warning
Large setup violation  
There is a large setup violation of -1.019 ns between cpu/u_pc/pc_reg[18]/C (clocked by sys_clk) and cpu/u_dmem/ram_reg_0_255_29_29/RAMS64E_A/ADR1 (clocked by sys_clk). Large setup violations at the end of those stages might be difficult to fix during the post-placement implementation flow and could be the result of non-optimal XDC constraints or non-optimal design architecture
Related violations: <none>

TIMING-16#2 Warning
Large setup violation  
There is a large setup violation of -1.019 ns between cpu/u_pc/pc_reg[18]/C (clocked by sys_clk) and cpu/u_dmem/ram_reg_0_255_29_29/RAMS64E_B/ADR1 (clocked by sys_clk). Large setup violations at the end of those stages might be difficult to fix during the post-placement implementation flow and could be the result of non-optimal XDC constraints or non-optimal design architecture
Related violations: <none>

TIMING-16#3 Warning
Large setup violation  
There is a large setup violation of -1.019 ns between cpu/u_pc/pc_reg[18]/C (clocked by sys_clk) and cpu/u_dmem/ram_reg_0_255_29_29/RAMS64E_C/ADR1 (clocked by sys_clk). Large setup violations at the end of those stages might be difficult to fix during the post-placement implementation flow and could be the result of non-optimal XDC constraints or non-optimal design architecture
Related violations: <none>

TIMING-16#4 Warning
Large setup violation  
There is a large setup violation of -1.019 ns between cpu/u_pc/pc_reg[18]/C (clocked by sys_clk) and cpu/u_dmem/ram_reg_0_255_29_29/RAMS64E_D/ADR1 (clocked by sys_clk). Large setup violations at the end of those stages might be difficult to fix during the post-placement implementation flow and could be the result of non-optimal XDC constraints or non-optimal design architecture
Related violations: <none>

TIMING-16#5 Warning
Large setup violation  
There is a large setup violation of -1.070 ns between cpu/u_pc/pc_reg[18]/C (clocked by sys_clk) and cpu/u_dmem/ram_reg_0_255_25_25/RAMS64E_A/ADR2 (clocked by sys_clk). Large setup violations at the end of those stages might be difficult to fix during the post-placement implementation flow and could be the result of non-optimal XDC constraints or non-optimal design architecture
Related violations: <none>

TIMING-16#6 Warning
Large setup violation  
There is a large setup violation of -1.070 ns between cpu/u_pc/pc_reg[18]/C (clocked by sys_clk) and cpu/u_dmem/ram_reg_0_255_25_25/RAMS64E_B/ADR2 (clocked by sys_clk). Large setup violations at the end of those stages might be difficult to fix during the post-placement implementation flow and could be the result of non-optimal XDC constraints or non-optimal design architecture
Related violations: <none>

TIMING-16#7 Warning
Large setup violation  
There is a large setup violation of -1.070 ns between cpu/u_pc/pc_reg[18]/C (clocked by sys_clk) and cpu/u_dmem/ram_reg_0_255_25_25/RAMS64E_C/ADR2 (clocked by sys_clk). Large setup violations at the end of those stages might be difficult to fix during the post-placement implementation flow and could be the result of non-optimal XDC constraints or non-optimal design architecture
Related violations: <none>

TIMING-16#8 Warning
Large setup violation  
There is a large setup violation of -1.070 ns between cpu/u_pc/pc_reg[18]/C (clocked by sys_clk) and cpu/u_dmem/ram_reg_0_255_25_25/RAMS64E_D/ADR2 (clocked by sys_clk). Large setup violations at the end of those stages might be difficult to fix during the post-placement implementation flow and could be the result of non-optimal XDC constraints or non-optimal design architecture
Related violations: <none>

TIMING-16#9 Warning
Large setup violation  
There is a large setup violation of -1.113 ns between cpu/u_pc/pc_reg[18]/C (clocked by sys_clk) and cpu/u_dmem/ram_reg_0_255_22_22/RAMS64E_A/ADR0 (clocked by sys_clk). Large setup violations at the end of those stages might be difficult to fix during the post-placement implementation flow and could be the result of non-optimal XDC constraints or non-optimal design architecture
Related violations: <none>

TIMING-16#10 Warning
Large setup violation  
There is a large setup violation of -1.113 ns between cpu/u_pc/pc_reg[18]/C (clocked by sys_clk) and cpu/u_dmem/ram_reg_0_255_22_22/RAMS64E_B/ADR0 (clocked by sys_clk). Large setup violations at the end of those stages might be difficult to fix during the post-placement implementation flow and could be the result of non-optimal XDC constraints or non-optimal design architecture
Related violations: <none>

TIMING-16#11 Warning
Large setup violation  
There is a large setup violation of -1.113 ns between cpu/u_pc/pc_reg[18]/C (clocked by sys_clk) and cpu/u_dmem/ram_reg_0_255_22_22/RAMS64E_C/ADR0 (clocked by sys_clk). Large setup violations at the end of those stages might be difficult to fix during the post-placement implementation flow and could be the result of non-optimal XDC constraints or non-optimal design architecture
Related violations: <none>

TIMING-16#12 Warning
Large setup violation  
There is a large setup violation of -1.113 ns between cpu/u_pc/pc_reg[18]/C (clocked by sys_clk) and cpu/u_dmem/ram_reg_0_255_22_22/RAMS64E_D/ADR0 (clocked by sys_clk). Large setup violations at the end of those stages might be difficult to fix during the post-placement implementation flow and could be the result of non-optimal XDC constraints or non-optimal design architecture
Related violations: <none>

TIMING-16#13 Warning
Large setup violation  
There is a large setup violation of -1.149 ns between cpu/u_pc/pc_reg[18]/C (clocked by sys_clk) and cpu/u_dmem/ram_reg_0_255_25_25/RAMS64E_A/ADR4 (clocked by sys_clk). Large setup violations at the end of those stages might be difficult to fix during the post-placement implementation flow and could be the result of non-optimal XDC constraints or non-optimal design architecture
Related violations: <none>

TIMING-16#14 Warning
Large setup violation  
There is a large setup violation of -1.149 ns between cpu/u_pc/pc_reg[18]/C (clocked by sys_clk) and cpu/u_dmem/ram_reg_0_255_25_25/RAMS64E_B/ADR4 (clocked by sys_clk). Large setup violations at the end of those stages might be difficult to fix during the post-placement implementation flow and could be the result of non-optimal XDC constraints or non-optimal design architecture
Related violations: <none>

TIMING-16#15 Warning
Large setup violation  
There is a large setup violation of -1.149 ns between cpu/u_pc/pc_reg[18]/C (clocked by sys_clk) and cpu/u_dmem/ram_reg_0_255_25_25/RAMS64E_C/ADR4 (clocked by sys_clk). Large setup violations at the end of those stages might be difficult to fix during the post-placement implementation flow and could be the result of non-optimal XDC constraints or non-optimal design architecture
Related violations: <none>

TIMING-16#16 Warning
Large setup violation  
There is a large setup violation of -1.149 ns between cpu/u_pc/pc_reg[18]/C (clocked by sys_clk) and cpu/u_dmem/ram_reg_0_255_25_25/RAMS64E_D/ADR4 (clocked by sys_clk). Large setup violations at the end of those stages might be difficult to fix during the post-placement implementation flow and could be the result of non-optimal XDC constraints or non-optimal design architecture
Related violations: <none>

TIMING-16#17 Warning
Large setup violation  
There is a large setup violation of -1.170 ns between cpu/u_pc/pc_reg[18]/C (clocked by sys_clk) and cpu/u_dmem/ram_reg_0_255_28_28/RAMS64E_A/ADR2 (clocked by sys_clk). Large setup violations at the end of those stages might be difficult to fix during the post-placement implementation flow and could be the result of non-optimal XDC constraints or non-optimal design architecture
Related violations: <none>

TIMING-16#18 Warning
Large setup violation  
There is a large setup violation of -1.170 ns between cpu/u_pc/pc_reg[18]/C (clocked by sys_clk) and cpu/u_dmem/ram_reg_0_255_28_28/RAMS64E_B/ADR2 (clocked by sys_clk). Large setup violations at the end of those stages might be difficult to fix during the post-placement implementation flow and could be the result of non-optimal XDC constraints or non-optimal design architecture
Related violations: <none>

TIMING-16#19 Warning
Large setup violation  
There is a large setup violation of -1.170 ns between cpu/u_pc/pc_reg[18]/C (clocked by sys_clk) and cpu/u_dmem/ram_reg_0_255_28_28/RAMS64E_C/ADR2 (clocked by sys_clk). Large setup violations at the end of those stages might be difficult to fix during the post-placement implementation flow and could be the result of non-optimal XDC constraints or non-optimal design architecture
Related violations: <none>

TIMING-16#20 Warning
Large setup violation  
There is a large setup violation of -1.170 ns between cpu/u_pc/pc_reg[18]/C (clocked by sys_clk) and cpu/u_dmem/ram_reg_0_255_28_28/RAMS64E_D/ADR2 (clocked by sys_clk). Large setup violations at the end of those stages might be difficult to fix during the post-placement implementation flow and could be the result of non-optimal XDC constraints or non-optimal design architecture
Related violations: <none>

TIMING-16#21 Warning
Large setup violation  
There is a large setup violation of -1.219 ns between cpu/u_pc/pc_reg[18]/C (clocked by sys_clk) and cpu/u_dmem/ram_reg_0_255_24_24/RAMS64E_A/ADR1 (clocked by sys_clk). Large setup violations at the end of those stages might be difficult to fix during the post-placement implementation flow and could be the result of non-optimal XDC constraints or non-optimal design architecture
Related violations: <none>

TIMING-16#22 Warning
Large setup violation  
There is a large setup violation of -1.219 ns between cpu/u_pc/pc_reg[18]/C (clocked by sys_clk) and cpu/u_dmem/ram_reg_0_255_24_24/RAMS64E_B/ADR1 (clocked by sys_clk). Large setup violations at the end of those stages might be difficult to fix during the post-placement implementation flow and could be the result of non-optimal XDC constraints or non-optimal design architecture
Related violations: <none>

TIMING-16#23 Warning
Large setup violation  
There is a large setup violation of -1.219 ns between cpu/u_pc/pc_reg[18]/C (clocked by sys_clk) and cpu/u_dmem/ram_reg_0_255_24_24/RAMS64E_C/ADR1 (clocked by sys_clk). Large setup violations at the end of those stages might be difficult to fix during the post-placement implementation flow and could be the result of non-optimal XDC constraints or non-optimal design architecture
Related violations: <none>

TIMING-16#24 Warning
Large setup violation  
There is a large setup violation of -1.219 ns between cpu/u_pc/pc_reg[18]/C (clocked by sys_clk) and cpu/u_dmem/ram_reg_0_255_24_24/RAMS64E_D/ADR1 (clocked by sys_clk). Large setup violations at the end of those stages might be difficult to fix during the post-placement implementation flow and could be the result of non-optimal XDC constraints or non-optimal design architecture
Related violations: <none>

TIMING-16#25 Warning
Large setup violation  
There is a large setup violation of -1.227 ns between cpu/u_pc/pc_reg[18]/C (clocked by sys_clk) and cpu/u_dmem/ram_reg_0_255_30_30/RAMS64E_A/ADR2 (clocked by sys_clk). Large setup violations at the end of those stages might be difficult to fix during the post-placement implementation flow and could be the result of non-optimal XDC constraints or non-optimal design architecture
Related violations: <none>

TIMING-16#26 Warning
Large setup violation  
There is a large setup violation of -1.227 ns between cpu/u_pc/pc_reg[18]/C (clocked by sys_clk) and cpu/u_dmem/ram_reg_0_255_30_30/RAMS64E_B/ADR2 (clocked by sys_clk). Large setup violations at the end of those stages might be difficult to fix during the post-placement implementation flow and could be the result of non-optimal XDC constraints or non-optimal design architecture
Related violations: <none>

TIMING-16#27 Warning
Large setup violation  
There is a large setup violation of -1.227 ns between cpu/u_pc/pc_reg[18]/C (clocked by sys_clk) and cpu/u_dmem/ram_reg_0_255_30_30/RAMS64E_C/ADR2 (clocked by sys_clk). Large setup violations at the end of those stages might be difficult to fix during the post-placement implementation flow and could be the result of non-optimal XDC constraints or non-optimal design architecture
Related violations: <none>

TIMING-16#28 Warning
Large setup violation  
There is a large setup violation of -1.227 ns between cpu/u_pc/pc_reg[18]/C (clocked by sys_clk) and cpu/u_dmem/ram_reg_0_255_30_30/RAMS64E_D/ADR2 (clocked by sys_clk). Large setup violations at the end of those stages might be difficult to fix during the post-placement implementation flow and could be the result of non-optimal XDC constraints or non-optimal design architecture
Related violations: <none>

TIMING-16#29 Warning
Large setup violation  
There is a large setup violation of -1.233 ns between cpu/u_pc/pc_reg[18]/C (clocked by sys_clk) and cpu/u_dmem/ram_reg_0_255_26_26/RAMS64E_A/ADR3 (clocked by sys_clk). Large setup violations at the end of those stages might be difficult to fix during the post-placement implementation flow and could be the result of non-optimal XDC constraints or non-optimal design architecture
Related violations: <none>

TIMING-16#30 Warning
Large setup violation  
There is a large setup violation of -1.233 ns between cpu/u_pc/pc_reg[18]/C (clocked by sys_clk) and cpu/u_dmem/ram_reg_0_255_26_26/RAMS64E_B/ADR3 (clocked by sys_clk). Large setup violations at the end of those stages might be difficult to fix during the post-placement implementation flow and could be the result of non-optimal XDC constraints or non-optimal design architecture
Related violations: <none>

TIMING-16#31 Warning
Large setup violation  
There is a large setup violation of -1.233 ns between cpu/u_pc/pc_reg[18]/C (clocked by sys_clk) and cpu/u_dmem/ram_reg_0_255_26_26/RAMS64E_C/ADR3 (clocked by sys_clk). Large setup violations at the end of those stages might be difficult to fix during the post-placement implementation flow and could be the result of non-optimal XDC constraints or non-optimal design architecture
Related violations: <none>

TIMING-16#32 Warning
Large setup violation  
There is a large setup violation of -1.233 ns between cpu/u_pc/pc_reg[18]/C (clocked by sys_clk) and cpu/u_dmem/ram_reg_0_255_26_26/RAMS64E_D/ADR3 (clocked by sys_clk). Large setup violations at the end of those stages might be difficult to fix during the post-placement implementation flow and could be the result of non-optimal XDC constraints or non-optimal design architecture
Related violations: <none>

TIMING-16#33 Warning
Large setup violation  
There is a large setup violation of -1.247 ns between cpu/u_pc/pc_reg[18]/C (clocked by sys_clk) and cpu/u_dmem/ram_reg_0_255_28_28/RAMS64E_A/ADR1 (clocked by sys_clk). Large setup violations at the end of those stages might be difficult to fix during the post-placement implementation flow and could be the result of non-optimal XDC constraints or non-optimal design architecture
Related violations: <none>

TIMING-16#34 Warning
Large setup violation  
There is a large setup violation of -1.247 ns between cpu/u_pc/pc_reg[18]/C (clocked by sys_clk) and cpu/u_dmem/ram_reg_0_255_28_28/RAMS64E_B/ADR1 (clocked by sys_clk). Large setup violations at the end of those stages might be difficult to fix during the post-placement implementation flow and could be the result of non-optimal XDC constraints or non-optimal design architecture
Related violations: <none>

TIMING-16#35 Warning
Large setup violation  
There is a large setup violation of -1.247 ns between cpu/u_pc/pc_reg[18]/C (clocked by sys_clk) and cpu/u_dmem/ram_reg_0_255_28_28/RAMS64E_C/ADR1 (clocked by sys_clk). Large setup violations at the end of those stages might be difficult to fix during the post-placement implementation flow and could be the result of non-optimal XDC constraints or non-optimal design architecture
Related violations: <none>

TIMING-16#36 Warning
Large setup violation  
There is a large setup violation of -1.247 ns between cpu/u_pc/pc_reg[18]/C (clocked by sys_clk) and cpu/u_dmem/ram_reg_0_255_28_28/RAMS64E_D/ADR1 (clocked by sys_clk). Large setup violations at the end of those stages might be difficult to fix during the post-placement implementation flow and could be the result of non-optimal XDC constraints or non-optimal design architecture
Related violations: <none>

TIMING-16#37 Warning
Large setup violation  
There is a large setup violation of -1.263 ns between cpu/u_pc/pc_reg[18]/C (clocked by sys_clk) and cpu/u_dmem/ram_reg_0_255_22_22/RAMS64E_A/ADR4 (clocked by sys_clk). Large setup violations at the end of those stages might be difficult to fix during the post-placement implementation flow and could be the result of non-optimal XDC constraints or non-optimal design architecture
Related violations: <none>

TIMING-16#38 Warning
Large setup violation  
There is a large setup violation of -1.263 ns between cpu/u_pc/pc_reg[18]/C (clocked by sys_clk) and cpu/u_dmem/ram_reg_0_255_22_22/RAMS64E_B/ADR4 (clocked by sys_clk). Large setup violations at the end of those stages might be difficult to fix during the post-placement implementation flow and could be the result of non-optimal XDC constraints or non-optimal design architecture
Related violations: <none>

TIMING-16#39 Warning
Large setup violation  
There is a large setup violation of -1.263 ns between cpu/u_pc/pc_reg[18]/C (clocked by sys_clk) and cpu/u_dmem/ram_reg_0_255_22_22/RAMS64E_C/ADR4 (clocked by sys_clk). Large setup violations at the end of those stages might be difficult to fix during the post-placement implementation flow and could be the result of non-optimal XDC constraints or non-optimal design architecture
Related violations: <none>

TIMING-16#40 Warning
Large setup violation  
There is a large setup violation of -1.263 ns between cpu/u_pc/pc_reg[18]/C (clocked by sys_clk) and cpu/u_dmem/ram_reg_0_255_22_22/RAMS64E_D/ADR4 (clocked by sys_clk). Large setup violations at the end of those stages might be difficult to fix during the post-placement implementation flow and could be the result of non-optimal XDC constraints or non-optimal design architecture
Related violations: <none>

TIMING-16#41 Warning
Large setup violation  
There is a large setup violation of -1.274 ns between cpu/u_pc/pc_reg[18]/C (clocked by sys_clk) and cpu/u_dmem/ram_reg_0_255_25_25/RAMS64E_A/ADR3 (clocked by sys_clk). Large setup violations at the end of those stages might be difficult to fix during the post-placement implementation flow and could be the result of non-optimal XDC constraints or non-optimal design architecture
Related violations: <none>

TIMING-16#42 Warning
Large setup violation  
There is a large setup violation of -1.274 ns between cpu/u_pc/pc_reg[18]/C (clocked by sys_clk) and cpu/u_dmem/ram_reg_0_255_25_25/RAMS64E_B/ADR3 (clocked by sys_clk). Large setup violations at the end of those stages might be difficult to fix during the post-placement implementation flow and could be the result of non-optimal XDC constraints or non-optimal design architecture
Related violations: <none>

TIMING-16#43 Warning
Large setup violation  
There is a large setup violation of -1.274 ns between cpu/u_pc/pc_reg[18]/C (clocked by sys_clk) and cpu/u_dmem/ram_reg_0_255_25_25/RAMS64E_C/ADR3 (clocked by sys_clk). Large setup violations at the end of those stages might be difficult to fix during the post-placement implementation flow and could be the result of non-optimal XDC constraints or non-optimal design architecture
Related violations: <none>

TIMING-16#44 Warning
Large setup violation  
There is a large setup violation of -1.274 ns between cpu/u_pc/pc_reg[18]/C (clocked by sys_clk) and cpu/u_dmem/ram_reg_0_255_25_25/RAMS64E_D/ADR3 (clocked by sys_clk). Large setup violations at the end of those stages might be difficult to fix during the post-placement implementation flow and could be the result of non-optimal XDC constraints or non-optimal design architecture
Related violations: <none>

TIMING-16#45 Warning
Large setup violation  
There is a large setup violation of -1.274 ns between cpu/u_pc/pc_reg[18]/C (clocked by sys_clk) and cpu/u_dmem/ram_reg_0_255_29_29/RAMS64E_A/ADR4 (clocked by sys_clk). Large setup violations at the end of those stages might be difficult to fix during the post-placement implementation flow and could be the result of non-optimal XDC constraints or non-optimal design architecture
Related violations: <none>

TIMING-16#46 Warning
Large setup violation  
There is a large setup violation of -1.274 ns between cpu/u_pc/pc_reg[18]/C (clocked by sys_clk) and cpu/u_dmem/ram_reg_0_255_29_29/RAMS64E_B/ADR4 (clocked by sys_clk). Large setup violations at the end of those stages might be difficult to fix during the post-placement implementation flow and could be the result of non-optimal XDC constraints or non-optimal design architecture
Related violations: <none>

TIMING-16#47 Warning
Large setup violation  
There is a large setup violation of -1.274 ns between cpu/u_pc/pc_reg[18]/C (clocked by sys_clk) and cpu/u_dmem/ram_reg_0_255_29_29/RAMS64E_C/ADR4 (clocked by sys_clk). Large setup violations at the end of those stages might be difficult to fix during the post-placement implementation flow and could be the result of non-optimal XDC constraints or non-optimal design architecture
Related violations: <none>

TIMING-16#48 Warning
Large setup violation  
There is a large setup violation of -1.274 ns between cpu/u_pc/pc_reg[18]/C (clocked by sys_clk) and cpu/u_dmem/ram_reg_0_255_29_29/RAMS64E_D/ADR4 (clocked by sys_clk). Large setup violations at the end of those stages might be difficult to fix during the post-placement implementation flow and could be the result of non-optimal XDC constraints or non-optimal design architecture
Related violations: <none>

TIMING-16#49 Warning
Large setup violation  
There is a large setup violation of -1.278 ns between cpu/u_pc/pc_reg[18]/C (clocked by sys_clk) and cpu/u_dmem/ram_reg_0_255_25_25/RAMS64E_A/ADR0 (clocked by sys_clk). Large setup violations at the end of those stages might be difficult to fix during the post-placement implementation flow and could be the result of non-optimal XDC constraints or non-optimal design architecture
Related violations: <none>

TIMING-16#50 Warning
Large setup violation  
There is a large setup violation of -1.278 ns between cpu/u_pc/pc_reg[18]/C (clocked by sys_clk) and cpu/u_dmem/ram_reg_0_255_25_25/RAMS64E_B/ADR0 (clocked by sys_clk). Large setup violations at the end of those stages might be difficult to fix during the post-placement implementation flow and could be the result of non-optimal XDC constraints or non-optimal design architecture
Related violations: <none>

TIMING-16#51 Warning
Large setup violation  
There is a large setup violation of -1.278 ns between cpu/u_pc/pc_reg[18]/C (clocked by sys_clk) and cpu/u_dmem/ram_reg_0_255_25_25/RAMS64E_C/ADR0 (clocked by sys_clk). Large setup violations at the end of those stages might be difficult to fix during the post-placement implementation flow and could be the result of non-optimal XDC constraints or non-optimal design architecture
Related violations: <none>

TIMING-16#52 Warning
Large setup violation  
There is a large setup violation of -1.278 ns between cpu/u_pc/pc_reg[18]/C (clocked by sys_clk) and cpu/u_dmem/ram_reg_0_255_25_25/RAMS64E_D/ADR0 (clocked by sys_clk). Large setup violations at the end of those stages might be difficult to fix during the post-placement implementation flow and could be the result of non-optimal XDC constraints or non-optimal design architecture
Related violations: <none>

TIMING-16#53 Warning
Large setup violation  
There is a large setup violation of -1.282 ns between cpu/u_pc/pc_reg[18]/C (clocked by sys_clk) and cpu/u_dmem/ram_reg_0_255_31_31/RAMS64E_A/ADR2 (clocked by sys_clk). Large setup violations at the end of those stages might be difficult to fix during the post-placement implementation flow and could be the result of non-optimal XDC constraints or non-optimal design architecture
Related violations: <none>

TIMING-16#54 Warning
Large setup violation  
There is a large setup violation of -1.282 ns between cpu/u_pc/pc_reg[18]/C (clocked by sys_clk) and cpu/u_dmem/ram_reg_0_255_31_31/RAMS64E_B/ADR2 (clocked by sys_clk). Large setup violations at the end of those stages might be difficult to fix during the post-placement implementation flow and could be the result of non-optimal XDC constraints or non-optimal design architecture
Related violations: <none>

TIMING-16#55 Warning
Large setup violation  
There is a large setup violation of -1.282 ns between cpu/u_pc/pc_reg[18]/C (clocked by sys_clk) and cpu/u_dmem/ram_reg_0_255_31_31/RAMS64E_C/ADR2 (clocked by sys_clk). Large setup violations at the end of those stages might be difficult to fix during the post-placement implementation flow and could be the result of non-optimal XDC constraints or non-optimal design architecture
Related violations: <none>

TIMING-16#56 Warning
Large setup violation  
There is a large setup violation of -1.282 ns between cpu/u_pc/pc_reg[18]/C (clocked by sys_clk) and cpu/u_dmem/ram_reg_0_255_31_31/RAMS64E_D/ADR2 (clocked by sys_clk). Large setup violations at the end of those stages might be difficult to fix during the post-placement implementation flow and could be the result of non-optimal XDC constraints or non-optimal design architecture
Related violations: <none>

TIMING-16#57 Warning
Large setup violation  
There is a large setup violation of -1.292 ns between cpu/u_pc/pc_reg[18]/C (clocked by sys_clk) and cpu/u_dmem/ram_reg_0_255_25_25/RAMS64E_A/ADR5 (clocked by sys_clk). Large setup violations at the end of those stages might be difficult to fix during the post-placement implementation flow and could be the result of non-optimal XDC constraints or non-optimal design architecture
Related violations: <none>

TIMING-16#58 Warning
Large setup violation  
There is a large setup violation of -1.292 ns between cpu/u_pc/pc_reg[18]/C (clocked by sys_clk) and cpu/u_dmem/ram_reg_0_255_25_25/RAMS64E_B/ADR5 (clocked by sys_clk). Large setup violations at the end of those stages might be difficult to fix during the post-placement implementation flow and could be the result of non-optimal XDC constraints or non-optimal design architecture
Related violations: <none>

TIMING-16#59 Warning
Large setup violation  
There is a large setup violation of -1.292 ns between cpu/u_pc/pc_reg[18]/C (clocked by sys_clk) and cpu/u_dmem/ram_reg_0_255_25_25/RAMS64E_C/ADR5 (clocked by sys_clk). Large setup violations at the end of those stages might be difficult to fix during the post-placement implementation flow and could be the result of non-optimal XDC constraints or non-optimal design architecture
Related violations: <none>

TIMING-16#60 Warning
Large setup violation  
There is a large setup violation of -1.292 ns between cpu/u_pc/pc_reg[18]/C (clocked by sys_clk) and cpu/u_dmem/ram_reg_0_255_25_25/RAMS64E_D/ADR5 (clocked by sys_clk). Large setup violations at the end of those stages might be difficult to fix during the post-placement implementation flow and could be the result of non-optimal XDC constraints or non-optimal design architecture
Related violations: <none>

TIMING-16#61 Warning
Large setup violation  
There is a large setup violation of -1.295 ns between cpu/u_pc/pc_reg[18]/C (clocked by sys_clk) and cpu/u_dmem/ram_reg_0_255_26_26/RAMS64E_A/ADR1 (clocked by sys_clk). Large setup violations at the end of those stages might be difficult to fix during the post-placement implementation flow and could be the result of non-optimal XDC constraints or non-optimal design architecture
Related violations: <none>

TIMING-16#62 Warning
Large setup violation  
There is a large setup violation of -1.295 ns between cpu/u_pc/pc_reg[18]/C (clocked by sys_clk) and cpu/u_dmem/ram_reg_0_255_26_26/RAMS64E_B/ADR1 (clocked by sys_clk). Large setup violations at the end of those stages might be difficult to fix during the post-placement implementation flow and could be the result of non-optimal XDC constraints or non-optimal design architecture
Related violations: <none>

TIMING-16#63 Warning
Large setup violation  
There is a large setup violation of -1.295 ns between cpu/u_pc/pc_reg[18]/C (clocked by sys_clk) and cpu/u_dmem/ram_reg_0_255_26_26/RAMS64E_C/ADR1 (clocked by sys_clk). Large setup violations at the end of those stages might be difficult to fix during the post-placement implementation flow and could be the result of non-optimal XDC constraints or non-optimal design architecture
Related violations: <none>

TIMING-16#64 Warning
Large setup violation  
There is a large setup violation of -1.295 ns between cpu/u_pc/pc_reg[18]/C (clocked by sys_clk) and cpu/u_dmem/ram_reg_0_255_26_26/RAMS64E_D/ADR1 (clocked by sys_clk). Large setup violations at the end of those stages might be difficult to fix during the post-placement implementation flow and could be the result of non-optimal XDC constraints or non-optimal design architecture
Related violations: <none>

TIMING-16#65 Warning
Large setup violation  
There is a large setup violation of -1.298 ns between cpu/u_pc/pc_reg[18]/C (clocked by sys_clk) and cpu/u_dmem/ram_reg_0_255_29_29/RAMS64E_A/ADR5 (clocked by sys_clk). Large setup violations at the end of those stages might be difficult to fix during the post-placement implementation flow and could be the result of non-optimal XDC constraints or non-optimal design architecture
Related violations: <none>

TIMING-16#66 Warning
Large setup violation  
There is a large setup violation of -1.298 ns between cpu/u_pc/pc_reg[18]/C (clocked by sys_clk) and cpu/u_dmem/ram_reg_0_255_29_29/RAMS64E_B/ADR5 (clocked by sys_clk). Large setup violations at the end of those stages might be difficult to fix during the post-placement implementation flow and could be the result of non-optimal XDC constraints or non-optimal design architecture
Related violations: <none>

TIMING-16#67 Warning
Large setup violation  
There is a large setup violation of -1.298 ns between cpu/u_pc/pc_reg[18]/C (clocked by sys_clk) and cpu/u_dmem/ram_reg_0_255_29_29/RAMS64E_C/ADR5 (clocked by sys_clk). Large setup violations at the end of those stages might be difficult to fix during the post-placement implementation flow and could be the result of non-optimal XDC constraints or non-optimal design architecture
Related violations: <none>

TIMING-16#68 Warning
Large setup violation  
There is a large setup violation of -1.298 ns between cpu/u_pc/pc_reg[18]/C (clocked by sys_clk) and cpu/u_dmem/ram_reg_0_255_29_29/RAMS64E_D/ADR5 (clocked by sys_clk). Large setup violations at the end of those stages might be difficult to fix during the post-placement implementation flow and could be the result of non-optimal XDC constraints or non-optimal design architecture
Related violations: <none>

TIMING-16#69 Warning
Large setup violation  
There is a large setup violation of -1.307 ns between cpu/u_pc/pc_reg[18]/C (clocked by sys_clk) and cpu/u_dmem/ram_reg_0_255_26_26/RAMS64E_A/ADR2 (clocked by sys_clk). Large setup violations at the end of those stages might be difficult to fix during the post-placement implementation flow and could be the result of non-optimal XDC constraints or non-optimal design architecture
Related violations: <none>

TIMING-16#70 Warning
Large setup violation  
There is a large setup violation of -1.307 ns between cpu/u_pc/pc_reg[18]/C (clocked by sys_clk) and cpu/u_dmem/ram_reg_0_255_26_26/RAMS64E_B/ADR2 (clocked by sys_clk). Large setup violations at the end of those stages might be difficult to fix during the post-placement implementation flow and could be the result of non-optimal XDC constraints or non-optimal design architecture
Related violations: <none>

TIMING-16#71 Warning
Large setup violation  
There is a large setup violation of -1.307 ns between cpu/u_pc/pc_reg[18]/C (clocked by sys_clk) and cpu/u_dmem/ram_reg_0_255_26_26/RAMS64E_C/ADR2 (clocked by sys_clk). Large setup violations at the end of those stages might be difficult to fix during the post-placement implementation flow and could be the result of non-optimal XDC constraints or non-optimal design architecture
Related violations: <none>

TIMING-16#72 Warning
Large setup violation  
There is a large setup violation of -1.307 ns between cpu/u_pc/pc_reg[18]/C (clocked by sys_clk) and cpu/u_dmem/ram_reg_0_255_26_26/RAMS64E_D/ADR2 (clocked by sys_clk). Large setup violations at the end of those stages might be difficult to fix during the post-placement implementation flow and could be the result of non-optimal XDC constraints or non-optimal design architecture
Related violations: <none>

TIMING-16#73 Warning
Large setup violation  
There is a large setup violation of -1.312 ns between cpu/u_pc/pc_reg[18]/C (clocked by sys_clk) and cpu/u_dmem/ram_reg_0_255_21_21/RAMS64E_A/ADR1 (clocked by sys_clk). Large setup violations at the end of those stages might be difficult to fix during the post-placement implementation flow and could be the result of non-optimal XDC constraints or non-optimal design architecture
Related violations: <none>

TIMING-16#74 Warning
Large setup violation  
There is a large setup violation of -1.312 ns between cpu/u_pc/pc_reg[18]/C (clocked by sys_clk) and cpu/u_dmem/ram_reg_0_255_21_21/RAMS64E_B/ADR1 (clocked by sys_clk). Large setup violations at the end of those stages might be difficult to fix during the post-placement implementation flow and could be the result of non-optimal XDC constraints or non-optimal design architecture
Related violations: <none>

TIMING-16#75 Warning
Large setup violation  
There is a large setup violation of -1.312 ns between cpu/u_pc/pc_reg[18]/C (clocked by sys_clk) and cpu/u_dmem/ram_reg_0_255_21_21/RAMS64E_C/ADR1 (clocked by sys_clk). Large setup violations at the end of those stages might be difficult to fix during the post-placement implementation flow and could be the result of non-optimal XDC constraints or non-optimal design architecture
Related violations: <none>

TIMING-16#76 Warning
Large setup violation  
There is a large setup violation of -1.312 ns between cpu/u_pc/pc_reg[18]/C (clocked by sys_clk) and cpu/u_dmem/ram_reg_0_255_21_21/RAMS64E_D/ADR1 (clocked by sys_clk). Large setup violations at the end of those stages might be difficult to fix during the post-placement implementation flow and could be the result of non-optimal XDC constraints or non-optimal design architecture
Related violations: <none>

TIMING-16#77 Warning
Large setup violation  
There is a large setup violation of -1.320 ns between cpu/u_pc/pc_reg[18]/C (clocked by sys_clk) and cpu/u_dmem/ram_reg_0_255_27_27/RAMS64E_A/ADR3 (clocked by sys_clk). Large setup violations at the end of those stages might be difficult to fix during the post-placement implementation flow and could be the result of non-optimal XDC constraints or non-optimal design architecture
Related violations: <none>

TIMING-16#78 Warning
Large setup violation  
There is a large setup violation of -1.320 ns between cpu/u_pc/pc_reg[18]/C (clocked by sys_clk) and cpu/u_dmem/ram_reg_0_255_27_27/RAMS64E_B/ADR3 (clocked by sys_clk). Large setup violations at the end of those stages might be difficult to fix during the post-placement implementation flow and could be the result of non-optimal XDC constraints or non-optimal design architecture
Related violations: <none>

TIMING-16#79 Warning
Large setup violation  
There is a large setup violation of -1.320 ns between cpu/u_pc/pc_reg[18]/C (clocked by sys_clk) and cpu/u_dmem/ram_reg_0_255_27_27/RAMS64E_C/ADR3 (clocked by sys_clk). Large setup violations at the end of those stages might be difficult to fix during the post-placement implementation flow and could be the result of non-optimal XDC constraints or non-optimal design architecture
Related violations: <none>

TIMING-16#80 Warning
Large setup violation  
There is a large setup violation of -1.320 ns between cpu/u_pc/pc_reg[18]/C (clocked by sys_clk) and cpu/u_dmem/ram_reg_0_255_27_27/RAMS64E_D/ADR3 (clocked by sys_clk). Large setup violations at the end of those stages might be difficult to fix during the post-placement implementation flow and could be the result of non-optimal XDC constraints or non-optimal design architecture
Related violations: <none>

TIMING-16#81 Warning
Large setup violation  
There is a large setup violation of -1.322 ns between cpu/u_pc/pc_reg[18]/C (clocked by sys_clk) and cpu/u_dmem/ram_reg_0_255_30_30/RAMS64E_A/ADR5 (clocked by sys_clk). Large setup violations at the end of those stages might be difficult to fix during the post-placement implementation flow and could be the result of non-optimal XDC constraints or non-optimal design architecture
Related violations: <none>

TIMING-16#82 Warning
Large setup violation  
There is a large setup violation of -1.322 ns between cpu/u_pc/pc_reg[18]/C (clocked by sys_clk) and cpu/u_dmem/ram_reg_0_255_30_30/RAMS64E_B/ADR5 (clocked by sys_clk). Large setup violations at the end of those stages might be difficult to fix during the post-placement implementation flow and could be the result of non-optimal XDC constraints or non-optimal design architecture
Related violations: <none>

TIMING-16#83 Warning
Large setup violation  
There is a large setup violation of -1.322 ns between cpu/u_pc/pc_reg[18]/C (clocked by sys_clk) and cpu/u_dmem/ram_reg_0_255_30_30/RAMS64E_C/ADR5 (clocked by sys_clk). Large setup violations at the end of those stages might be difficult to fix during the post-placement implementation flow and could be the result of non-optimal XDC constraints or non-optimal design architecture
Related violations: <none>

TIMING-16#84 Warning
Large setup violation  
There is a large setup violation of -1.322 ns between cpu/u_pc/pc_reg[18]/C (clocked by sys_clk) and cpu/u_dmem/ram_reg_0_255_30_30/RAMS64E_D/ADR5 (clocked by sys_clk). Large setup violations at the end of those stages might be difficult to fix during the post-placement implementation flow and could be the result of non-optimal XDC constraints or non-optimal design architecture
Related violations: <none>

TIMING-16#85 Warning
Large setup violation  
There is a large setup violation of -1.328 ns between cpu/u_pc/pc_reg[18]/C (clocked by sys_clk) and cpu/u_dmem/ram_reg_0_255_23_23/RAMS64E_A/ADR2 (clocked by sys_clk). Large setup violations at the end of those stages might be difficult to fix during the post-placement implementation flow and could be the result of non-optimal XDC constraints or non-optimal design architecture
Related violations: <none>

TIMING-16#86 Warning
Large setup violation  
There is a large setup violation of -1.328 ns between cpu/u_pc/pc_reg[18]/C (clocked by sys_clk) and cpu/u_dmem/ram_reg_0_255_23_23/RAMS64E_B/ADR2 (clocked by sys_clk). Large setup violations at the end of those stages might be difficult to fix during the post-placement implementation flow and could be the result of non-optimal XDC constraints or non-optimal design architecture
Related violations: <none>

TIMING-16#87 Warning
Large setup violation  
There is a large setup violation of -1.328 ns between cpu/u_pc/pc_reg[18]/C (clocked by sys_clk) and cpu/u_dmem/ram_reg_0_255_23_23/RAMS64E_C/ADR2 (clocked by sys_clk). Large setup violations at the end of those stages might be difficult to fix during the post-placement implementation flow and could be the result of non-optimal XDC constraints or non-optimal design architecture
Related violations: <none>

TIMING-16#88 Warning
Large setup violation  
There is a large setup violation of -1.328 ns between cpu/u_pc/pc_reg[18]/C (clocked by sys_clk) and cpu/u_dmem/ram_reg_0_255_23_23/RAMS64E_D/ADR2 (clocked by sys_clk). Large setup violations at the end of those stages might be difficult to fix during the post-placement implementation flow and could be the result of non-optimal XDC constraints or non-optimal design architecture
Related violations: <none>

TIMING-16#89 Warning
Large setup violation  
There is a large setup violation of -1.330 ns between cpu/u_pc/pc_reg[18]/C (clocked by sys_clk) and cpu/u_dmem/ram_reg_0_255_20_20/RAMS64E_A/ADR3 (clocked by sys_clk). Large setup violations at the end of those stages might be difficult to fix during the post-placement implementation flow and could be the result of non-optimal XDC constraints or non-optimal design architecture
Related violations: <none>

TIMING-16#90 Warning
Large setup violation  
There is a large setup violation of -1.330 ns between cpu/u_pc/pc_reg[18]/C (clocked by sys_clk) and cpu/u_dmem/ram_reg_0_255_20_20/RAMS64E_B/ADR3 (clocked by sys_clk). Large setup violations at the end of those stages might be difficult to fix during the post-placement implementation flow and could be the result of non-optimal XDC constraints or non-optimal design architecture
Related violations: <none>

TIMING-16#91 Warning
Large setup violation  
There is a large setup violation of -1.330 ns between cpu/u_pc/pc_reg[18]/C (clocked by sys_clk) and cpu/u_dmem/ram_reg_0_255_20_20/RAMS64E_C/ADR3 (clocked by sys_clk). Large setup violations at the end of those stages might be difficult to fix during the post-placement implementation flow and could be the result of non-optimal XDC constraints or non-optimal design architecture
Related violations: <none>

TIMING-16#92 Warning
Large setup violation  
There is a large setup violation of -1.330 ns between cpu/u_pc/pc_reg[18]/C (clocked by sys_clk) and cpu/u_dmem/ram_reg_0_255_20_20/RAMS64E_D/ADR3 (clocked by sys_clk). Large setup violations at the end of those stages might be difficult to fix during the post-placement implementation flow and could be the result of non-optimal XDC constraints or non-optimal design architecture
Related violations: <none>

TIMING-16#93 Warning
Large setup violation  
There is a large setup violation of -1.333 ns between cpu/u_pc/pc_reg[18]/C (clocked by sys_clk) and cpu/u_dmem/ram_reg_0_255_24_24/RAMS64E_A/ADR5 (clocked by sys_clk). Large setup violations at the end of those stages might be difficult to fix during the post-placement implementation flow and could be the result of non-optimal XDC constraints or non-optimal design architecture
Related violations: <none>

TIMING-16#94 Warning
Large setup violation  
There is a large setup violation of -1.333 ns between cpu/u_pc/pc_reg[18]/C (clocked by sys_clk) and cpu/u_dmem/ram_reg_0_255_24_24/RAMS64E_B/ADR5 (clocked by sys_clk). Large setup violations at the end of those stages might be difficult to fix during the post-placement implementation flow and could be the result of non-optimal XDC constraints or non-optimal design architecture
Related violations: <none>

TIMING-16#95 Warning
Large setup violation  
There is a large setup violation of -1.333 ns between cpu/u_pc/pc_reg[18]/C (clocked by sys_clk) and cpu/u_dmem/ram_reg_0_255_24_24/RAMS64E_C/ADR5 (clocked by sys_clk). Large setup violations at the end of those stages might be difficult to fix during the post-placement implementation flow and could be the result of non-optimal XDC constraints or non-optimal design architecture
Related violations: <none>

TIMING-16#96 Warning
Large setup violation  
There is a large setup violation of -1.333 ns between cpu/u_pc/pc_reg[18]/C (clocked by sys_clk) and cpu/u_dmem/ram_reg_0_255_24_24/RAMS64E_D/ADR5 (clocked by sys_clk). Large setup violations at the end of those stages might be difficult to fix during the post-placement implementation flow and could be the result of non-optimal XDC constraints or non-optimal design architecture
Related violations: <none>

TIMING-16#97 Warning
Large setup violation  
There is a large setup violation of -1.336 ns between cpu/u_pc/pc_reg[18]/C (clocked by sys_clk) and cpu/u_dmem/ram_reg_0_255_21_21/RAMS64E_A/ADR2 (clocked by sys_clk). Large setup violations at the end of those stages might be difficult to fix during the post-placement implementation flow and could be the result of non-optimal XDC constraints or non-optimal design architecture
Related violations: <none>

TIMING-16#98 Warning
Large setup violation  
There is a large setup violation of -1.336 ns between cpu/u_pc/pc_reg[18]/C (clocked by sys_clk) and cpu/u_dmem/ram_reg_0_255_21_21/RAMS64E_B/ADR2 (clocked by sys_clk). Large setup violations at the end of those stages might be difficult to fix during the post-placement implementation flow and could be the result of non-optimal XDC constraints or non-optimal design architecture
Related violations: <none>

TIMING-16#99 Warning
Large setup violation  
There is a large setup violation of -1.336 ns between cpu/u_pc/pc_reg[18]/C (clocked by sys_clk) and cpu/u_dmem/ram_reg_0_255_21_21/RAMS64E_C/ADR2 (clocked by sys_clk). Large setup violations at the end of those stages might be difficult to fix during the post-placement implementation flow and could be the result of non-optimal XDC constraints or non-optimal design architecture
Related violations: <none>

TIMING-16#100 Warning
Large setup violation  
There is a large setup violation of -1.336 ns between cpu/u_pc/pc_reg[18]/C (clocked by sys_clk) and cpu/u_dmem/ram_reg_0_255_21_21/RAMS64E_D/ADR2 (clocked by sys_clk). Large setup violations at the end of those stages might be difficult to fix during the post-placement implementation flow and could be the result of non-optimal XDC constraints or non-optimal design architecture
Related violations: <none>

TIMING-16#101 Warning
Large setup violation  
There is a large setup violation of -1.339 ns between cpu/u_pc/pc_reg[18]/C (clocked by sys_clk) and cpu/u_dmem/ram_reg_0_255_17_17/RAMS64E_A/ADR3 (clocked by sys_clk). Large setup violations at the end of those stages might be difficult to fix during the post-placement implementation flow and could be the result of non-optimal XDC constraints or non-optimal design architecture
Related violations: <none>

TIMING-16#102 Warning
Large setup violation  
There is a large setup violation of -1.339 ns between cpu/u_pc/pc_reg[18]/C (clocked by sys_clk) and cpu/u_dmem/ram_reg_0_255_17_17/RAMS64E_B/ADR3 (clocked by sys_clk). Large setup violations at the end of those stages might be difficult to fix during the post-placement implementation flow and could be the result of non-optimal XDC constraints or non-optimal design architecture
Related violations: <none>

TIMING-16#103 Warning
Large setup violation  
There is a large setup violation of -1.339 ns between cpu/u_pc/pc_reg[18]/C (clocked by sys_clk) and cpu/u_dmem/ram_reg_0_255_17_17/RAMS64E_C/ADR3 (clocked by sys_clk). Large setup violations at the end of those stages might be difficult to fix during the post-placement implementation flow and could be the result of non-optimal XDC constraints or non-optimal design architecture
Related violations: <none>

TIMING-16#104 Warning
Large setup violation  
There is a large setup violation of -1.339 ns between cpu/u_pc/pc_reg[18]/C (clocked by sys_clk) and cpu/u_dmem/ram_reg_0_255_17_17/RAMS64E_D/ADR3 (clocked by sys_clk). Large setup violations at the end of those stages might be difficult to fix during the post-placement implementation flow and could be the result of non-optimal XDC constraints or non-optimal design architecture
Related violations: <none>

TIMING-16#105 Warning
Large setup violation  
There is a large setup violation of -1.339 ns between cpu/u_pc/pc_reg[18]/C (clocked by sys_clk) and cpu/u_dmem/ram_reg_0_255_26_26/RAMS64E_A/ADR4 (clocked by sys_clk). Large setup violations at the end of those stages might be difficult to fix during the post-placement implementation flow and could be the result of non-optimal XDC constraints or non-optimal design architecture
Related violations: <none>

TIMING-16#106 Warning
Large setup violation  
There is a large setup violation of -1.339 ns between cpu/u_pc/pc_reg[18]/C (clocked by sys_clk) and cpu/u_dmem/ram_reg_0_255_26_26/RAMS64E_B/ADR4 (clocked by sys_clk). Large setup violations at the end of those stages might be difficult to fix during the post-placement implementation flow and could be the result of non-optimal XDC constraints or non-optimal design architecture
Related violations: <none>

TIMING-16#107 Warning
Large setup violation  
There is a large setup violation of -1.339 ns between cpu/u_pc/pc_reg[18]/C (clocked by sys_clk) and cpu/u_dmem/ram_reg_0_255_26_26/RAMS64E_C/ADR4 (clocked by sys_clk). Large setup violations at the end of those stages might be difficult to fix during the post-placement implementation flow and could be the result of non-optimal XDC constraints or non-optimal design architecture
Related violations: <none>

TIMING-16#108 Warning
Large setup violation  
There is a large setup violation of -1.339 ns between cpu/u_pc/pc_reg[18]/C (clocked by sys_clk) and cpu/u_dmem/ram_reg_0_255_26_26/RAMS64E_D/ADR4 (clocked by sys_clk). Large setup violations at the end of those stages might be difficult to fix during the post-placement implementation flow and could be the result of non-optimal XDC constraints or non-optimal design architecture
Related violations: <none>

TIMING-16#109 Warning
Large setup violation  
There is a large setup violation of -1.348 ns between cpu/u_pc/pc_reg[18]/C (clocked by sys_clk) and cpu/u_dmem/ram_reg_0_255_26_26/RAMS64E_A/ADR5 (clocked by sys_clk). Large setup violations at the end of those stages might be difficult to fix during the post-placement implementation flow and could be the result of non-optimal XDC constraints or non-optimal design architecture
Related violations: <none>

TIMING-16#110 Warning
Large setup violation  
There is a large setup violation of -1.348 ns between cpu/u_pc/pc_reg[18]/C (clocked by sys_clk) and cpu/u_dmem/ram_reg_0_255_26_26/RAMS64E_B/ADR5 (clocked by sys_clk). Large setup violations at the end of those stages might be difficult to fix during the post-placement implementation flow and could be the result of non-optimal XDC constraints or non-optimal design architecture
Related violations: <none>

TIMING-16#111 Warning
Large setup violation  
There is a large setup violation of -1.348 ns between cpu/u_pc/pc_reg[18]/C (clocked by sys_clk) and cpu/u_dmem/ram_reg_0_255_26_26/RAMS64E_C/ADR5 (clocked by sys_clk). Large setup violations at the end of those stages might be difficult to fix during the post-placement implementation flow and could be the result of non-optimal XDC constraints or non-optimal design architecture
Related violations: <none>

TIMING-16#112 Warning
Large setup violation  
There is a large setup violation of -1.348 ns between cpu/u_pc/pc_reg[18]/C (clocked by sys_clk) and cpu/u_dmem/ram_reg_0_255_26_26/RAMS64E_D/ADR5 (clocked by sys_clk). Large setup violations at the end of those stages might be difficult to fix during the post-placement implementation flow and could be the result of non-optimal XDC constraints or non-optimal design architecture
Related violations: <none>

TIMING-16#113 Warning
Large setup violation  
There is a large setup violation of -1.351 ns between cpu/u_pc/pc_reg[18]/C (clocked by sys_clk) and cpu/u_dmem/ram_reg_0_255_31_31/RAMS64E_A/ADR1 (clocked by sys_clk). Large setup violations at the end of those stages might be difficult to fix during the post-placement implementation flow and could be the result of non-optimal XDC constraints or non-optimal design architecture
Related violations: <none>

TIMING-16#114 Warning
Large setup violation  
There is a large setup violation of -1.351 ns between cpu/u_pc/pc_reg[18]/C (clocked by sys_clk) and cpu/u_dmem/ram_reg_0_255_31_31/RAMS64E_B/ADR1 (clocked by sys_clk). Large setup violations at the end of those stages might be difficult to fix during the post-placement implementation flow and could be the result of non-optimal XDC constraints or non-optimal design architecture
Related violations: <none>

TIMING-16#115 Warning
Large setup violation  
There is a large setup violation of -1.351 ns between cpu/u_pc/pc_reg[18]/C (clocked by sys_clk) and cpu/u_dmem/ram_reg_0_255_31_31/RAMS64E_C/ADR1 (clocked by sys_clk). Large setup violations at the end of those stages might be difficult to fix during the post-placement implementation flow and could be the result of non-optimal XDC constraints or non-optimal design architecture
Related violations: <none>

TIMING-16#116 Warning
Large setup violation  
There is a large setup violation of -1.351 ns between cpu/u_pc/pc_reg[18]/C (clocked by sys_clk) and cpu/u_dmem/ram_reg_0_255_31_31/RAMS64E_D/ADR1 (clocked by sys_clk). Large setup violations at the end of those stages might be difficult to fix during the post-placement implementation flow and could be the result of non-optimal XDC constraints or non-optimal design architecture
Related violations: <none>

TIMING-16#117 Warning
Large setup violation  
There is a large setup violation of -1.352 ns between cpu/u_pc/pc_reg[18]/C (clocked by sys_clk) and cpu/u_dmem/ram_reg_0_255_22_22/RAMS64E_A/ADR3 (clocked by sys_clk). Large setup violations at the end of those stages might be difficult to fix during the post-placement implementation flow and could be the result of non-optimal XDC constraints or non-optimal design architecture
Related violations: <none>

TIMING-16#118 Warning
Large setup violation  
There is a large setup violation of -1.352 ns between cpu/u_pc/pc_reg[18]/C (clocked by sys_clk) and cpu/u_dmem/ram_reg_0_255_22_22/RAMS64E_B/ADR3 (clocked by sys_clk). Large setup violations at the end of those stages might be difficult to fix during the post-placement implementation flow and could be the result of non-optimal XDC constraints or non-optimal design architecture
Related violations: <none>

TIMING-16#119 Warning
Large setup violation  
There is a large setup violation of -1.352 ns between cpu/u_pc/pc_reg[18]/C (clocked by sys_clk) and cpu/u_dmem/ram_reg_0_255_22_22/RAMS64E_C/ADR3 (clocked by sys_clk). Large setup violations at the end of those stages might be difficult to fix during the post-placement implementation flow and could be the result of non-optimal XDC constraints or non-optimal design architecture
Related violations: <none>

TIMING-16#120 Warning
Large setup violation  
There is a large setup violation of -1.352 ns between cpu/u_pc/pc_reg[18]/C (clocked by sys_clk) and cpu/u_dmem/ram_reg_0_255_22_22/RAMS64E_D/ADR3 (clocked by sys_clk). Large setup violations at the end of those stages might be difficult to fix during the post-placement implementation flow and could be the result of non-optimal XDC constraints or non-optimal design architecture
Related violations: <none>

TIMING-16#121 Warning
Large setup violation  
There is a large setup violation of -1.380 ns between cpu/u_pc/pc_reg[18]/C (clocked by sys_clk) and cpu/u_dmem/ram_reg_0_255_3_3/RAMS64E_A/ADR5 (clocked by sys_clk). Large setup violations at the end of those stages might be difficult to fix during the post-placement implementation flow and could be the result of non-optimal XDC constraints or non-optimal design architecture
Related violations: <none>

TIMING-16#122 Warning
Large setup violation  
There is a large setup violation of -1.380 ns between cpu/u_pc/pc_reg[18]/C (clocked by sys_clk) and cpu/u_dmem/ram_reg_0_255_3_3/RAMS64E_B/ADR5 (clocked by sys_clk). Large setup violations at the end of those stages might be difficult to fix during the post-placement implementation flow and could be the result of non-optimal XDC constraints or non-optimal design architecture
Related violations: <none>

TIMING-16#123 Warning
Large setup violation  
There is a large setup violation of -1.380 ns between cpu/u_pc/pc_reg[18]/C (clocked by sys_clk) and cpu/u_dmem/ram_reg_0_255_3_3/RAMS64E_C/ADR5 (clocked by sys_clk). Large setup violations at the end of those stages might be difficult to fix during the post-placement implementation flow and could be the result of non-optimal XDC constraints or non-optimal design architecture
Related violations: <none>

TIMING-16#124 Warning
Large setup violation  
There is a large setup violation of -1.380 ns between cpu/u_pc/pc_reg[18]/C (clocked by sys_clk) and cpu/u_dmem/ram_reg_0_255_3_3/RAMS64E_D/ADR5 (clocked by sys_clk). Large setup violations at the end of those stages might be difficult to fix during the post-placement implementation flow and could be the result of non-optimal XDC constraints or non-optimal design architecture
Related violations: <none>

TIMING-16#125 Warning
Large setup violation  
There is a large setup violation of -1.384 ns between cpu/u_pc/pc_reg[18]/C (clocked by sys_clk) and cpu/u_dmem/ram_reg_0_255_0_0/RAMS64E_A/ADR5 (clocked by sys_clk). Large setup violations at the end of those stages might be difficult to fix during the post-placement implementation flow and could be the result of non-optimal XDC constraints or non-optimal design architecture
Related violations: <none>

TIMING-16#126 Warning
Large setup violation  
There is a large setup violation of -1.384 ns between cpu/u_pc/pc_reg[18]/C (clocked by sys_clk) and cpu/u_dmem/ram_reg_0_255_0_0/RAMS64E_B/ADR5 (clocked by sys_clk). Large setup violations at the end of those stages might be difficult to fix during the post-placement implementation flow and could be the result of non-optimal XDC constraints or non-optimal design architecture
Related violations: <none>

TIMING-16#127 Warning
Large setup violation  
There is a large setup violation of -1.384 ns between cpu/u_pc/pc_reg[18]/C (clocked by sys_clk) and cpu/u_dmem/ram_reg_0_255_0_0/RAMS64E_C/ADR5 (clocked by sys_clk). Large setup violations at the end of those stages might be difficult to fix during the post-placement implementation flow and could be the result of non-optimal XDC constraints or non-optimal design architecture
Related violations: <none>

TIMING-16#128 Warning
Large setup violation  
There is a large setup violation of -1.384 ns between cpu/u_pc/pc_reg[18]/C (clocked by sys_clk) and cpu/u_dmem/ram_reg_0_255_0_0/RAMS64E_D/ADR5 (clocked by sys_clk). Large setup violations at the end of those stages might be difficult to fix during the post-placement implementation flow and could be the result of non-optimal XDC constraints or non-optimal design architecture
Related violations: <none>

TIMING-16#129 Warning
Large setup violation  
There is a large setup violation of -1.385 ns between cpu/u_pc/pc_reg[18]/C (clocked by sys_clk) and cpu/u_dmem/ram_reg_0_255_1_1/RAMS64E_A/ADR4 (clocked by sys_clk). Large setup violations at the end of those stages might be difficult to fix during the post-placement implementation flow and could be the result of non-optimal XDC constraints or non-optimal design architecture
Related violations: <none>

TIMING-16#130 Warning
Large setup violation  
There is a large setup violation of -1.385 ns between cpu/u_pc/pc_reg[18]/C (clocked by sys_clk) and cpu/u_dmem/ram_reg_0_255_1_1/RAMS64E_B/ADR4 (clocked by sys_clk). Large setup violations at the end of those stages might be difficult to fix during the post-placement implementation flow and could be the result of non-optimal XDC constraints or non-optimal design architecture
Related violations: <none>

TIMING-16#131 Warning
Large setup violation  
There is a large setup violation of -1.385 ns between cpu/u_pc/pc_reg[18]/C (clocked by sys_clk) and cpu/u_dmem/ram_reg_0_255_1_1/RAMS64E_C/ADR4 (clocked by sys_clk). Large setup violations at the end of those stages might be difficult to fix during the post-placement implementation flow and could be the result of non-optimal XDC constraints or non-optimal design architecture
Related violations: <none>

TIMING-16#132 Warning
Large setup violation  
There is a large setup violation of -1.385 ns between cpu/u_pc/pc_reg[18]/C (clocked by sys_clk) and cpu/u_dmem/ram_reg_0_255_1_1/RAMS64E_D/ADR4 (clocked by sys_clk). Large setup violations at the end of those stages might be difficult to fix during the post-placement implementation flow and could be the result of non-optimal XDC constraints or non-optimal design architecture
Related violations: <none>

TIMING-16#133 Warning
Large setup violation  
There is a large setup violation of -1.391 ns between cpu/u_pc/pc_reg[18]/C (clocked by sys_clk) and cpu/u_dmem/ram_reg_0_255_25_25/RAMS64E_A/ADR1 (clocked by sys_clk). Large setup violations at the end of those stages might be difficult to fix during the post-placement implementation flow and could be the result of non-optimal XDC constraints or non-optimal design architecture
Related violations: <none>

TIMING-16#134 Warning
Large setup violation  
There is a large setup violation of -1.391 ns between cpu/u_pc/pc_reg[18]/C (clocked by sys_clk) and cpu/u_dmem/ram_reg_0_255_25_25/RAMS64E_B/ADR1 (clocked by sys_clk). Large setup violations at the end of those stages might be difficult to fix during the post-placement implementation flow and could be the result of non-optimal XDC constraints or non-optimal design architecture
Related violations: <none>

TIMING-16#135 Warning
Large setup violation  
There is a large setup violation of -1.391 ns between cpu/u_pc/pc_reg[18]/C (clocked by sys_clk) and cpu/u_dmem/ram_reg_0_255_25_25/RAMS64E_C/ADR1 (clocked by sys_clk). Large setup violations at the end of those stages might be difficult to fix during the post-placement implementation flow and could be the result of non-optimal XDC constraints or non-optimal design architecture
Related violations: <none>

TIMING-16#136 Warning
Large setup violation  
There is a large setup violation of -1.391 ns between cpu/u_pc/pc_reg[18]/C (clocked by sys_clk) and cpu/u_dmem/ram_reg_0_255_25_25/RAMS64E_D/ADR1 (clocked by sys_clk). Large setup violations at the end of those stages might be difficult to fix during the post-placement implementation flow and could be the result of non-optimal XDC constraints or non-optimal design architecture
Related violations: <none>

TIMING-16#137 Warning
Large setup violation  
There is a large setup violation of -1.393 ns between cpu/u_pc/pc_reg[18]/C (clocked by sys_clk) and cpu/u_dmem/ram_reg_0_255_19_19/RAMS64E_A/ADR4 (clocked by sys_clk). Large setup violations at the end of those stages might be difficult to fix during the post-placement implementation flow and could be the result of non-optimal XDC constraints or non-optimal design architecture
Related violations: <none>

TIMING-16#138 Warning
Large setup violation  
There is a large setup violation of -1.393 ns between cpu/u_pc/pc_reg[18]/C (clocked by sys_clk) and cpu/u_dmem/ram_reg_0_255_19_19/RAMS64E_B/ADR4 (clocked by sys_clk). Large setup violations at the end of those stages might be difficult to fix during the post-placement implementation flow and could be the result of non-optimal XDC constraints or non-optimal design architecture
Related violations: <none>

TIMING-16#139 Warning
Large setup violation  
There is a large setup violation of -1.393 ns between cpu/u_pc/pc_reg[18]/C (clocked by sys_clk) and cpu/u_dmem/ram_reg_0_255_19_19/RAMS64E_C/ADR4 (clocked by sys_clk). Large setup violations at the end of those stages might be difficult to fix during the post-placement implementation flow and could be the result of non-optimal XDC constraints or non-optimal design architecture
Related violations: <none>

TIMING-16#140 Warning
Large setup violation  
There is a large setup violation of -1.393 ns between cpu/u_pc/pc_reg[18]/C (clocked by sys_clk) and cpu/u_dmem/ram_reg_0_255_19_19/RAMS64E_D/ADR4 (clocked by sys_clk). Large setup violations at the end of those stages might be difficult to fix during the post-placement implementation flow and could be the result of non-optimal XDC constraints or non-optimal design architecture
Related violations: <none>

TIMING-16#141 Warning
Large setup violation  
There is a large setup violation of -1.394 ns between cpu/u_pc/pc_reg[18]/C (clocked by sys_clk) and cpu/u_dmem/ram_reg_0_255_4_4/RAMS64E_A/ADR5 (clocked by sys_clk). Large setup violations at the end of those stages might be difficult to fix during the post-placement implementation flow and could be the result of non-optimal XDC constraints or non-optimal design architecture
Related violations: <none>

TIMING-16#142 Warning
Large setup violation  
There is a large setup violation of -1.394 ns between cpu/u_pc/pc_reg[18]/C (clocked by sys_clk) and cpu/u_dmem/ram_reg_0_255_4_4/RAMS64E_B/ADR5 (clocked by sys_clk). Large setup violations at the end of those stages might be difficult to fix during the post-placement implementation flow and could be the result of non-optimal XDC constraints or non-optimal design architecture
Related violations: <none>

TIMING-16#143 Warning
Large setup violation  
There is a large setup violation of -1.394 ns between cpu/u_pc/pc_reg[18]/C (clocked by sys_clk) and cpu/u_dmem/ram_reg_0_255_4_4/RAMS64E_C/ADR5 (clocked by sys_clk). Large setup violations at the end of those stages might be difficult to fix during the post-placement implementation flow and could be the result of non-optimal XDC constraints or non-optimal design architecture
Related violations: <none>

TIMING-16#144 Warning
Large setup violation  
There is a large setup violation of -1.394 ns between cpu/u_pc/pc_reg[18]/C (clocked by sys_clk) and cpu/u_dmem/ram_reg_0_255_4_4/RAMS64E_D/ADR5 (clocked by sys_clk). Large setup violations at the end of those stages might be difficult to fix during the post-placement implementation flow and could be the result of non-optimal XDC constraints or non-optimal design architecture
Related violations: <none>

TIMING-16#145 Warning
Large setup violation  
There is a large setup violation of -1.399 ns between cpu/u_pc/pc_reg[18]/C (clocked by sys_clk) and cpu/u_dmem/ram_reg_0_255_19_19/RAMS64E_A/ADR5 (clocked by sys_clk). Large setup violations at the end of those stages might be difficult to fix during the post-placement implementation flow and could be the result of non-optimal XDC constraints or non-optimal design architecture
Related violations: <none>

TIMING-16#146 Warning
Large setup violation  
There is a large setup violation of -1.399 ns between cpu/u_pc/pc_reg[18]/C (clocked by sys_clk) and cpu/u_dmem/ram_reg_0_255_19_19/RAMS64E_B/ADR5 (clocked by sys_clk). Large setup violations at the end of those stages might be difficult to fix during the post-placement implementation flow and could be the result of non-optimal XDC constraints or non-optimal design architecture
Related violations: <none>

TIMING-16#147 Warning
Large setup violation  
There is a large setup violation of -1.399 ns between cpu/u_pc/pc_reg[18]/C (clocked by sys_clk) and cpu/u_dmem/ram_reg_0_255_19_19/RAMS64E_C/ADR5 (clocked by sys_clk). Large setup violations at the end of those stages might be difficult to fix during the post-placement implementation flow and could be the result of non-optimal XDC constraints or non-optimal design architecture
Related violations: <none>

TIMING-16#148 Warning
Large setup violation  
There is a large setup violation of -1.399 ns between cpu/u_pc/pc_reg[18]/C (clocked by sys_clk) and cpu/u_dmem/ram_reg_0_255_19_19/RAMS64E_D/ADR5 (clocked by sys_clk). Large setup violations at the end of those stages might be difficult to fix during the post-placement implementation flow and could be the result of non-optimal XDC constraints or non-optimal design architecture
Related violations: <none>

TIMING-16#149 Warning
Large setup violation  
There is a large setup violation of -1.399 ns between cpu/u_pc/pc_reg[18]/C (clocked by sys_clk) and cpu/u_dmem/ram_reg_0_255_23_23/RAMS64E_A/ADR1 (clocked by sys_clk). Large setup violations at the end of those stages might be difficult to fix during the post-placement implementation flow and could be the result of non-optimal XDC constraints or non-optimal design architecture
Related violations: <none>

TIMING-16#150 Warning
Large setup violation  
There is a large setup violation of -1.399 ns between cpu/u_pc/pc_reg[18]/C (clocked by sys_clk) and cpu/u_dmem/ram_reg_0_255_23_23/RAMS64E_B/ADR1 (clocked by sys_clk). Large setup violations at the end of those stages might be difficult to fix during the post-placement implementation flow and could be the result of non-optimal XDC constraints or non-optimal design architecture
Related violations: <none>

TIMING-16#151 Warning
Large setup violation  
There is a large setup violation of -1.399 ns between cpu/u_pc/pc_reg[18]/C (clocked by sys_clk) and cpu/u_dmem/ram_reg_0_255_23_23/RAMS64E_C/ADR1 (clocked by sys_clk). Large setup violations at the end of those stages might be difficult to fix during the post-placement implementation flow and could be the result of non-optimal XDC constraints or non-optimal design architecture
Related violations: <none>

TIMING-16#152 Warning
Large setup violation  
There is a large setup violation of -1.399 ns between cpu/u_pc/pc_reg[18]/C (clocked by sys_clk) and cpu/u_dmem/ram_reg_0_255_23_23/RAMS64E_D/ADR1 (clocked by sys_clk). Large setup violations at the end of those stages might be difficult to fix during the post-placement implementation flow and could be the result of non-optimal XDC constraints or non-optimal design architecture
Related violations: <none>

TIMING-16#153 Warning
Large setup violation  
There is a large setup violation of -1.409 ns between cpu/u_pc/pc_reg[18]/C (clocked by sys_clk) and cpu/u_dmem/ram_reg_0_255_15_15/RAMS64E_A/ADR3 (clocked by sys_clk). Large setup violations at the end of those stages might be difficult to fix during the post-placement implementation flow and could be the result of non-optimal XDC constraints or non-optimal design architecture
Related violations: <none>

TIMING-16#154 Warning
Large setup violation  
There is a large setup violation of -1.409 ns between cpu/u_pc/pc_reg[18]/C (clocked by sys_clk) and cpu/u_dmem/ram_reg_0_255_15_15/RAMS64E_B/ADR3 (clocked by sys_clk). Large setup violations at the end of those stages might be difficult to fix during the post-placement implementation flow and could be the result of non-optimal XDC constraints or non-optimal design architecture
Related violations: <none>

TIMING-16#155 Warning
Large setup violation  
There is a large setup violation of -1.409 ns between cpu/u_pc/pc_reg[18]/C (clocked by sys_clk) and cpu/u_dmem/ram_reg_0_255_15_15/RAMS64E_C/ADR3 (clocked by sys_clk). Large setup violations at the end of those stages might be difficult to fix during the post-placement implementation flow and could be the result of non-optimal XDC constraints or non-optimal design architecture
Related violations: <none>

TIMING-16#156 Warning
Large setup violation  
There is a large setup violation of -1.409 ns between cpu/u_pc/pc_reg[18]/C (clocked by sys_clk) and cpu/u_dmem/ram_reg_0_255_15_15/RAMS64E_D/ADR3 (clocked by sys_clk). Large setup violations at the end of those stages might be difficult to fix during the post-placement implementation flow and could be the result of non-optimal XDC constraints or non-optimal design architecture
Related violations: <none>

TIMING-16#157 Warning
Large setup violation  
There is a large setup violation of -1.416 ns between cpu/u_pc/pc_reg[18]/C (clocked by sys_clk) and cpu/u_dmem/ram_reg_0_255_27_27/RAMS64E_A/ADR2 (clocked by sys_clk). Large setup violations at the end of those stages might be difficult to fix during the post-placement implementation flow and could be the result of non-optimal XDC constraints or non-optimal design architecture
Related violations: <none>

TIMING-16#158 Warning
Large setup violation  
There is a large setup violation of -1.416 ns between cpu/u_pc/pc_reg[18]/C (clocked by sys_clk) and cpu/u_dmem/ram_reg_0_255_27_27/RAMS64E_B/ADR2 (clocked by sys_clk). Large setup violations at the end of those stages might be difficult to fix during the post-placement implementation flow and could be the result of non-optimal XDC constraints or non-optimal design architecture
Related violations: <none>

TIMING-16#159 Warning
Large setup violation  
There is a large setup violation of -1.416 ns between cpu/u_pc/pc_reg[18]/C (clocked by sys_clk) and cpu/u_dmem/ram_reg_0_255_27_27/RAMS64E_C/ADR2 (clocked by sys_clk). Large setup violations at the end of those stages might be difficult to fix during the post-placement implementation flow and could be the result of non-optimal XDC constraints or non-optimal design architecture
Related violations: <none>

TIMING-16#160 Warning
Large setup violation  
There is a large setup violation of -1.416 ns between cpu/u_pc/pc_reg[18]/C (clocked by sys_clk) and cpu/u_dmem/ram_reg_0_255_27_27/RAMS64E_D/ADR2 (clocked by sys_clk). Large setup violations at the end of those stages might be difficult to fix during the post-placement implementation flow and could be the result of non-optimal XDC constraints or non-optimal design architecture
Related violations: <none>

TIMING-16#161 Warning
Large setup violation  
There is a large setup violation of -1.419 ns between cpu/u_pc/pc_reg[18]/C (clocked by sys_clk) and cpu/u_dmem/ram_reg_0_255_27_27/RAMS64E_A/ADR0 (clocked by sys_clk). Large setup violations at the end of those stages might be difficult to fix during the post-placement implementation flow and could be the result of non-optimal XDC constraints or non-optimal design architecture
Related violations: <none>

TIMING-16#162 Warning
Large setup violation  
There is a large setup violation of -1.419 ns between cpu/u_pc/pc_reg[18]/C (clocked by sys_clk) and cpu/u_dmem/ram_reg_0_255_27_27/RAMS64E_B/ADR0 (clocked by sys_clk). Large setup violations at the end of those stages might be difficult to fix during the post-placement implementation flow and could be the result of non-optimal XDC constraints or non-optimal design architecture
Related violations: <none>

TIMING-16#163 Warning
Large setup violation  
There is a large setup violation of -1.419 ns between cpu/u_pc/pc_reg[18]/C (clocked by sys_clk) and cpu/u_dmem/ram_reg_0_255_27_27/RAMS64E_C/ADR0 (clocked by sys_clk). Large setup violations at the end of those stages might be difficult to fix during the post-placement implementation flow and could be the result of non-optimal XDC constraints or non-optimal design architecture
Related violations: <none>

TIMING-16#164 Warning
Large setup violation  
There is a large setup violation of -1.419 ns between cpu/u_pc/pc_reg[18]/C (clocked by sys_clk) and cpu/u_dmem/ram_reg_0_255_27_27/RAMS64E_D/ADR0 (clocked by sys_clk). Large setup violations at the end of those stages might be difficult to fix during the post-placement implementation flow and could be the result of non-optimal XDC constraints or non-optimal design architecture
Related violations: <none>

TIMING-16#165 Warning
Large setup violation  
There is a large setup violation of -1.428 ns between cpu/u_pc/pc_reg[18]/C (clocked by sys_clk) and cpu/u_dmem/ram_reg_0_255_31_31/RAMS64E_A/ADR4 (clocked by sys_clk). Large setup violations at the end of those stages might be difficult to fix during the post-placement implementation flow and could be the result of non-optimal XDC constraints or non-optimal design architecture
Related violations: <none>

TIMING-16#166 Warning
Large setup violation  
There is a large setup violation of -1.428 ns between cpu/u_pc/pc_reg[18]/C (clocked by sys_clk) and cpu/u_dmem/ram_reg_0_255_31_31/RAMS64E_B/ADR4 (clocked by sys_clk). Large setup violations at the end of those stages might be difficult to fix during the post-placement implementation flow and could be the result of non-optimal XDC constraints or non-optimal design architecture
Related violations: <none>

TIMING-16#167 Warning
Large setup violation  
There is a large setup violation of -1.428 ns between cpu/u_pc/pc_reg[18]/C (clocked by sys_clk) and cpu/u_dmem/ram_reg_0_255_31_31/RAMS64E_C/ADR4 (clocked by sys_clk). Large setup violations at the end of those stages might be difficult to fix during the post-placement implementation flow and could be the result of non-optimal XDC constraints or non-optimal design architecture
Related violations: <none>

TIMING-16#168 Warning
Large setup violation  
There is a large setup violation of -1.428 ns between cpu/u_pc/pc_reg[18]/C (clocked by sys_clk) and cpu/u_dmem/ram_reg_0_255_31_31/RAMS64E_D/ADR4 (clocked by sys_clk). Large setup violations at the end of those stages might be difficult to fix during the post-placement implementation flow and could be the result of non-optimal XDC constraints or non-optimal design architecture
Related violations: <none>

TIMING-16#169 Warning
Large setup violation  
There is a large setup violation of -1.433 ns between cpu/u_pc/pc_reg[18]/C (clocked by sys_clk) and cpu/u_dmem/ram_reg_0_255_29_29/RAMS64E_A/ADR3 (clocked by sys_clk). Large setup violations at the end of those stages might be difficult to fix during the post-placement implementation flow and could be the result of non-optimal XDC constraints or non-optimal design architecture
Related violations: <none>

TIMING-16#170 Warning
Large setup violation  
There is a large setup violation of -1.433 ns between cpu/u_pc/pc_reg[18]/C (clocked by sys_clk) and cpu/u_dmem/ram_reg_0_255_29_29/RAMS64E_B/ADR3 (clocked by sys_clk). Large setup violations at the end of those stages might be difficult to fix during the post-placement implementation flow and could be the result of non-optimal XDC constraints or non-optimal design architecture
Related violations: <none>

TIMING-16#171 Warning
Large setup violation  
There is a large setup violation of -1.433 ns between cpu/u_pc/pc_reg[18]/C (clocked by sys_clk) and cpu/u_dmem/ram_reg_0_255_29_29/RAMS64E_C/ADR3 (clocked by sys_clk). Large setup violations at the end of those stages might be difficult to fix during the post-placement implementation flow and could be the result of non-optimal XDC constraints or non-optimal design architecture
Related violations: <none>

TIMING-16#172 Warning
Large setup violation  
There is a large setup violation of -1.433 ns between cpu/u_pc/pc_reg[18]/C (clocked by sys_clk) and cpu/u_dmem/ram_reg_0_255_29_29/RAMS64E_D/ADR3 (clocked by sys_clk). Large setup violations at the end of those stages might be difficult to fix during the post-placement implementation flow and could be the result of non-optimal XDC constraints or non-optimal design architecture
Related violations: <none>

TIMING-16#173 Warning
Large setup violation  
There is a large setup violation of -1.441 ns between cpu/u_pc/pc_reg[18]/C (clocked by sys_clk) and cpu/u_dmem/ram_reg_0_255_23_23/RAMS64E_A/ADR4 (clocked by sys_clk). Large setup violations at the end of those stages might be difficult to fix during the post-placement implementation flow and could be the result of non-optimal XDC constraints or non-optimal design architecture
Related violations: <none>

TIMING-16#174 Warning
Large setup violation  
There is a large setup violation of -1.441 ns between cpu/u_pc/pc_reg[18]/C (clocked by sys_clk) and cpu/u_dmem/ram_reg_0_255_23_23/RAMS64E_B/ADR4 (clocked by sys_clk). Large setup violations at the end of those stages might be difficult to fix during the post-placement implementation flow and could be the result of non-optimal XDC constraints or non-optimal design architecture
Related violations: <none>

TIMING-16#175 Warning
Large setup violation  
There is a large setup violation of -1.441 ns between cpu/u_pc/pc_reg[18]/C (clocked by sys_clk) and cpu/u_dmem/ram_reg_0_255_23_23/RAMS64E_C/ADR4 (clocked by sys_clk). Large setup violations at the end of those stages might be difficult to fix during the post-placement implementation flow and could be the result of non-optimal XDC constraints or non-optimal design architecture
Related violations: <none>

TIMING-16#176 Warning
Large setup violation  
There is a large setup violation of -1.441 ns between cpu/u_pc/pc_reg[18]/C (clocked by sys_clk) and cpu/u_dmem/ram_reg_0_255_23_23/RAMS64E_D/ADR4 (clocked by sys_clk). Large setup violations at the end of those stages might be difficult to fix during the post-placement implementation flow and could be the result of non-optimal XDC constraints or non-optimal design architecture
Related violations: <none>

TIMING-16#177 Warning
Large setup violation  
There is a large setup violation of -1.448 ns between cpu/u_pc/pc_reg[18]/C (clocked by sys_clk) and cpu/u_dmem/ram_reg_0_255_29_29/RAMS64E_A/ADR0 (clocked by sys_clk). Large setup violations at the end of those stages might be difficult to fix during the post-placement implementation flow and could be the result of non-optimal XDC constraints or non-optimal design architecture
Related violations: <none>

TIMING-16#178 Warning
Large setup violation  
There is a large setup violation of -1.448 ns between cpu/u_pc/pc_reg[18]/C (clocked by sys_clk) and cpu/u_dmem/ram_reg_0_255_29_29/RAMS64E_B/ADR0 (clocked by sys_clk). Large setup violations at the end of those stages might be difficult to fix during the post-placement implementation flow and could be the result of non-optimal XDC constraints or non-optimal design architecture
Related violations: <none>

TIMING-16#179 Warning
Large setup violation  
There is a large setup violation of -1.448 ns between cpu/u_pc/pc_reg[18]/C (clocked by sys_clk) and cpu/u_dmem/ram_reg_0_255_29_29/RAMS64E_C/ADR0 (clocked by sys_clk). Large setup violations at the end of those stages might be difficult to fix during the post-placement implementation flow and could be the result of non-optimal XDC constraints or non-optimal design architecture
Related violations: <none>

TIMING-16#180 Warning
Large setup violation  
There is a large setup violation of -1.448 ns between cpu/u_pc/pc_reg[18]/C (clocked by sys_clk) and cpu/u_dmem/ram_reg_0_255_29_29/RAMS64E_D/ADR0 (clocked by sys_clk). Large setup violations at the end of those stages might be difficult to fix during the post-placement implementation flow and could be the result of non-optimal XDC constraints or non-optimal design architecture
Related violations: <none>

TIMING-16#181 Warning
Large setup violation  
There is a large setup violation of -1.451 ns between cpu/u_pc/pc_reg[18]/C (clocked by sys_clk) and cpu/u_dmem/ram_reg_0_255_0_0/RAMS64E_A/ADR1 (clocked by sys_clk). Large setup violations at the end of those stages might be difficult to fix during the post-placement implementation flow and could be the result of non-optimal XDC constraints or non-optimal design architecture
Related violations: <none>

TIMING-16#182 Warning
Large setup violation  
There is a large setup violation of -1.451 ns between cpu/u_pc/pc_reg[18]/C (clocked by sys_clk) and cpu/u_dmem/ram_reg_0_255_0_0/RAMS64E_B/ADR1 (clocked by sys_clk). Large setup violations at the end of those stages might be difficult to fix during the post-placement implementation flow and could be the result of non-optimal XDC constraints or non-optimal design architecture
Related violations: <none>

TIMING-16#183 Warning
Large setup violation  
There is a large setup violation of -1.451 ns between cpu/u_pc/pc_reg[18]/C (clocked by sys_clk) and cpu/u_dmem/ram_reg_0_255_0_0/RAMS64E_C/ADR1 (clocked by sys_clk). Large setup violations at the end of those stages might be difficult to fix during the post-placement implementation flow and could be the result of non-optimal XDC constraints or non-optimal design architecture
Related violations: <none>

TIMING-16#184 Warning
Large setup violation  
There is a large setup violation of -1.451 ns between cpu/u_pc/pc_reg[18]/C (clocked by sys_clk) and cpu/u_dmem/ram_reg_0_255_0_0/RAMS64E_D/ADR1 (clocked by sys_clk). Large setup violations at the end of those stages might be difficult to fix during the post-placement implementation flow and could be the result of non-optimal XDC constraints or non-optimal design architecture
Related violations: <none>

TIMING-16#185 Warning
Large setup violation  
There is a large setup violation of -1.455 ns between cpu/u_pc/pc_reg[18]/C (clocked by sys_clk) and cpu/u_dmem/ram_reg_0_255_27_27/RAMS64E_A/ADR1 (clocked by sys_clk). Large setup violations at the end of those stages might be difficult to fix during the post-placement implementation flow and could be the result of non-optimal XDC constraints or non-optimal design architecture
Related violations: <none>

TIMING-16#186 Warning
Large setup violation  
There is a large setup violation of -1.455 ns between cpu/u_pc/pc_reg[18]/C (clocked by sys_clk) and cpu/u_dmem/ram_reg_0_255_27_27/RAMS64E_B/ADR1 (clocked by sys_clk). Large setup violations at the end of those stages might be difficult to fix during the post-placement implementation flow and could be the result of non-optimal XDC constraints or non-optimal design architecture
Related violations: <none>

TIMING-16#187 Warning
Large setup violation  
There is a large setup violation of -1.455 ns between cpu/u_pc/pc_reg[18]/C (clocked by sys_clk) and cpu/u_dmem/ram_reg_0_255_27_27/RAMS64E_C/ADR1 (clocked by sys_clk). Large setup violations at the end of those stages might be difficult to fix during the post-placement implementation flow and could be the result of non-optimal XDC constraints or non-optimal design architecture
Related violations: <none>

TIMING-16#188 Warning
Large setup violation  
There is a large setup violation of -1.455 ns between cpu/u_pc/pc_reg[18]/C (clocked by sys_clk) and cpu/u_dmem/ram_reg_0_255_27_27/RAMS64E_D/ADR1 (clocked by sys_clk). Large setup violations at the end of those stages might be difficult to fix during the post-placement implementation flow and could be the result of non-optimal XDC constraints or non-optimal design architecture
Related violations: <none>

TIMING-16#189 Warning
Large setup violation  
There is a large setup violation of -1.463 ns between cpu/u_pc/pc_reg[18]/C (clocked by sys_clk) and cpu/u_dmem/ram_reg_0_255_27_27/RAMS64E_A/WADR7 (clocked by sys_clk). Large setup violations at the end of those stages might be difficult to fix during the post-placement implementation flow and could be the result of non-optimal XDC constraints or non-optimal design architecture
Related violations: <none>

TIMING-16#190 Warning
Large setup violation  
There is a large setup violation of -1.463 ns between cpu/u_pc/pc_reg[18]/C (clocked by sys_clk) and cpu/u_dmem/ram_reg_0_255_27_27/RAMS64E_B/WADR7 (clocked by sys_clk). Large setup violations at the end of those stages might be difficult to fix during the post-placement implementation flow and could be the result of non-optimal XDC constraints or non-optimal design architecture
Related violations: <none>

TIMING-16#191 Warning
Large setup violation  
There is a large setup violation of -1.463 ns between cpu/u_pc/pc_reg[18]/C (clocked by sys_clk) and cpu/u_dmem/ram_reg_0_255_27_27/RAMS64E_C/WADR7 (clocked by sys_clk). Large setup violations at the end of those stages might be difficult to fix during the post-placement implementation flow and could be the result of non-optimal XDC constraints or non-optimal design architecture
Related violations: <none>

TIMING-16#192 Warning
Large setup violation  
There is a large setup violation of -1.463 ns between cpu/u_pc/pc_reg[18]/C (clocked by sys_clk) and cpu/u_dmem/ram_reg_0_255_27_27/RAMS64E_D/WADR7 (clocked by sys_clk). Large setup violations at the end of those stages might be difficult to fix during the post-placement implementation flow and could be the result of non-optimal XDC constraints or non-optimal design architecture
Related violations: <none>

TIMING-16#193 Warning
Large setup violation  
There is a large setup violation of -1.464 ns between cpu/u_pc/pc_reg[18]/C (clocked by sys_clk) and cpu/u_dmem/ram_reg_0_255_23_23/RAMS64E_A/ADR0 (clocked by sys_clk). Large setup violations at the end of those stages might be difficult to fix during the post-placement implementation flow and could be the result of non-optimal XDC constraints or non-optimal design architecture
Related violations: <none>

TIMING-16#194 Warning
Large setup violation  
There is a large setup violation of -1.464 ns between cpu/u_pc/pc_reg[18]/C (clocked by sys_clk) and cpu/u_dmem/ram_reg_0_255_23_23/RAMS64E_B/ADR0 (clocked by sys_clk). Large setup violations at the end of those stages might be difficult to fix during the post-placement implementation flow and could be the result of non-optimal XDC constraints or non-optimal design architecture
Related violations: <none>

TIMING-16#195 Warning
Large setup violation  
There is a large setup violation of -1.464 ns between cpu/u_pc/pc_reg[18]/C (clocked by sys_clk) and cpu/u_dmem/ram_reg_0_255_23_23/RAMS64E_C/ADR0 (clocked by sys_clk). Large setup violations at the end of those stages might be difficult to fix during the post-placement implementation flow and could be the result of non-optimal XDC constraints or non-optimal design architecture
Related violations: <none>

TIMING-16#196 Warning
Large setup violation  
There is a large setup violation of -1.464 ns between cpu/u_pc/pc_reg[18]/C (clocked by sys_clk) and cpu/u_dmem/ram_reg_0_255_23_23/RAMS64E_D/ADR0 (clocked by sys_clk). Large setup violations at the end of those stages might be difficult to fix during the post-placement implementation flow and could be the result of non-optimal XDC constraints or non-optimal design architecture
Related violations: <none>

TIMING-16#197 Warning
Large setup violation  
There is a large setup violation of -1.464 ns between cpu/u_pc/pc_reg[18]/C (clocked by sys_clk) and cpu/u_dmem/ram_reg_0_255_26_26/RAMS64E_A/WADR7 (clocked by sys_clk). Large setup violations at the end of those stages might be difficult to fix during the post-placement implementation flow and could be the result of non-optimal XDC constraints or non-optimal design architecture
Related violations: <none>

TIMING-16#198 Warning
Large setup violation  
There is a large setup violation of -1.464 ns between cpu/u_pc/pc_reg[18]/C (clocked by sys_clk) and cpu/u_dmem/ram_reg_0_255_26_26/RAMS64E_B/WADR7 (clocked by sys_clk). Large setup violations at the end of those stages might be difficult to fix during the post-placement implementation flow and could be the result of non-optimal XDC constraints or non-optimal design architecture
Related violations: <none>

TIMING-16#199 Warning
Large setup violation  
There is a large setup violation of -1.464 ns between cpu/u_pc/pc_reg[18]/C (clocked by sys_clk) and cpu/u_dmem/ram_reg_0_255_26_26/RAMS64E_C/WADR7 (clocked by sys_clk). Large setup violations at the end of those stages might be difficult to fix during the post-placement implementation flow and could be the result of non-optimal XDC constraints or non-optimal design architecture
Related violations: <none>

TIMING-16#200 Warning
Large setup violation  
There is a large setup violation of -1.464 ns between cpu/u_pc/pc_reg[18]/C (clocked by sys_clk) and cpu/u_dmem/ram_reg_0_255_26_26/RAMS64E_D/WADR7 (clocked by sys_clk). Large setup violations at the end of those stages might be difficult to fix during the post-placement implementation flow and could be the result of non-optimal XDC constraints or non-optimal design architecture
Related violations: <none>

TIMING-16#201 Warning
Large setup violation  
There is a large setup violation of -1.465 ns between cpu/u_pc/pc_reg[18]/C (clocked by sys_clk) and cpu/u_dmem/ram_reg_0_255_18_18/RAMS64E_A/ADR5 (clocked by sys_clk). Large setup violations at the end of those stages might be difficult to fix during the post-placement implementation flow and could be the result of non-optimal XDC constraints or non-optimal design architecture
Related violations: <none>

TIMING-16#202 Warning
Large setup violation  
There is a large setup violation of -1.465 ns between cpu/u_pc/pc_reg[18]/C (clocked by sys_clk) and cpu/u_dmem/ram_reg_0_255_18_18/RAMS64E_B/ADR5 (clocked by sys_clk). Large setup violations at the end of those stages might be difficult to fix during the post-placement implementation flow and could be the result of non-optimal XDC constraints or non-optimal design architecture
Related violations: <none>

TIMING-16#203 Warning
Large setup violation  
There is a large setup violation of -1.465 ns between cpu/u_pc/pc_reg[18]/C (clocked by sys_clk) and cpu/u_dmem/ram_reg_0_255_18_18/RAMS64E_C/ADR5 (clocked by sys_clk). Large setup violations at the end of those stages might be difficult to fix during the post-placement implementation flow and could be the result of non-optimal XDC constraints or non-optimal design architecture
Related violations: <none>

TIMING-16#204 Warning
Large setup violation  
There is a large setup violation of -1.465 ns between cpu/u_pc/pc_reg[18]/C (clocked by sys_clk) and cpu/u_dmem/ram_reg_0_255_18_18/RAMS64E_D/ADR5 (clocked by sys_clk). Large setup violations at the end of those stages might be difficult to fix during the post-placement implementation flow and could be the result of non-optimal XDC constraints or non-optimal design architecture
Related violations: <none>

TIMING-16#205 Warning
Large setup violation  
There is a large setup violation of -1.478 ns between cpu/u_pc/pc_reg[18]/C (clocked by sys_clk) and cpu/u_dmem/ram_reg_0_255_24_24/RAMS64E_A/ADR2 (clocked by sys_clk). Large setup violations at the end of those stages might be difficult to fix during the post-placement implementation flow and could be the result of non-optimal XDC constraints or non-optimal design architecture
Related violations: <none>

TIMING-16#206 Warning
Large setup violation  
There is a large setup violation of -1.478 ns between cpu/u_pc/pc_reg[18]/C (clocked by sys_clk) and cpu/u_dmem/ram_reg_0_255_24_24/RAMS64E_B/ADR2 (clocked by sys_clk). Large setup violations at the end of those stages might be difficult to fix during the post-placement implementation flow and could be the result of non-optimal XDC constraints or non-optimal design architecture
Related violations: <none>

TIMING-16#207 Warning
Large setup violation  
There is a large setup violation of -1.478 ns between cpu/u_pc/pc_reg[18]/C (clocked by sys_clk) and cpu/u_dmem/ram_reg_0_255_24_24/RAMS64E_C/ADR2 (clocked by sys_clk). Large setup violations at the end of those stages might be difficult to fix during the post-placement implementation flow and could be the result of non-optimal XDC constraints or non-optimal design architecture
Related violations: <none>

TIMING-16#208 Warning
Large setup violation  
There is a large setup violation of -1.478 ns between cpu/u_pc/pc_reg[18]/C (clocked by sys_clk) and cpu/u_dmem/ram_reg_0_255_24_24/RAMS64E_D/ADR2 (clocked by sys_clk). Large setup violations at the end of those stages might be difficult to fix during the post-placement implementation flow and could be the result of non-optimal XDC constraints or non-optimal design architecture
Related violations: <none>

TIMING-16#209 Warning
Large setup violation  
There is a large setup violation of -1.482 ns between cpu/u_pc/pc_reg[18]/C (clocked by sys_clk) and cpu/u_dmem/ram_reg_0_255_16_16/RAMS64E_A/ADR1 (clocked by sys_clk). Large setup violations at the end of those stages might be difficult to fix during the post-placement implementation flow and could be the result of non-optimal XDC constraints or non-optimal design architecture
Related violations: <none>

TIMING-16#210 Warning
Large setup violation  
There is a large setup violation of -1.482 ns between cpu/u_pc/pc_reg[18]/C (clocked by sys_clk) and cpu/u_dmem/ram_reg_0_255_16_16/RAMS64E_B/ADR1 (clocked by sys_clk). Large setup violations at the end of those stages might be difficult to fix during the post-placement implementation flow and could be the result of non-optimal XDC constraints or non-optimal design architecture
Related violations: <none>

TIMING-16#211 Warning
Large setup violation  
There is a large setup violation of -1.482 ns between cpu/u_pc/pc_reg[18]/C (clocked by sys_clk) and cpu/u_dmem/ram_reg_0_255_16_16/RAMS64E_C/ADR1 (clocked by sys_clk). Large setup violations at the end of those stages might be difficult to fix during the post-placement implementation flow and could be the result of non-optimal XDC constraints or non-optimal design architecture
Related violations: <none>

TIMING-16#212 Warning
Large setup violation  
There is a large setup violation of -1.482 ns between cpu/u_pc/pc_reg[18]/C (clocked by sys_clk) and cpu/u_dmem/ram_reg_0_255_16_16/RAMS64E_D/ADR1 (clocked by sys_clk). Large setup violations at the end of those stages might be difficult to fix during the post-placement implementation flow and could be the result of non-optimal XDC constraints or non-optimal design architecture
Related violations: <none>

TIMING-16#213 Warning
Large setup violation  
There is a large setup violation of -1.487 ns between cpu/u_pc/pc_reg[18]/C (clocked by sys_clk) and cpu/u_dmem/ram_reg_0_255_3_3/RAMS64E_A/ADR1 (clocked by sys_clk). Large setup violations at the end of those stages might be difficult to fix during the post-placement implementation flow and could be the result of non-optimal XDC constraints or non-optimal design architecture
Related violations: <none>

TIMING-16#214 Warning
Large setup violation  
There is a large setup violation of -1.487 ns between cpu/u_pc/pc_reg[18]/C (clocked by sys_clk) and cpu/u_dmem/ram_reg_0_255_3_3/RAMS64E_B/ADR1 (clocked by sys_clk). Large setup violations at the end of those stages might be difficult to fix during the post-placement implementation flow and could be the result of non-optimal XDC constraints or non-optimal design architecture
Related violations: <none>

TIMING-16#215 Warning
Large setup violation  
There is a large setup violation of -1.487 ns between cpu/u_pc/pc_reg[18]/C (clocked by sys_clk) and cpu/u_dmem/ram_reg_0_255_3_3/RAMS64E_C/ADR1 (clocked by sys_clk). Large setup violations at the end of those stages might be difficult to fix during the post-placement implementation flow and could be the result of non-optimal XDC constraints or non-optimal design architecture
Related violations: <none>

TIMING-16#216 Warning
Large setup violation  
There is a large setup violation of -1.487 ns between cpu/u_pc/pc_reg[18]/C (clocked by sys_clk) and cpu/u_dmem/ram_reg_0_255_3_3/RAMS64E_D/ADR1 (clocked by sys_clk). Large setup violations at the end of those stages might be difficult to fix during the post-placement implementation flow and could be the result of non-optimal XDC constraints or non-optimal design architecture
Related violations: <none>

TIMING-16#217 Warning
Large setup violation  
There is a large setup violation of -1.491 ns between cpu/u_pc/pc_reg[18]/C (clocked by sys_clk) and cpu/u_dmem/ram_reg_0_255_19_19/RAMS64E_A/ADR3 (clocked by sys_clk). Large setup violations at the end of those stages might be difficult to fix during the post-placement implementation flow and could be the result of non-optimal XDC constraints or non-optimal design architecture
Related violations: <none>

TIMING-16#218 Warning
Large setup violation  
There is a large setup violation of -1.491 ns between cpu/u_pc/pc_reg[18]/C (clocked by sys_clk) and cpu/u_dmem/ram_reg_0_255_19_19/RAMS64E_B/ADR3 (clocked by sys_clk). Large setup violations at the end of those stages might be difficult to fix during the post-placement implementation flow and could be the result of non-optimal XDC constraints or non-optimal design architecture
Related violations: <none>

TIMING-16#219 Warning
Large setup violation  
There is a large setup violation of -1.491 ns between cpu/u_pc/pc_reg[18]/C (clocked by sys_clk) and cpu/u_dmem/ram_reg_0_255_19_19/RAMS64E_C/ADR3 (clocked by sys_clk). Large setup violations at the end of those stages might be difficult to fix during the post-placement implementation flow and could be the result of non-optimal XDC constraints or non-optimal design architecture
Related violations: <none>

TIMING-16#220 Warning
Large setup violation  
There is a large setup violation of -1.491 ns between cpu/u_pc/pc_reg[18]/C (clocked by sys_clk) and cpu/u_dmem/ram_reg_0_255_19_19/RAMS64E_D/ADR3 (clocked by sys_clk). Large setup violations at the end of those stages might be difficult to fix during the post-placement implementation flow and could be the result of non-optimal XDC constraints or non-optimal design architecture
Related violations: <none>

TIMING-16#221 Warning
Large setup violation  
There is a large setup violation of -1.493 ns between cpu/u_pc/pc_reg[18]/C (clocked by sys_clk) and cpu/u_dmem/ram_reg_0_255_18_18/RAMS64E_A/ADR1 (clocked by sys_clk). Large setup violations at the end of those stages might be difficult to fix during the post-placement implementation flow and could be the result of non-optimal XDC constraints or non-optimal design architecture
Related violations: <none>

TIMING-16#222 Warning
Large setup violation  
There is a large setup violation of -1.493 ns between cpu/u_pc/pc_reg[18]/C (clocked by sys_clk) and cpu/u_dmem/ram_reg_0_255_18_18/RAMS64E_B/ADR1 (clocked by sys_clk). Large setup violations at the end of those stages might be difficult to fix during the post-placement implementation flow and could be the result of non-optimal XDC constraints or non-optimal design architecture
Related violations: <none>

TIMING-16#223 Warning
Large setup violation  
There is a large setup violation of -1.493 ns between cpu/u_pc/pc_reg[18]/C (clocked by sys_clk) and cpu/u_dmem/ram_reg_0_255_18_18/RAMS64E_C/ADR1 (clocked by sys_clk). Large setup violations at the end of those stages might be difficult to fix during the post-placement implementation flow and could be the result of non-optimal XDC constraints or non-optimal design architecture
Related violations: <none>

TIMING-16#224 Warning
Large setup violation  
There is a large setup violation of -1.493 ns between cpu/u_pc/pc_reg[18]/C (clocked by sys_clk) and cpu/u_dmem/ram_reg_0_255_18_18/RAMS64E_D/ADR1 (clocked by sys_clk). Large setup violations at the end of those stages might be difficult to fix during the post-placement implementation flow and could be the result of non-optimal XDC constraints or non-optimal design architecture
Related violations: <none>

TIMING-16#225 Warning
Large setup violation  
There is a large setup violation of -1.495 ns between cpu/u_pc/pc_reg[18]/C (clocked by sys_clk) and cpu/u_dmem/ram_reg_0_255_30_30/RAMS64E_A/ADR3 (clocked by sys_clk). Large setup violations at the end of those stages might be difficult to fix during the post-placement implementation flow and could be the result of non-optimal XDC constraints or non-optimal design architecture
Related violations: <none>

TIMING-16#226 Warning
Large setup violation  
There is a large setup violation of -1.495 ns between cpu/u_pc/pc_reg[18]/C (clocked by sys_clk) and cpu/u_dmem/ram_reg_0_255_30_30/RAMS64E_B/ADR3 (clocked by sys_clk). Large setup violations at the end of those stages might be difficult to fix during the post-placement implementation flow and could be the result of non-optimal XDC constraints or non-optimal design architecture
Related violations: <none>

TIMING-16#227 Warning
Large setup violation  
There is a large setup violation of -1.495 ns between cpu/u_pc/pc_reg[18]/C (clocked by sys_clk) and cpu/u_dmem/ram_reg_0_255_30_30/RAMS64E_C/ADR3 (clocked by sys_clk). Large setup violations at the end of those stages might be difficult to fix during the post-placement implementation flow and could be the result of non-optimal XDC constraints or non-optimal design architecture
Related violations: <none>

TIMING-16#228 Warning
Large setup violation  
There is a large setup violation of -1.495 ns between cpu/u_pc/pc_reg[18]/C (clocked by sys_clk) and cpu/u_dmem/ram_reg_0_255_30_30/RAMS64E_D/ADR3 (clocked by sys_clk). Large setup violations at the end of those stages might be difficult to fix during the post-placement implementation flow and could be the result of non-optimal XDC constraints or non-optimal design architecture
Related violations: <none>

TIMING-16#229 Warning
Large setup violation  
There is a large setup violation of -1.496 ns between cpu/u_pc/pc_reg[18]/C (clocked by sys_clk) and cpu/u_dmem/ram_reg_0_255_27_27/RAMS64E_A/ADR4 (clocked by sys_clk). Large setup violations at the end of those stages might be difficult to fix during the post-placement implementation flow and could be the result of non-optimal XDC constraints or non-optimal design architecture
Related violations: <none>

TIMING-16#230 Warning
Large setup violation  
There is a large setup violation of -1.496 ns between cpu/u_pc/pc_reg[18]/C (clocked by sys_clk) and cpu/u_dmem/ram_reg_0_255_27_27/RAMS64E_B/ADR4 (clocked by sys_clk). Large setup violations at the end of those stages might be difficult to fix during the post-placement implementation flow and could be the result of non-optimal XDC constraints or non-optimal design architecture
Related violations: <none>

TIMING-16#231 Warning
Large setup violation  
There is a large setup violation of -1.496 ns between cpu/u_pc/pc_reg[18]/C (clocked by sys_clk) and cpu/u_dmem/ram_reg_0_255_27_27/RAMS64E_C/ADR4 (clocked by sys_clk). Large setup violations at the end of those stages might be difficult to fix during the post-placement implementation flow and could be the result of non-optimal XDC constraints or non-optimal design architecture
Related violations: <none>

TIMING-16#232 Warning
Large setup violation  
There is a large setup violation of -1.496 ns between cpu/u_pc/pc_reg[18]/C (clocked by sys_clk) and cpu/u_dmem/ram_reg_0_255_27_27/RAMS64E_D/ADR4 (clocked by sys_clk). Large setup violations at the end of those stages might be difficult to fix during the post-placement implementation flow and could be the result of non-optimal XDC constraints or non-optimal design architecture
Related violations: <none>

TIMING-16#233 Warning
Large setup violation  
There is a large setup violation of -1.499 ns between cpu/u_pc/pc_reg[18]/C (clocked by sys_clk) and cpu/u_dmem/ram_reg_0_255_15_15/RAMS64E_A/ADR4 (clocked by sys_clk). Large setup violations at the end of those stages might be difficult to fix during the post-placement implementation flow and could be the result of non-optimal XDC constraints or non-optimal design architecture
Related violations: <none>

TIMING-16#234 Warning
Large setup violation  
There is a large setup violation of -1.499 ns between cpu/u_pc/pc_reg[18]/C (clocked by sys_clk) and cpu/u_dmem/ram_reg_0_255_15_15/RAMS64E_B/ADR4 (clocked by sys_clk). Large setup violations at the end of those stages might be difficult to fix during the post-placement implementation flow and could be the result of non-optimal XDC constraints or non-optimal design architecture
Related violations: <none>

TIMING-16#235 Warning
Large setup violation  
There is a large setup violation of -1.499 ns between cpu/u_pc/pc_reg[18]/C (clocked by sys_clk) and cpu/u_dmem/ram_reg_0_255_15_15/RAMS64E_C/ADR4 (clocked by sys_clk). Large setup violations at the end of those stages might be difficult to fix during the post-placement implementation flow and could be the result of non-optimal XDC constraints or non-optimal design architecture
Related violations: <none>

TIMING-16#236 Warning
Large setup violation  
There is a large setup violation of -1.499 ns between cpu/u_pc/pc_reg[18]/C (clocked by sys_clk) and cpu/u_dmem/ram_reg_0_255_15_15/RAMS64E_D/ADR4 (clocked by sys_clk). Large setup violations at the end of those stages might be difficult to fix during the post-placement implementation flow and could be the result of non-optimal XDC constraints or non-optimal design architecture
Related violations: <none>

TIMING-16#237 Warning
Large setup violation  
There is a large setup violation of -1.505 ns between cpu/u_pc/pc_reg[18]/C (clocked by sys_clk) and cpu/u_dmem/ram_reg_0_255_22_22/RAMS64E_A/ADR5 (clocked by sys_clk). Large setup violations at the end of those stages might be difficult to fix during the post-placement implementation flow and could be the result of non-optimal XDC constraints or non-optimal design architecture
Related violations: <none>

TIMING-16#238 Warning
Large setup violation  
There is a large setup violation of -1.505 ns between cpu/u_pc/pc_reg[18]/C (clocked by sys_clk) and cpu/u_dmem/ram_reg_0_255_22_22/RAMS64E_B/ADR5 (clocked by sys_clk). Large setup violations at the end of those stages might be difficult to fix during the post-placement implementation flow and could be the result of non-optimal XDC constraints or non-optimal design architecture
Related violations: <none>

TIMING-16#239 Warning
Large setup violation  
There is a large setup violation of -1.505 ns between cpu/u_pc/pc_reg[18]/C (clocked by sys_clk) and cpu/u_dmem/ram_reg_0_255_22_22/RAMS64E_C/ADR5 (clocked by sys_clk). Large setup violations at the end of those stages might be difficult to fix during the post-placement implementation flow and could be the result of non-optimal XDC constraints or non-optimal design architecture
Related violations: <none>

TIMING-16#240 Warning
Large setup violation  
There is a large setup violation of -1.505 ns between cpu/u_pc/pc_reg[18]/C (clocked by sys_clk) and cpu/u_dmem/ram_reg_0_255_22_22/RAMS64E_D/ADR5 (clocked by sys_clk). Large setup violations at the end of those stages might be difficult to fix during the post-placement implementation flow and could be the result of non-optimal XDC constraints or non-optimal design architecture
Related violations: <none>

TIMING-16#241 Warning
Large setup violation  
There is a large setup violation of -1.507 ns between cpu/u_pc/pc_reg[18]/C (clocked by sys_clk) and cpu/u_dmem/ram_reg_0_255_17_17/RAMS64E_A/ADR0 (clocked by sys_clk). Large setup violations at the end of those stages might be difficult to fix during the post-placement implementation flow and could be the result of non-optimal XDC constraints or non-optimal design architecture
Related violations: <none>

TIMING-16#242 Warning
Large setup violation  
There is a large setup violation of -1.507 ns between cpu/u_pc/pc_reg[18]/C (clocked by sys_clk) and cpu/u_dmem/ram_reg_0_255_17_17/RAMS64E_B/ADR0 (clocked by sys_clk). Large setup violations at the end of those stages might be difficult to fix during the post-placement implementation flow and could be the result of non-optimal XDC constraints or non-optimal design architecture
Related violations: <none>

TIMING-16#243 Warning
Large setup violation  
There is a large setup violation of -1.507 ns between cpu/u_pc/pc_reg[18]/C (clocked by sys_clk) and cpu/u_dmem/ram_reg_0_255_17_17/RAMS64E_C/ADR0 (clocked by sys_clk). Large setup violations at the end of those stages might be difficult to fix during the post-placement implementation flow and could be the result of non-optimal XDC constraints or non-optimal design architecture
Related violations: <none>

TIMING-16#244 Warning
Large setup violation  
There is a large setup violation of -1.507 ns between cpu/u_pc/pc_reg[18]/C (clocked by sys_clk) and cpu/u_dmem/ram_reg_0_255_17_17/RAMS64E_D/ADR0 (clocked by sys_clk). Large setup violations at the end of those stages might be difficult to fix during the post-placement implementation flow and could be the result of non-optimal XDC constraints or non-optimal design architecture
Related violations: <none>

TIMING-16#245 Warning
Large setup violation  
There is a large setup violation of -1.510 ns between cpu/u_pc/pc_reg[18]/C (clocked by sys_clk) and cpu/u_dmem/ram_reg_0_255_23_23/RAMS64E_A/ADR3 (clocked by sys_clk). Large setup violations at the end of those stages might be difficult to fix during the post-placement implementation flow and could be the result of non-optimal XDC constraints or non-optimal design architecture
Related violations: <none>

TIMING-16#246 Warning
Large setup violation  
There is a large setup violation of -1.510 ns between cpu/u_pc/pc_reg[18]/C (clocked by sys_clk) and cpu/u_dmem/ram_reg_0_255_23_23/RAMS64E_B/ADR3 (clocked by sys_clk). Large setup violations at the end of those stages might be difficult to fix during the post-placement implementation flow and could be the result of non-optimal XDC constraints or non-optimal design architecture
Related violations: <none>

TIMING-16#247 Warning
Large setup violation  
There is a large setup violation of -1.510 ns between cpu/u_pc/pc_reg[18]/C (clocked by sys_clk) and cpu/u_dmem/ram_reg_0_255_23_23/RAMS64E_C/ADR3 (clocked by sys_clk). Large setup violations at the end of those stages might be difficult to fix during the post-placement implementation flow and could be the result of non-optimal XDC constraints or non-optimal design architecture
Related violations: <none>

TIMING-16#248 Warning
Large setup violation  
There is a large setup violation of -1.510 ns between cpu/u_pc/pc_reg[18]/C (clocked by sys_clk) and cpu/u_dmem/ram_reg_0_255_23_23/RAMS64E_D/ADR3 (clocked by sys_clk). Large setup violations at the end of those stages might be difficult to fix during the post-placement implementation flow and could be the result of non-optimal XDC constraints or non-optimal design architecture
Related violations: <none>

TIMING-16#249 Warning
Large setup violation  
There is a large setup violation of -1.510 ns between cpu/u_pc/pc_reg[18]/C (clocked by sys_clk) and cpu/u_dmem/ram_reg_0_255_29_29/RAMS64E_A/ADR2 (clocked by sys_clk). Large setup violations at the end of those stages might be difficult to fix during the post-placement implementation flow and could be the result of non-optimal XDC constraints or non-optimal design architecture
Related violations: <none>

TIMING-16#250 Warning
Large setup violation  
There is a large setup violation of -1.510 ns between cpu/u_pc/pc_reg[18]/C (clocked by sys_clk) and cpu/u_dmem/ram_reg_0_255_29_29/RAMS64E_B/ADR2 (clocked by sys_clk). Large setup violations at the end of those stages might be difficult to fix during the post-placement implementation flow and could be the result of non-optimal XDC constraints or non-optimal design architecture
Related violations: <none>

TIMING-16#251 Warning
Large setup violation  
There is a large setup violation of -1.510 ns between cpu/u_pc/pc_reg[18]/C (clocked by sys_clk) and cpu/u_dmem/ram_reg_0_255_29_29/RAMS64E_C/ADR2 (clocked by sys_clk). Large setup violations at the end of those stages might be difficult to fix during the post-placement implementation flow and could be the result of non-optimal XDC constraints or non-optimal design architecture
Related violations: <none>

TIMING-16#252 Warning
Large setup violation  
There is a large setup violation of -1.510 ns between cpu/u_pc/pc_reg[18]/C (clocked by sys_clk) and cpu/u_dmem/ram_reg_0_255_29_29/RAMS64E_D/ADR2 (clocked by sys_clk). Large setup violations at the end of those stages might be difficult to fix during the post-placement implementation flow and could be the result of non-optimal XDC constraints or non-optimal design architecture
Related violations: <none>

TIMING-16#253 Warning
Large setup violation  
There is a large setup violation of -1.512 ns between cpu/u_pc/pc_reg[18]/C (clocked by sys_clk) and cpu/u_dmem/ram_reg_0_255_23_23/RAMS64E_A/ADR5 (clocked by sys_clk). Large setup violations at the end of those stages might be difficult to fix during the post-placement implementation flow and could be the result of non-optimal XDC constraints or non-optimal design architecture
Related violations: <none>

TIMING-16#254 Warning
Large setup violation  
There is a large setup violation of -1.512 ns between cpu/u_pc/pc_reg[18]/C (clocked by sys_clk) and cpu/u_dmem/ram_reg_0_255_23_23/RAMS64E_B/ADR5 (clocked by sys_clk). Large setup violations at the end of those stages might be difficult to fix during the post-placement implementation flow and could be the result of non-optimal XDC constraints or non-optimal design architecture
Related violations: <none>

TIMING-16#255 Warning
Large setup violation  
There is a large setup violation of -1.512 ns between cpu/u_pc/pc_reg[18]/C (clocked by sys_clk) and cpu/u_dmem/ram_reg_0_255_23_23/RAMS64E_C/ADR5 (clocked by sys_clk). Large setup violations at the end of those stages might be difficult to fix during the post-placement implementation flow and could be the result of non-optimal XDC constraints or non-optimal design architecture
Related violations: <none>

TIMING-16#256 Warning
Large setup violation  
There is a large setup violation of -1.512 ns between cpu/u_pc/pc_reg[18]/C (clocked by sys_clk) and cpu/u_dmem/ram_reg_0_255_23_23/RAMS64E_D/ADR5 (clocked by sys_clk). Large setup violations at the end of those stages might be difficult to fix during the post-placement implementation flow and could be the result of non-optimal XDC constraints or non-optimal design architecture
Related violations: <none>

TIMING-16#257 Warning
Large setup violation  
There is a large setup violation of -1.526 ns between cpu/u_pc/pc_reg[18]/C (clocked by sys_clk) and cpu/u_dmem/ram_reg_0_255_4_4/RAMS64E_A/ADR4 (clocked by sys_clk). Large setup violations at the end of those stages might be difficult to fix during the post-placement implementation flow and could be the result of non-optimal XDC constraints or non-optimal design architecture
Related violations: <none>

TIMING-16#258 Warning
Large setup violation  
There is a large setup violation of -1.526 ns between cpu/u_pc/pc_reg[18]/C (clocked by sys_clk) and cpu/u_dmem/ram_reg_0_255_4_4/RAMS64E_B/ADR4 (clocked by sys_clk). Large setup violations at the end of those stages might be difficult to fix during the post-placement implementation flow and could be the result of non-optimal XDC constraints or non-optimal design architecture
Related violations: <none>

TIMING-16#259 Warning
Large setup violation  
There is a large setup violation of -1.526 ns between cpu/u_pc/pc_reg[18]/C (clocked by sys_clk) and cpu/u_dmem/ram_reg_0_255_4_4/RAMS64E_C/ADR4 (clocked by sys_clk). Large setup violations at the end of those stages might be difficult to fix during the post-placement implementation flow and could be the result of non-optimal XDC constraints or non-optimal design architecture
Related violations: <none>

TIMING-16#260 Warning
Large setup violation  
There is a large setup violation of -1.526 ns between cpu/u_pc/pc_reg[18]/C (clocked by sys_clk) and cpu/u_dmem/ram_reg_0_255_4_4/RAMS64E_D/ADR4 (clocked by sys_clk). Large setup violations at the end of those stages might be difficult to fix during the post-placement implementation flow and could be the result of non-optimal XDC constraints or non-optimal design architecture
Related violations: <none>

TIMING-16#261 Warning
Large setup violation  
There is a large setup violation of -1.528 ns between cpu/u_pc/pc_reg[18]/C (clocked by sys_clk) and cpu/u_dmem/ram_reg_0_255_0_0/RAMS64E_A/ADR4 (clocked by sys_clk). Large setup violations at the end of those stages might be difficult to fix during the post-placement implementation flow and could be the result of non-optimal XDC constraints or non-optimal design architecture
Related violations: <none>

TIMING-16#262 Warning
Large setup violation  
There is a large setup violation of -1.528 ns between cpu/u_pc/pc_reg[18]/C (clocked by sys_clk) and cpu/u_dmem/ram_reg_0_255_0_0/RAMS64E_B/ADR4 (clocked by sys_clk). Large setup violations at the end of those stages might be difficult to fix during the post-placement implementation flow and could be the result of non-optimal XDC constraints or non-optimal design architecture
Related violations: <none>

TIMING-16#263 Warning
Large setup violation  
There is a large setup violation of -1.528 ns between cpu/u_pc/pc_reg[18]/C (clocked by sys_clk) and cpu/u_dmem/ram_reg_0_255_0_0/RAMS64E_C/ADR4 (clocked by sys_clk). Large setup violations at the end of those stages might be difficult to fix during the post-placement implementation flow and could be the result of non-optimal XDC constraints or non-optimal design architecture
Related violations: <none>

TIMING-16#264 Warning
Large setup violation  
There is a large setup violation of -1.528 ns between cpu/u_pc/pc_reg[18]/C (clocked by sys_clk) and cpu/u_dmem/ram_reg_0_255_0_0/RAMS64E_D/ADR4 (clocked by sys_clk). Large setup violations at the end of those stages might be difficult to fix during the post-placement implementation flow and could be the result of non-optimal XDC constraints or non-optimal design architecture
Related violations: <none>

TIMING-16#265 Warning
Large setup violation  
There is a large setup violation of -1.536 ns between cpu/u_pc/pc_reg[18]/C (clocked by sys_clk) and cpu/u_dmem/ram_reg_0_255_14_14/RAMS64E_A/ADR3 (clocked by sys_clk). Large setup violations at the end of those stages might be difficult to fix during the post-placement implementation flow and could be the result of non-optimal XDC constraints or non-optimal design architecture
Related violations: <none>

TIMING-16#266 Warning
Large setup violation  
There is a large setup violation of -1.536 ns between cpu/u_pc/pc_reg[18]/C (clocked by sys_clk) and cpu/u_dmem/ram_reg_0_255_14_14/RAMS64E_B/ADR3 (clocked by sys_clk). Large setup violations at the end of those stages might be difficult to fix during the post-placement implementation flow and could be the result of non-optimal XDC constraints or non-optimal design architecture
Related violations: <none>

TIMING-16#267 Warning
Large setup violation  
There is a large setup violation of -1.536 ns between cpu/u_pc/pc_reg[18]/C (clocked by sys_clk) and cpu/u_dmem/ram_reg_0_255_14_14/RAMS64E_C/ADR3 (clocked by sys_clk). Large setup violations at the end of those stages might be difficult to fix during the post-placement implementation flow and could be the result of non-optimal XDC constraints or non-optimal design architecture
Related violations: <none>

TIMING-16#268 Warning
Large setup violation  
There is a large setup violation of -1.536 ns between cpu/u_pc/pc_reg[18]/C (clocked by sys_clk) and cpu/u_dmem/ram_reg_0_255_14_14/RAMS64E_D/ADR3 (clocked by sys_clk). Large setup violations at the end of those stages might be difficult to fix during the post-placement implementation flow and could be the result of non-optimal XDC constraints or non-optimal design architecture
Related violations: <none>

TIMING-16#269 Warning
Large setup violation  
There is a large setup violation of -1.545 ns between cpu/u_pc/pc_reg[18]/C (clocked by sys_clk) and cpu/u_dmem/ram_reg_0_255_11_11/RAMS64E_A/ADR1 (clocked by sys_clk). Large setup violations at the end of those stages might be difficult to fix during the post-placement implementation flow and could be the result of non-optimal XDC constraints or non-optimal design architecture
Related violations: <none>

TIMING-16#270 Warning
Large setup violation  
There is a large setup violation of -1.545 ns between cpu/u_pc/pc_reg[18]/C (clocked by sys_clk) and cpu/u_dmem/ram_reg_0_255_11_11/RAMS64E_B/ADR1 (clocked by sys_clk). Large setup violations at the end of those stages might be difficult to fix during the post-placement implementation flow and could be the result of non-optimal XDC constraints or non-optimal design architecture
Related violations: <none>

TIMING-16#271 Warning
Large setup violation  
There is a large setup violation of -1.545 ns between cpu/u_pc/pc_reg[18]/C (clocked by sys_clk) and cpu/u_dmem/ram_reg_0_255_11_11/RAMS64E_C/ADR1 (clocked by sys_clk). Large setup violations at the end of those stages might be difficult to fix during the post-placement implementation flow and could be the result of non-optimal XDC constraints or non-optimal design architecture
Related violations: <none>

TIMING-16#272 Warning
Large setup violation  
There is a large setup violation of -1.545 ns between cpu/u_pc/pc_reg[18]/C (clocked by sys_clk) and cpu/u_dmem/ram_reg_0_255_11_11/RAMS64E_D/ADR1 (clocked by sys_clk). Large setup violations at the end of those stages might be difficult to fix during the post-placement implementation flow and could be the result of non-optimal XDC constraints or non-optimal design architecture
Related violations: <none>

TIMING-16#273 Warning
Large setup violation  
There is a large setup violation of -1.549 ns between cpu/u_pc/pc_reg[18]/C (clocked by sys_clk) and cpu/u_dmem/ram_reg_0_255_27_27/RAMS64E_A/ADR5 (clocked by sys_clk). Large setup violations at the end of those stages might be difficult to fix during the post-placement implementation flow and could be the result of non-optimal XDC constraints or non-optimal design architecture
Related violations: <none>

TIMING-16#274 Warning
Large setup violation  
There is a large setup violation of -1.549 ns between cpu/u_pc/pc_reg[18]/C (clocked by sys_clk) and cpu/u_dmem/ram_reg_0_255_27_27/RAMS64E_B/ADR5 (clocked by sys_clk). Large setup violations at the end of those stages might be difficult to fix during the post-placement implementation flow and could be the result of non-optimal XDC constraints or non-optimal design architecture
Related violations: <none>

TIMING-16#275 Warning
Large setup violation  
There is a large setup violation of -1.549 ns between cpu/u_pc/pc_reg[18]/C (clocked by sys_clk) and cpu/u_dmem/ram_reg_0_255_27_27/RAMS64E_C/ADR5 (clocked by sys_clk). Large setup violations at the end of those stages might be difficult to fix during the post-placement implementation flow and could be the result of non-optimal XDC constraints or non-optimal design architecture
Related violations: <none>

TIMING-16#276 Warning
Large setup violation  
There is a large setup violation of -1.549 ns between cpu/u_pc/pc_reg[18]/C (clocked by sys_clk) and cpu/u_dmem/ram_reg_0_255_27_27/RAMS64E_D/ADR5 (clocked by sys_clk). Large setup violations at the end of those stages might be difficult to fix during the post-placement implementation flow and could be the result of non-optimal XDC constraints or non-optimal design architecture
Related violations: <none>

TIMING-16#277 Warning
Large setup violation  
There is a large setup violation of -1.550 ns between cpu/u_pc/pc_reg[18]/C (clocked by sys_clk) and cpu/u_dmem/ram_reg_0_255_28_28/RAMS64E_A/ADR4 (clocked by sys_clk). Large setup violations at the end of those stages might be difficult to fix during the post-placement implementation flow and could be the result of non-optimal XDC constraints or non-optimal design architecture
Related violations: <none>

TIMING-16#278 Warning
Large setup violation  
There is a large setup violation of -1.550 ns between cpu/u_pc/pc_reg[18]/C (clocked by sys_clk) and cpu/u_dmem/ram_reg_0_255_28_28/RAMS64E_B/ADR4 (clocked by sys_clk). Large setup violations at the end of those stages might be difficult to fix during the post-placement implementation flow and could be the result of non-optimal XDC constraints or non-optimal design architecture
Related violations: <none>

TIMING-16#279 Warning
Large setup violation  
There is a large setup violation of -1.550 ns between cpu/u_pc/pc_reg[18]/C (clocked by sys_clk) and cpu/u_dmem/ram_reg_0_255_28_28/RAMS64E_C/ADR4 (clocked by sys_clk). Large setup violations at the end of those stages might be difficult to fix during the post-placement implementation flow and could be the result of non-optimal XDC constraints or non-optimal design architecture
Related violations: <none>

TIMING-16#280 Warning
Large setup violation  
There is a large setup violation of -1.550 ns between cpu/u_pc/pc_reg[18]/C (clocked by sys_clk) and cpu/u_dmem/ram_reg_0_255_28_28/RAMS64E_D/ADR4 (clocked by sys_clk). Large setup violations at the end of those stages might be difficult to fix during the post-placement implementation flow and could be the result of non-optimal XDC constraints or non-optimal design architecture
Related violations: <none>

TIMING-16#281 Warning
Large setup violation  
There is a large setup violation of -1.551 ns between cpu/u_pc/pc_reg[18]/C (clocked by sys_clk) and cpu/u_dmem/ram_reg_0_255_31_31/RAMS64E_A/ADR5 (clocked by sys_clk). Large setup violations at the end of those stages might be difficult to fix during the post-placement implementation flow and could be the result of non-optimal XDC constraints or non-optimal design architecture
Related violations: <none>

TIMING-16#282 Warning
Large setup violation  
There is a large setup violation of -1.551 ns between cpu/u_pc/pc_reg[18]/C (clocked by sys_clk) and cpu/u_dmem/ram_reg_0_255_31_31/RAMS64E_B/ADR5 (clocked by sys_clk). Large setup violations at the end of those stages might be difficult to fix during the post-placement implementation flow and could be the result of non-optimal XDC constraints or non-optimal design architecture
Related violations: <none>

TIMING-16#283 Warning
Large setup violation  
There is a large setup violation of -1.551 ns between cpu/u_pc/pc_reg[18]/C (clocked by sys_clk) and cpu/u_dmem/ram_reg_0_255_31_31/RAMS64E_C/ADR5 (clocked by sys_clk). Large setup violations at the end of those stages might be difficult to fix during the post-placement implementation flow and could be the result of non-optimal XDC constraints or non-optimal design architecture
Related violations: <none>

TIMING-16#284 Warning
Large setup violation  
There is a large setup violation of -1.551 ns between cpu/u_pc/pc_reg[18]/C (clocked by sys_clk) and cpu/u_dmem/ram_reg_0_255_31_31/RAMS64E_D/ADR5 (clocked by sys_clk). Large setup violations at the end of those stages might be difficult to fix during the post-placement implementation flow and could be the result of non-optimal XDC constraints or non-optimal design architecture
Related violations: <none>

TIMING-16#285 Warning
Large setup violation  
There is a large setup violation of -1.551 ns between cpu/u_pc/pc_reg[18]/C (clocked by sys_clk) and cpu/u_dmem/ram_reg_0_255_3_3/RAMS64E_A/ADR3 (clocked by sys_clk). Large setup violations at the end of those stages might be difficult to fix during the post-placement implementation flow and could be the result of non-optimal XDC constraints or non-optimal design architecture
Related violations: <none>

TIMING-16#286 Warning
Large setup violation  
There is a large setup violation of -1.551 ns between cpu/u_pc/pc_reg[18]/C (clocked by sys_clk) and cpu/u_dmem/ram_reg_0_255_3_3/RAMS64E_B/ADR3 (clocked by sys_clk). Large setup violations at the end of those stages might be difficult to fix during the post-placement implementation flow and could be the result of non-optimal XDC constraints or non-optimal design architecture
Related violations: <none>

TIMING-16#287 Warning
Large setup violation  
There is a large setup violation of -1.551 ns between cpu/u_pc/pc_reg[18]/C (clocked by sys_clk) and cpu/u_dmem/ram_reg_0_255_3_3/RAMS64E_C/ADR3 (clocked by sys_clk). Large setup violations at the end of those stages might be difficult to fix during the post-placement implementation flow and could be the result of non-optimal XDC constraints or non-optimal design architecture
Related violations: <none>

TIMING-16#288 Warning
Large setup violation  
There is a large setup violation of -1.551 ns between cpu/u_pc/pc_reg[18]/C (clocked by sys_clk) and cpu/u_dmem/ram_reg_0_255_3_3/RAMS64E_D/ADR3 (clocked by sys_clk). Large setup violations at the end of those stages might be difficult to fix during the post-placement implementation flow and could be the result of non-optimal XDC constraints or non-optimal design architecture
Related violations: <none>

TIMING-16#289 Warning
Large setup violation  
There is a large setup violation of -1.553 ns between cpu/u_pc/pc_reg[18]/C (clocked by sys_clk) and cpu/u_dmem/ram_reg_0_255_18_18/RAMS64E_A/ADR4 (clocked by sys_clk). Large setup violations at the end of those stages might be difficult to fix during the post-placement implementation flow and could be the result of non-optimal XDC constraints or non-optimal design architecture
Related violations: <none>

TIMING-16#290 Warning
Large setup violation  
There is a large setup violation of -1.553 ns between cpu/u_pc/pc_reg[18]/C (clocked by sys_clk) and cpu/u_dmem/ram_reg_0_255_18_18/RAMS64E_B/ADR4 (clocked by sys_clk). Large setup violations at the end of those stages might be difficult to fix during the post-placement implementation flow and could be the result of non-optimal XDC constraints or non-optimal design architecture
Related violations: <none>

TIMING-16#291 Warning
Large setup violation  
There is a large setup violation of -1.553 ns between cpu/u_pc/pc_reg[18]/C (clocked by sys_clk) and cpu/u_dmem/ram_reg_0_255_18_18/RAMS64E_C/ADR4 (clocked by sys_clk). Large setup violations at the end of those stages might be difficult to fix during the post-placement implementation flow and could be the result of non-optimal XDC constraints or non-optimal design architecture
Related violations: <none>

TIMING-16#292 Warning
Large setup violation  
There is a large setup violation of -1.553 ns between cpu/u_pc/pc_reg[18]/C (clocked by sys_clk) and cpu/u_dmem/ram_reg_0_255_18_18/RAMS64E_D/ADR4 (clocked by sys_clk). Large setup violations at the end of those stages might be difficult to fix during the post-placement implementation flow and could be the result of non-optimal XDC constraints or non-optimal design architecture
Related violations: <none>

TIMING-16#293 Warning
Large setup violation  
There is a large setup violation of -1.553 ns between cpu/u_pc/pc_reg[18]/C (clocked by sys_clk) and cpu/u_dmem/ram_reg_0_255_4_4/RAMS64E_A/ADR1 (clocked by sys_clk). Large setup violations at the end of those stages might be difficult to fix during the post-placement implementation flow and could be the result of non-optimal XDC constraints or non-optimal design architecture
Related violations: <none>

TIMING-16#294 Warning
Large setup violation  
There is a large setup violation of -1.553 ns between cpu/u_pc/pc_reg[18]/C (clocked by sys_clk) and cpu/u_dmem/ram_reg_0_255_4_4/RAMS64E_B/ADR1 (clocked by sys_clk). Large setup violations at the end of those stages might be difficult to fix during the post-placement implementation flow and could be the result of non-optimal XDC constraints or non-optimal design architecture
Related violations: <none>

TIMING-16#295 Warning
Large setup violation  
There is a large setup violation of -1.553 ns between cpu/u_pc/pc_reg[18]/C (clocked by sys_clk) and cpu/u_dmem/ram_reg_0_255_4_4/RAMS64E_C/ADR1 (clocked by sys_clk). Large setup violations at the end of those stages might be difficult to fix during the post-placement implementation flow and could be the result of non-optimal XDC constraints or non-optimal design architecture
Related violations: <none>

TIMING-16#296 Warning
Large setup violation  
There is a large setup violation of -1.553 ns between cpu/u_pc/pc_reg[18]/C (clocked by sys_clk) and cpu/u_dmem/ram_reg_0_255_4_4/RAMS64E_D/ADR1 (clocked by sys_clk). Large setup violations at the end of those stages might be difficult to fix during the post-placement implementation flow and could be the result of non-optimal XDC constraints or non-optimal design architecture
Related violations: <none>

TIMING-16#297 Warning
Large setup violation  
There is a large setup violation of -1.555 ns between cpu/u_pc/pc_reg[18]/C (clocked by sys_clk) and cpu/u_dmem/ram_reg_0_255_20_20/RAMS64E_A/ADR4 (clocked by sys_clk). Large setup violations at the end of those stages might be difficult to fix during the post-placement implementation flow and could be the result of non-optimal XDC constraints or non-optimal design architecture
Related violations: <none>

TIMING-16#298 Warning
Large setup violation  
There is a large setup violation of -1.555 ns between cpu/u_pc/pc_reg[18]/C (clocked by sys_clk) and cpu/u_dmem/ram_reg_0_255_20_20/RAMS64E_B/ADR4 (clocked by sys_clk). Large setup violations at the end of those stages might be difficult to fix during the post-placement implementation flow and could be the result of non-optimal XDC constraints or non-optimal design architecture
Related violations: <none>

TIMING-16#299 Warning
Large setup violation  
There is a large setup violation of -1.555 ns between cpu/u_pc/pc_reg[18]/C (clocked by sys_clk) and cpu/u_dmem/ram_reg_0_255_20_20/RAMS64E_C/ADR4 (clocked by sys_clk). Large setup violations at the end of those stages might be difficult to fix during the post-placement implementation flow and could be the result of non-optimal XDC constraints or non-optimal design architecture
Related violations: <none>

TIMING-16#300 Warning
Large setup violation  
There is a large setup violation of -1.555 ns between cpu/u_pc/pc_reg[18]/C (clocked by sys_clk) and cpu/u_dmem/ram_reg_0_255_20_20/RAMS64E_D/ADR4 (clocked by sys_clk). Large setup violations at the end of those stages might be difficult to fix during the post-placement implementation flow and could be the result of non-optimal XDC constraints or non-optimal design architecture
Related violations: <none>

TIMING-16#301 Warning
Large setup violation  
There is a large setup violation of -1.559 ns between cpu/u_pc/pc_reg[18]/C (clocked by sys_clk) and cpu/u_dmem/ram_reg_0_255_16_16/RAMS64E_A/ADR3 (clocked by sys_clk). Large setup violations at the end of those stages might be difficult to fix during the post-placement implementation flow and could be the result of non-optimal XDC constraints or non-optimal design architecture
Related violations: <none>

TIMING-16#302 Warning
Large setup violation  
There is a large setup violation of -1.559 ns between cpu/u_pc/pc_reg[18]/C (clocked by sys_clk) and cpu/u_dmem/ram_reg_0_255_16_16/RAMS64E_B/ADR3 (clocked by sys_clk). Large setup violations at the end of those stages might be difficult to fix during the post-placement implementation flow and could be the result of non-optimal XDC constraints or non-optimal design architecture
Related violations: <none>

TIMING-16#303 Warning
Large setup violation  
There is a large setup violation of -1.559 ns between cpu/u_pc/pc_reg[18]/C (clocked by sys_clk) and cpu/u_dmem/ram_reg_0_255_16_16/RAMS64E_C/ADR3 (clocked by sys_clk). Large setup violations at the end of those stages might be difficult to fix during the post-placement implementation flow and could be the result of non-optimal XDC constraints or non-optimal design architecture
Related violations: <none>

TIMING-16#304 Warning
Large setup violation  
There is a large setup violation of -1.559 ns between cpu/u_pc/pc_reg[18]/C (clocked by sys_clk) and cpu/u_dmem/ram_reg_0_255_16_16/RAMS64E_D/ADR3 (clocked by sys_clk). Large setup violations at the end of those stages might be difficult to fix during the post-placement implementation flow and could be the result of non-optimal XDC constraints or non-optimal design architecture
Related violations: <none>

TIMING-16#305 Warning
Large setup violation  
There is a large setup violation of -1.561 ns between cpu/u_pc/pc_reg[18]/C (clocked by sys_clk) and cpu/u_dmem/ram_reg_0_255_1_1/RAMS64E_A/ADR3 (clocked by sys_clk). Large setup violations at the end of those stages might be difficult to fix during the post-placement implementation flow and could be the result of non-optimal XDC constraints or non-optimal design architecture
Related violations: <none>

TIMING-16#306 Warning
Large setup violation  
There is a large setup violation of -1.561 ns between cpu/u_pc/pc_reg[18]/C (clocked by sys_clk) and cpu/u_dmem/ram_reg_0_255_1_1/RAMS64E_B/ADR3 (clocked by sys_clk). Large setup violations at the end of those stages might be difficult to fix during the post-placement implementation flow and could be the result of non-optimal XDC constraints or non-optimal design architecture
Related violations: <none>

TIMING-16#307 Warning
Large setup violation  
There is a large setup violation of -1.561 ns between cpu/u_pc/pc_reg[18]/C (clocked by sys_clk) and cpu/u_dmem/ram_reg_0_255_1_1/RAMS64E_C/ADR3 (clocked by sys_clk). Large setup violations at the end of those stages might be difficult to fix during the post-placement implementation flow and could be the result of non-optimal XDC constraints or non-optimal design architecture
Related violations: <none>

TIMING-16#308 Warning
Large setup violation  
There is a large setup violation of -1.561 ns between cpu/u_pc/pc_reg[18]/C (clocked by sys_clk) and cpu/u_dmem/ram_reg_0_255_1_1/RAMS64E_D/ADR3 (clocked by sys_clk). Large setup violations at the end of those stages might be difficult to fix during the post-placement implementation flow and could be the result of non-optimal XDC constraints or non-optimal design architecture
Related violations: <none>

TIMING-16#309 Warning
Large setup violation  
There is a large setup violation of -1.561 ns between cpu/u_pc/pc_reg[18]/C (clocked by sys_clk) and cpu/u_dmem/ram_reg_0_255_4_4/RAMS64E_A/ADR3 (clocked by sys_clk). Large setup violations at the end of those stages might be difficult to fix during the post-placement implementation flow and could be the result of non-optimal XDC constraints or non-optimal design architecture
Related violations: <none>

TIMING-16#310 Warning
Large setup violation  
There is a large setup violation of -1.561 ns between cpu/u_pc/pc_reg[18]/C (clocked by sys_clk) and cpu/u_dmem/ram_reg_0_255_4_4/RAMS64E_B/ADR3 (clocked by sys_clk). Large setup violations at the end of those stages might be difficult to fix during the post-placement implementation flow and could be the result of non-optimal XDC constraints or non-optimal design architecture
Related violations: <none>

TIMING-16#311 Warning
Large setup violation  
There is a large setup violation of -1.561 ns between cpu/u_pc/pc_reg[18]/C (clocked by sys_clk) and cpu/u_dmem/ram_reg_0_255_4_4/RAMS64E_C/ADR3 (clocked by sys_clk). Large setup violations at the end of those stages might be difficult to fix during the post-placement implementation flow and could be the result of non-optimal XDC constraints or non-optimal design architecture
Related violations: <none>

TIMING-16#312 Warning
Large setup violation  
There is a large setup violation of -1.561 ns between cpu/u_pc/pc_reg[18]/C (clocked by sys_clk) and cpu/u_dmem/ram_reg_0_255_4_4/RAMS64E_D/ADR3 (clocked by sys_clk). Large setup violations at the end of those stages might be difficult to fix during the post-placement implementation flow and could be the result of non-optimal XDC constraints or non-optimal design architecture
Related violations: <none>

TIMING-16#313 Warning
Large setup violation  
There is a large setup violation of -1.566 ns between cpu/u_pc/pc_reg[18]/C (clocked by sys_clk) and cpu/u_dmem/ram_reg_0_255_20_20/RAMS64E_A/ADR5 (clocked by sys_clk). Large setup violations at the end of those stages might be difficult to fix during the post-placement implementation flow and could be the result of non-optimal XDC constraints or non-optimal design architecture
Related violations: <none>

TIMING-16#314 Warning
Large setup violation  
There is a large setup violation of -1.566 ns between cpu/u_pc/pc_reg[18]/C (clocked by sys_clk) and cpu/u_dmem/ram_reg_0_255_20_20/RAMS64E_B/ADR5 (clocked by sys_clk). Large setup violations at the end of those stages might be difficult to fix during the post-placement implementation flow and could be the result of non-optimal XDC constraints or non-optimal design architecture
Related violations: <none>

TIMING-16#315 Warning
Large setup violation  
There is a large setup violation of -1.566 ns between cpu/u_pc/pc_reg[18]/C (clocked by sys_clk) and cpu/u_dmem/ram_reg_0_255_20_20/RAMS64E_C/ADR5 (clocked by sys_clk). Large setup violations at the end of those stages might be difficult to fix during the post-placement implementation flow and could be the result of non-optimal XDC constraints or non-optimal design architecture
Related violations: <none>

TIMING-16#316 Warning
Large setup violation  
There is a large setup violation of -1.566 ns between cpu/u_pc/pc_reg[18]/C (clocked by sys_clk) and cpu/u_dmem/ram_reg_0_255_20_20/RAMS64E_D/ADR5 (clocked by sys_clk). Large setup violations at the end of those stages might be difficult to fix during the post-placement implementation flow and could be the result of non-optimal XDC constraints or non-optimal design architecture
Related violations: <none>

TIMING-16#317 Warning
Large setup violation  
There is a large setup violation of -1.568 ns between cpu/u_pc/pc_reg[18]/C (clocked by sys_clk) and cpu/u_dmem/ram_reg_0_255_1_1/RAMS64E_A/ADR5 (clocked by sys_clk). Large setup violations at the end of those stages might be difficult to fix during the post-placement implementation flow and could be the result of non-optimal XDC constraints or non-optimal design architecture
Related violations: <none>

TIMING-16#318 Warning
Large setup violation  
There is a large setup violation of -1.568 ns between cpu/u_pc/pc_reg[18]/C (clocked by sys_clk) and cpu/u_dmem/ram_reg_0_255_1_1/RAMS64E_B/ADR5 (clocked by sys_clk). Large setup violations at the end of those stages might be difficult to fix during the post-placement implementation flow and could be the result of non-optimal XDC constraints or non-optimal design architecture
Related violations: <none>

TIMING-16#319 Warning
Large setup violation  
There is a large setup violation of -1.568 ns between cpu/u_pc/pc_reg[18]/C (clocked by sys_clk) and cpu/u_dmem/ram_reg_0_255_1_1/RAMS64E_C/ADR5 (clocked by sys_clk). Large setup violations at the end of those stages might be difficult to fix during the post-placement implementation flow and could be the result of non-optimal XDC constraints or non-optimal design architecture
Related violations: <none>

TIMING-16#320 Warning
Large setup violation  
There is a large setup violation of -1.568 ns between cpu/u_pc/pc_reg[18]/C (clocked by sys_clk) and cpu/u_dmem/ram_reg_0_255_1_1/RAMS64E_D/ADR5 (clocked by sys_clk). Large setup violations at the end of those stages might be difficult to fix during the post-placement implementation flow and could be the result of non-optimal XDC constraints or non-optimal design architecture
Related violations: <none>

TIMING-16#321 Warning
Large setup violation  
There is a large setup violation of -1.569 ns between cpu/u_pc/pc_reg[18]/C (clocked by sys_clk) and cpu/u_dmem/ram_reg_0_255_16_16/RAMS64E_A/ADR5 (clocked by sys_clk). Large setup violations at the end of those stages might be difficult to fix during the post-placement implementation flow and could be the result of non-optimal XDC constraints or non-optimal design architecture
Related violations: <none>

TIMING-16#322 Warning
Large setup violation  
There is a large setup violation of -1.569 ns between cpu/u_pc/pc_reg[18]/C (clocked by sys_clk) and cpu/u_dmem/ram_reg_0_255_16_16/RAMS64E_B/ADR5 (clocked by sys_clk). Large setup violations at the end of those stages might be difficult to fix during the post-placement implementation flow and could be the result of non-optimal XDC constraints or non-optimal design architecture
Related violations: <none>

TIMING-16#323 Warning
Large setup violation  
There is a large setup violation of -1.569 ns between cpu/u_pc/pc_reg[18]/C (clocked by sys_clk) and cpu/u_dmem/ram_reg_0_255_16_16/RAMS64E_C/ADR5 (clocked by sys_clk). Large setup violations at the end of those stages might be difficult to fix during the post-placement implementation flow and could be the result of non-optimal XDC constraints or non-optimal design architecture
Related violations: <none>

TIMING-16#324 Warning
Large setup violation  
There is a large setup violation of -1.569 ns between cpu/u_pc/pc_reg[18]/C (clocked by sys_clk) and cpu/u_dmem/ram_reg_0_255_16_16/RAMS64E_D/ADR5 (clocked by sys_clk). Large setup violations at the end of those stages might be difficult to fix during the post-placement implementation flow and could be the result of non-optimal XDC constraints or non-optimal design architecture
Related violations: <none>

TIMING-16#325 Warning
Large setup violation  
There is a large setup violation of -1.571 ns between cpu/u_pc/pc_reg[18]/C (clocked by sys_clk) and cpu/u_dmem/ram_reg_0_255_0_0/RAMS64E_A/ADR3 (clocked by sys_clk). Large setup violations at the end of those stages might be difficult to fix during the post-placement implementation flow and could be the result of non-optimal XDC constraints or non-optimal design architecture
Related violations: <none>

TIMING-16#326 Warning
Large setup violation  
There is a large setup violation of -1.571 ns between cpu/u_pc/pc_reg[18]/C (clocked by sys_clk) and cpu/u_dmem/ram_reg_0_255_0_0/RAMS64E_B/ADR3 (clocked by sys_clk). Large setup violations at the end of those stages might be difficult to fix during the post-placement implementation flow and could be the result of non-optimal XDC constraints or non-optimal design architecture
Related violations: <none>

TIMING-16#327 Warning
Large setup violation  
There is a large setup violation of -1.571 ns between cpu/u_pc/pc_reg[18]/C (clocked by sys_clk) and cpu/u_dmem/ram_reg_0_255_0_0/RAMS64E_C/ADR3 (clocked by sys_clk). Large setup violations at the end of those stages might be difficult to fix during the post-placement implementation flow and could be the result of non-optimal XDC constraints or non-optimal design architecture
Related violations: <none>

TIMING-16#328 Warning
Large setup violation  
There is a large setup violation of -1.571 ns between cpu/u_pc/pc_reg[18]/C (clocked by sys_clk) and cpu/u_dmem/ram_reg_0_255_0_0/RAMS64E_D/ADR3 (clocked by sys_clk). Large setup violations at the end of those stages might be difficult to fix during the post-placement implementation flow and could be the result of non-optimal XDC constraints or non-optimal design architecture
Related violations: <none>

TIMING-16#329 Warning
Large setup violation  
There is a large setup violation of -1.574 ns between cpu/u_pc/pc_reg[18]/C (clocked by sys_clk) and cpu/u_dmem/ram_reg_0_255_17_17/RAMS64E_A/ADR4 (clocked by sys_clk). Large setup violations at the end of those stages might be difficult to fix during the post-placement implementation flow and could be the result of non-optimal XDC constraints or non-optimal design architecture
Related violations: <none>

TIMING-16#330 Warning
Large setup violation  
There is a large setup violation of -1.574 ns between cpu/u_pc/pc_reg[18]/C (clocked by sys_clk) and cpu/u_dmem/ram_reg_0_255_17_17/RAMS64E_B/ADR4 (clocked by sys_clk). Large setup violations at the end of those stages might be difficult to fix during the post-placement implementation flow and could be the result of non-optimal XDC constraints or non-optimal design architecture
Related violations: <none>

TIMING-16#331 Warning
Large setup violation  
There is a large setup violation of -1.574 ns between cpu/u_pc/pc_reg[18]/C (clocked by sys_clk) and cpu/u_dmem/ram_reg_0_255_17_17/RAMS64E_C/ADR4 (clocked by sys_clk). Large setup violations at the end of those stages might be difficult to fix during the post-placement implementation flow and could be the result of non-optimal XDC constraints or non-optimal design architecture
Related violations: <none>

TIMING-16#332 Warning
Large setup violation  
There is a large setup violation of -1.574 ns between cpu/u_pc/pc_reg[18]/C (clocked by sys_clk) and cpu/u_dmem/ram_reg_0_255_17_17/RAMS64E_D/ADR4 (clocked by sys_clk). Large setup violations at the end of those stages might be difficult to fix during the post-placement implementation flow and could be the result of non-optimal XDC constraints or non-optimal design architecture
Related violations: <none>

TIMING-16#333 Warning
Large setup violation  
There is a large setup violation of -1.574 ns between cpu/u_pc/pc_reg[18]/C (clocked by sys_clk) and cpu/u_dmem/ram_reg_0_255_18_18/RAMS64E_A/ADR3 (clocked by sys_clk). Large setup violations at the end of those stages might be difficult to fix during the post-placement implementation flow and could be the result of non-optimal XDC constraints or non-optimal design architecture
Related violations: <none>

TIMING-16#334 Warning
Large setup violation  
There is a large setup violation of -1.574 ns between cpu/u_pc/pc_reg[18]/C (clocked by sys_clk) and cpu/u_dmem/ram_reg_0_255_18_18/RAMS64E_B/ADR3 (clocked by sys_clk). Large setup violations at the end of those stages might be difficult to fix during the post-placement implementation flow and could be the result of non-optimal XDC constraints or non-optimal design architecture
Related violations: <none>

TIMING-16#335 Warning
Large setup violation  
There is a large setup violation of -1.574 ns between cpu/u_pc/pc_reg[18]/C (clocked by sys_clk) and cpu/u_dmem/ram_reg_0_255_18_18/RAMS64E_C/ADR3 (clocked by sys_clk). Large setup violations at the end of those stages might be difficult to fix during the post-placement implementation flow and could be the result of non-optimal XDC constraints or non-optimal design architecture
Related violations: <none>

TIMING-16#336 Warning
Large setup violation  
There is a large setup violation of -1.574 ns between cpu/u_pc/pc_reg[18]/C (clocked by sys_clk) and cpu/u_dmem/ram_reg_0_255_18_18/RAMS64E_D/ADR3 (clocked by sys_clk). Large setup violations at the end of those stages might be difficult to fix during the post-placement implementation flow and could be the result of non-optimal XDC constraints or non-optimal design architecture
Related violations: <none>

TIMING-16#337 Warning
Large setup violation  
There is a large setup violation of -1.578 ns between cpu/u_pc/pc_reg[18]/C (clocked by sys_clk) and cpu/u_dmem/ram_reg_0_255_10_10/RAMS64E_A/ADR3 (clocked by sys_clk). Large setup violations at the end of those stages might be difficult to fix during the post-placement implementation flow and could be the result of non-optimal XDC constraints or non-optimal design architecture
Related violations: <none>

TIMING-16#338 Warning
Large setup violation  
There is a large setup violation of -1.578 ns between cpu/u_pc/pc_reg[18]/C (clocked by sys_clk) and cpu/u_dmem/ram_reg_0_255_10_10/RAMS64E_B/ADR3 (clocked by sys_clk). Large setup violations at the end of those stages might be difficult to fix during the post-placement implementation flow and could be the result of non-optimal XDC constraints or non-optimal design architecture
Related violations: <none>

TIMING-16#339 Warning
Large setup violation  
There is a large setup violation of -1.578 ns between cpu/u_pc/pc_reg[18]/C (clocked by sys_clk) and cpu/u_dmem/ram_reg_0_255_10_10/RAMS64E_C/ADR3 (clocked by sys_clk). Large setup violations at the end of those stages might be difficult to fix during the post-placement implementation flow and could be the result of non-optimal XDC constraints or non-optimal design architecture
Related violations: <none>

TIMING-16#340 Warning
Large setup violation  
There is a large setup violation of -1.578 ns between cpu/u_pc/pc_reg[18]/C (clocked by sys_clk) and cpu/u_dmem/ram_reg_0_255_10_10/RAMS64E_D/ADR3 (clocked by sys_clk). Large setup violations at the end of those stages might be difficult to fix during the post-placement implementation flow and could be the result of non-optimal XDC constraints or non-optimal design architecture
Related violations: <none>

TIMING-16#341 Warning
Large setup violation  
There is a large setup violation of -1.579 ns between cpu/u_pc/pc_reg[18]/C (clocked by sys_clk) and cpu/u_dmem/ram_reg_0_255_21_21/RAMS64E_A/ADR3 (clocked by sys_clk). Large setup violations at the end of those stages might be difficult to fix during the post-placement implementation flow and could be the result of non-optimal XDC constraints or non-optimal design architecture
Related violations: <none>

TIMING-16#342 Warning
Large setup violation  
There is a large setup violation of -1.579 ns between cpu/u_pc/pc_reg[18]/C (clocked by sys_clk) and cpu/u_dmem/ram_reg_0_255_21_21/RAMS64E_B/ADR3 (clocked by sys_clk). Large setup violations at the end of those stages might be difficult to fix during the post-placement implementation flow and could be the result of non-optimal XDC constraints or non-optimal design architecture
Related violations: <none>

TIMING-16#343 Warning
Large setup violation  
There is a large setup violation of -1.579 ns between cpu/u_pc/pc_reg[18]/C (clocked by sys_clk) and cpu/u_dmem/ram_reg_0_255_21_21/RAMS64E_C/ADR3 (clocked by sys_clk). Large setup violations at the end of those stages might be difficult to fix during the post-placement implementation flow and could be the result of non-optimal XDC constraints or non-optimal design architecture
Related violations: <none>

TIMING-16#344 Warning
Large setup violation  
There is a large setup violation of -1.579 ns between cpu/u_pc/pc_reg[18]/C (clocked by sys_clk) and cpu/u_dmem/ram_reg_0_255_21_21/RAMS64E_D/ADR3 (clocked by sys_clk). Large setup violations at the end of those stages might be difficult to fix during the post-placement implementation flow and could be the result of non-optimal XDC constraints or non-optimal design architecture
Related violations: <none>

TIMING-16#345 Warning
Large setup violation  
There is a large setup violation of -1.579 ns between cpu/u_pc/pc_reg[18]/C (clocked by sys_clk) and cpu/u_dmem/ram_reg_0_255_30_30/RAMS64E_A/ADR4 (clocked by sys_clk). Large setup violations at the end of those stages might be difficult to fix during the post-placement implementation flow and could be the result of non-optimal XDC constraints or non-optimal design architecture
Related violations: <none>

TIMING-16#346 Warning
Large setup violation  
There is a large setup violation of -1.579 ns between cpu/u_pc/pc_reg[18]/C (clocked by sys_clk) and cpu/u_dmem/ram_reg_0_255_30_30/RAMS64E_B/ADR4 (clocked by sys_clk). Large setup violations at the end of those stages might be difficult to fix during the post-placement implementation flow and could be the result of non-optimal XDC constraints or non-optimal design architecture
Related violations: <none>

TIMING-16#347 Warning
Large setup violation  
There is a large setup violation of -1.579 ns between cpu/u_pc/pc_reg[18]/C (clocked by sys_clk) and cpu/u_dmem/ram_reg_0_255_30_30/RAMS64E_C/ADR4 (clocked by sys_clk). Large setup violations at the end of those stages might be difficult to fix during the post-placement implementation flow and could be the result of non-optimal XDC constraints or non-optimal design architecture
Related violations: <none>

TIMING-16#348 Warning
Large setup violation  
There is a large setup violation of -1.579 ns between cpu/u_pc/pc_reg[18]/C (clocked by sys_clk) and cpu/u_dmem/ram_reg_0_255_30_30/RAMS64E_D/ADR4 (clocked by sys_clk). Large setup violations at the end of those stages might be difficult to fix during the post-placement implementation flow and could be the result of non-optimal XDC constraints or non-optimal design architecture
Related violations: <none>

TIMING-16#349 Warning
Large setup violation  
There is a large setup violation of -1.580 ns between cpu/u_pc/pc_reg[18]/C (clocked by sys_clk) and cpu/u_dmem/ram_reg_0_255_15_15/RAMS64E_A/ADR0 (clocked by sys_clk). Large setup violations at the end of those stages might be difficult to fix during the post-placement implementation flow and could be the result of non-optimal XDC constraints or non-optimal design architecture
Related violations: <none>

TIMING-16#350 Warning
Large setup violation  
There is a large setup violation of -1.580 ns between cpu/u_pc/pc_reg[18]/C (clocked by sys_clk) and cpu/u_dmem/ram_reg_0_255_15_15/RAMS64E_B/ADR0 (clocked by sys_clk). Large setup violations at the end of those stages might be difficult to fix during the post-placement implementation flow and could be the result of non-optimal XDC constraints or non-optimal design architecture
Related violations: <none>

TIMING-16#351 Warning
Large setup violation  
There is a large setup violation of -1.580 ns between cpu/u_pc/pc_reg[18]/C (clocked by sys_clk) and cpu/u_dmem/ram_reg_0_255_15_15/RAMS64E_C/ADR0 (clocked by sys_clk). Large setup violations at the end of those stages might be difficult to fix during the post-placement implementation flow and could be the result of non-optimal XDC constraints or non-optimal design architecture
Related violations: <none>

TIMING-16#352 Warning
Large setup violation  
There is a large setup violation of -1.580 ns between cpu/u_pc/pc_reg[18]/C (clocked by sys_clk) and cpu/u_dmem/ram_reg_0_255_15_15/RAMS64E_D/ADR0 (clocked by sys_clk). Large setup violations at the end of those stages might be difficult to fix during the post-placement implementation flow and could be the result of non-optimal XDC constraints or non-optimal design architecture
Related violations: <none>

TIMING-16#353 Warning
Large setup violation  
There is a large setup violation of -1.581 ns between cpu/u_pc/pc_reg[18]/C (clocked by sys_clk) and cpu/u_dmem/ram_reg_0_255_26_26/RAMS64E_A/ADR0 (clocked by sys_clk). Large setup violations at the end of those stages might be difficult to fix during the post-placement implementation flow and could be the result of non-optimal XDC constraints or non-optimal design architecture
Related violations: <none>

TIMING-16#354 Warning
Large setup violation  
There is a large setup violation of -1.581 ns between cpu/u_pc/pc_reg[18]/C (clocked by sys_clk) and cpu/u_dmem/ram_reg_0_255_26_26/RAMS64E_B/ADR0 (clocked by sys_clk). Large setup violations at the end of those stages might be difficult to fix during the post-placement implementation flow and could be the result of non-optimal XDC constraints or non-optimal design architecture
Related violations: <none>

TIMING-16#355 Warning
Large setup violation  
There is a large setup violation of -1.581 ns between cpu/u_pc/pc_reg[18]/C (clocked by sys_clk) and cpu/u_dmem/ram_reg_0_255_26_26/RAMS64E_C/ADR0 (clocked by sys_clk). Large setup violations at the end of those stages might be difficult to fix during the post-placement implementation flow and could be the result of non-optimal XDC constraints or non-optimal design architecture
Related violations: <none>

TIMING-16#356 Warning
Large setup violation  
There is a large setup violation of -1.581 ns between cpu/u_pc/pc_reg[18]/C (clocked by sys_clk) and cpu/u_dmem/ram_reg_0_255_26_26/RAMS64E_D/ADR0 (clocked by sys_clk). Large setup violations at the end of those stages might be difficult to fix during the post-placement implementation flow and could be the result of non-optimal XDC constraints or non-optimal design architecture
Related violations: <none>

TIMING-16#357 Warning
Large setup violation  
There is a large setup violation of -1.585 ns between cpu/u_pc/pc_reg[18]/C (clocked by sys_clk) and cpu/u_dmem/ram_reg_0_255_13_13/RAMS64E_A/ADR3 (clocked by sys_clk). Large setup violations at the end of those stages might be difficult to fix during the post-placement implementation flow and could be the result of non-optimal XDC constraints or non-optimal design architecture
Related violations: <none>

TIMING-16#358 Warning
Large setup violation  
There is a large setup violation of -1.585 ns between cpu/u_pc/pc_reg[18]/C (clocked by sys_clk) and cpu/u_dmem/ram_reg_0_255_13_13/RAMS64E_B/ADR3 (clocked by sys_clk). Large setup violations at the end of those stages might be difficult to fix during the post-placement implementation flow and could be the result of non-optimal XDC constraints or non-optimal design architecture
Related violations: <none>

TIMING-16#359 Warning
Large setup violation  
There is a large setup violation of -1.585 ns between cpu/u_pc/pc_reg[18]/C (clocked by sys_clk) and cpu/u_dmem/ram_reg_0_255_13_13/RAMS64E_C/ADR3 (clocked by sys_clk). Large setup violations at the end of those stages might be difficult to fix during the post-placement implementation flow and could be the result of non-optimal XDC constraints or non-optimal design architecture
Related violations: <none>

TIMING-16#360 Warning
Large setup violation  
There is a large setup violation of -1.585 ns between cpu/u_pc/pc_reg[18]/C (clocked by sys_clk) and cpu/u_dmem/ram_reg_0_255_13_13/RAMS64E_D/ADR3 (clocked by sys_clk). Large setup violations at the end of those stages might be difficult to fix during the post-placement implementation flow and could be the result of non-optimal XDC constraints or non-optimal design architecture
Related violations: <none>

TIMING-16#361 Warning
Large setup violation  
There is a large setup violation of -1.591 ns between cpu/u_pc/pc_reg[18]/C (clocked by sys_clk) and cpu/u_dmem/ram_reg_0_255_14_14/RAMS64E_A/ADR4 (clocked by sys_clk). Large setup violations at the end of those stages might be difficult to fix during the post-placement implementation flow and could be the result of non-optimal XDC constraints or non-optimal design architecture
Related violations: <none>

TIMING-16#362 Warning
Large setup violation  
There is a large setup violation of -1.591 ns between cpu/u_pc/pc_reg[18]/C (clocked by sys_clk) and cpu/u_dmem/ram_reg_0_255_14_14/RAMS64E_B/ADR4 (clocked by sys_clk). Large setup violations at the end of those stages might be difficult to fix during the post-placement implementation flow and could be the result of non-optimal XDC constraints or non-optimal design architecture
Related violations: <none>

TIMING-16#363 Warning
Large setup violation  
There is a large setup violation of -1.591 ns between cpu/u_pc/pc_reg[18]/C (clocked by sys_clk) and cpu/u_dmem/ram_reg_0_255_14_14/RAMS64E_C/ADR4 (clocked by sys_clk). Large setup violations at the end of those stages might be difficult to fix during the post-placement implementation flow and could be the result of non-optimal XDC constraints or non-optimal design architecture
Related violations: <none>

TIMING-16#364 Warning
Large setup violation  
There is a large setup violation of -1.591 ns between cpu/u_pc/pc_reg[18]/C (clocked by sys_clk) and cpu/u_dmem/ram_reg_0_255_14_14/RAMS64E_D/ADR4 (clocked by sys_clk). Large setup violations at the end of those stages might be difficult to fix during the post-placement implementation flow and could be the result of non-optimal XDC constraints or non-optimal design architecture
Related violations: <none>

TIMING-16#365 Warning
Large setup violation  
There is a large setup violation of -1.592 ns between cpu/u_pc/pc_reg[18]/C (clocked by sys_clk) and cpu/u_dmem/ram_reg_0_255_20_20/RAMS64E_A/ADR0 (clocked by sys_clk). Large setup violations at the end of those stages might be difficult to fix during the post-placement implementation flow and could be the result of non-optimal XDC constraints or non-optimal design architecture
Related violations: <none>

TIMING-16#366 Warning
Large setup violation  
There is a large setup violation of -1.592 ns between cpu/u_pc/pc_reg[18]/C (clocked by sys_clk) and cpu/u_dmem/ram_reg_0_255_20_20/RAMS64E_B/ADR0 (clocked by sys_clk). Large setup violations at the end of those stages might be difficult to fix during the post-placement implementation flow and could be the result of non-optimal XDC constraints or non-optimal design architecture
Related violations: <none>

TIMING-16#367 Warning
Large setup violation  
There is a large setup violation of -1.592 ns between cpu/u_pc/pc_reg[18]/C (clocked by sys_clk) and cpu/u_dmem/ram_reg_0_255_20_20/RAMS64E_C/ADR0 (clocked by sys_clk). Large setup violations at the end of those stages might be difficult to fix during the post-placement implementation flow and could be the result of non-optimal XDC constraints or non-optimal design architecture
Related violations: <none>

TIMING-16#368 Warning
Large setup violation  
There is a large setup violation of -1.592 ns between cpu/u_pc/pc_reg[18]/C (clocked by sys_clk) and cpu/u_dmem/ram_reg_0_255_20_20/RAMS64E_D/ADR0 (clocked by sys_clk). Large setup violations at the end of those stages might be difficult to fix during the post-placement implementation flow and could be the result of non-optimal XDC constraints or non-optimal design architecture
Related violations: <none>

TIMING-16#369 Warning
Large setup violation  
There is a large setup violation of -1.593 ns between cpu/u_pc/pc_reg[18]/C (clocked by sys_clk) and cpu/u_dmem/ram_reg_0_255_24_24/RAMS64E_A/ADR4 (clocked by sys_clk). Large setup violations at the end of those stages might be difficult to fix during the post-placement implementation flow and could be the result of non-optimal XDC constraints or non-optimal design architecture
Related violations: <none>

TIMING-16#370 Warning
Large setup violation  
There is a large setup violation of -1.593 ns between cpu/u_pc/pc_reg[18]/C (clocked by sys_clk) and cpu/u_dmem/ram_reg_0_255_24_24/RAMS64E_B/ADR4 (clocked by sys_clk). Large setup violations at the end of those stages might be difficult to fix during the post-placement implementation flow and could be the result of non-optimal XDC constraints or non-optimal design architecture
Related violations: <none>

TIMING-16#371 Warning
Large setup violation  
There is a large setup violation of -1.593 ns between cpu/u_pc/pc_reg[18]/C (clocked by sys_clk) and cpu/u_dmem/ram_reg_0_255_24_24/RAMS64E_C/ADR4 (clocked by sys_clk). Large setup violations at the end of those stages might be difficult to fix during the post-placement implementation flow and could be the result of non-optimal XDC constraints or non-optimal design architecture
Related violations: <none>

TIMING-16#372 Warning
Large setup violation  
There is a large setup violation of -1.593 ns between cpu/u_pc/pc_reg[18]/C (clocked by sys_clk) and cpu/u_dmem/ram_reg_0_255_24_24/RAMS64E_D/ADR4 (clocked by sys_clk). Large setup violations at the end of those stages might be difficult to fix during the post-placement implementation flow and could be the result of non-optimal XDC constraints or non-optimal design architecture
Related violations: <none>

TIMING-16#373 Warning
Large setup violation  
There is a large setup violation of -1.596 ns between cpu/u_pc/pc_reg[18]/C (clocked by sys_clk) and cpu/u_dmem/ram_reg_0_255_2_2/RAMS64E_A/ADR5 (clocked by sys_clk). Large setup violations at the end of those stages might be difficult to fix during the post-placement implementation flow and could be the result of non-optimal XDC constraints or non-optimal design architecture
Related violations: <none>

TIMING-16#374 Warning
Large setup violation  
There is a large setup violation of -1.596 ns between cpu/u_pc/pc_reg[18]/C (clocked by sys_clk) and cpu/u_dmem/ram_reg_0_255_2_2/RAMS64E_B/ADR5 (clocked by sys_clk). Large setup violations at the end of those stages might be difficult to fix during the post-placement implementation flow and could be the result of non-optimal XDC constraints or non-optimal design architecture
Related violations: <none>

TIMING-16#375 Warning
Large setup violation  
There is a large setup violation of -1.596 ns between cpu/u_pc/pc_reg[18]/C (clocked by sys_clk) and cpu/u_dmem/ram_reg_0_255_2_2/RAMS64E_C/ADR5 (clocked by sys_clk). Large setup violations at the end of those stages might be difficult to fix during the post-placement implementation flow and could be the result of non-optimal XDC constraints or non-optimal design architecture
Related violations: <none>

TIMING-16#376 Warning
Large setup violation  
There is a large setup violation of -1.596 ns between cpu/u_pc/pc_reg[18]/C (clocked by sys_clk) and cpu/u_dmem/ram_reg_0_255_2_2/RAMS64E_D/ADR5 (clocked by sys_clk). Large setup violations at the end of those stages might be difficult to fix during the post-placement implementation flow and could be the result of non-optimal XDC constraints or non-optimal design architecture
Related violations: <none>

TIMING-16#377 Warning
Large setup violation  
There is a large setup violation of -1.604 ns between cpu/u_pc/pc_reg[18]/C (clocked by sys_clk) and cpu/u_dmem/ram_reg_0_255_11_11/RAMS64E_A/ADR5 (clocked by sys_clk). Large setup violations at the end of those stages might be difficult to fix during the post-placement implementation flow and could be the result of non-optimal XDC constraints or non-optimal design architecture
Related violations: <none>

TIMING-16#378 Warning
Large setup violation  
There is a large setup violation of -1.604 ns between cpu/u_pc/pc_reg[18]/C (clocked by sys_clk) and cpu/u_dmem/ram_reg_0_255_11_11/RAMS64E_B/ADR5 (clocked by sys_clk). Large setup violations at the end of those stages might be difficult to fix during the post-placement implementation flow and could be the result of non-optimal XDC constraints or non-optimal design architecture
Related violations: <none>

TIMING-16#379 Warning
Large setup violation  
There is a large setup violation of -1.604 ns between cpu/u_pc/pc_reg[18]/C (clocked by sys_clk) and cpu/u_dmem/ram_reg_0_255_11_11/RAMS64E_C/ADR5 (clocked by sys_clk). Large setup violations at the end of those stages might be difficult to fix during the post-placement implementation flow and could be the result of non-optimal XDC constraints or non-optimal design architecture
Related violations: <none>

TIMING-16#380 Warning
Large setup violation  
There is a large setup violation of -1.604 ns between cpu/u_pc/pc_reg[18]/C (clocked by sys_clk) and cpu/u_dmem/ram_reg_0_255_11_11/RAMS64E_D/ADR5 (clocked by sys_clk). Large setup violations at the end of those stages might be difficult to fix during the post-placement implementation flow and could be the result of non-optimal XDC constraints or non-optimal design architecture
Related violations: <none>

TIMING-16#381 Warning
Large setup violation  
There is a large setup violation of -1.610 ns between cpu/u_pc/pc_reg[18]/C (clocked by sys_clk) and cpu/u_dmem/ram_reg_0_255_6_6/RAMS64E_A/ADR3 (clocked by sys_clk). Large setup violations at the end of those stages might be difficult to fix during the post-placement implementation flow and could be the result of non-optimal XDC constraints or non-optimal design architecture
Related violations: <none>

TIMING-16#382 Warning
Large setup violation  
There is a large setup violation of -1.612 ns between cpu/u_pc/pc_reg[18]/C (clocked by sys_clk) and cpu/u_dmem/ram_reg_0_255_14_14/RAMS64E_A/ADR0 (clocked by sys_clk). Large setup violations at the end of those stages might be difficult to fix during the post-placement implementation flow and could be the result of non-optimal XDC constraints or non-optimal design architecture
Related violations: <none>

TIMING-16#383 Warning
Large setup violation  
There is a large setup violation of -1.612 ns between cpu/u_pc/pc_reg[18]/C (clocked by sys_clk) and cpu/u_dmem/ram_reg_0_255_14_14/RAMS64E_B/ADR0 (clocked by sys_clk). Large setup violations at the end of those stages might be difficult to fix during the post-placement implementation flow and could be the result of non-optimal XDC constraints or non-optimal design architecture
Related violations: <none>

TIMING-16#384 Warning
Large setup violation  
There is a large setup violation of -1.612 ns between cpu/u_pc/pc_reg[18]/C (clocked by sys_clk) and cpu/u_dmem/ram_reg_0_255_14_14/RAMS64E_C/ADR0 (clocked by sys_clk). Large setup violations at the end of those stages might be difficult to fix during the post-placement implementation flow and could be the result of non-optimal XDC constraints or non-optimal design architecture
Related violations: <none>

TIMING-16#385 Warning
Large setup violation  
There is a large setup violation of -1.612 ns between cpu/u_pc/pc_reg[18]/C (clocked by sys_clk) and cpu/u_dmem/ram_reg_0_255_14_14/RAMS64E_D/ADR0 (clocked by sys_clk). Large setup violations at the end of those stages might be difficult to fix during the post-placement implementation flow and could be the result of non-optimal XDC constraints or non-optimal design architecture
Related violations: <none>

TIMING-16#386 Warning
Large setup violation  
There is a large setup violation of -1.614 ns between cpu/u_pc/pc_reg[18]/C (clocked by sys_clk) and cpu/u_dmem/ram_reg_0_255_28_28/RAMS64E_A/ADR0 (clocked by sys_clk). Large setup violations at the end of those stages might be difficult to fix during the post-placement implementation flow and could be the result of non-optimal XDC constraints or non-optimal design architecture
Related violations: <none>

TIMING-16#387 Warning
Large setup violation  
There is a large setup violation of -1.614 ns between cpu/u_pc/pc_reg[18]/C (clocked by sys_clk) and cpu/u_dmem/ram_reg_0_255_28_28/RAMS64E_B/ADR0 (clocked by sys_clk). Large setup violations at the end of those stages might be difficult to fix during the post-placement implementation flow and could be the result of non-optimal XDC constraints or non-optimal design architecture
Related violations: <none>

TIMING-16#388 Warning
Large setup violation  
There is a large setup violation of -1.614 ns between cpu/u_pc/pc_reg[18]/C (clocked by sys_clk) and cpu/u_dmem/ram_reg_0_255_28_28/RAMS64E_C/ADR0 (clocked by sys_clk). Large setup violations at the end of those stages might be difficult to fix during the post-placement implementation flow and could be the result of non-optimal XDC constraints or non-optimal design architecture
Related violations: <none>

TIMING-16#389 Warning
Large setup violation  
There is a large setup violation of -1.614 ns between cpu/u_pc/pc_reg[18]/C (clocked by sys_clk) and cpu/u_dmem/ram_reg_0_255_28_28/RAMS64E_D/ADR0 (clocked by sys_clk). Large setup violations at the end of those stages might be difficult to fix during the post-placement implementation flow and could be the result of non-optimal XDC constraints or non-optimal design architecture
Related violations: <none>

TIMING-16#390 Warning
Large setup violation  
There is a large setup violation of -1.614 ns between cpu/u_pc/pc_reg[18]/C (clocked by sys_clk) and cpu/u_dmem/ram_reg_0_255_30_30/RAMS64E_A/ADR0 (clocked by sys_clk). Large setup violations at the end of those stages might be difficult to fix during the post-placement implementation flow and could be the result of non-optimal XDC constraints or non-optimal design architecture
Related violations: <none>

TIMING-16#391 Warning
Large setup violation  
There is a large setup violation of -1.614 ns between cpu/u_pc/pc_reg[18]/C (clocked by sys_clk) and cpu/u_dmem/ram_reg_0_255_30_30/RAMS64E_B/ADR0 (clocked by sys_clk). Large setup violations at the end of those stages might be difficult to fix during the post-placement implementation flow and could be the result of non-optimal XDC constraints or non-optimal design architecture
Related violations: <none>

TIMING-16#392 Warning
Large setup violation  
There is a large setup violation of -1.614 ns between cpu/u_pc/pc_reg[18]/C (clocked by sys_clk) and cpu/u_dmem/ram_reg_0_255_30_30/RAMS64E_C/ADR0 (clocked by sys_clk). Large setup violations at the end of those stages might be difficult to fix during the post-placement implementation flow and could be the result of non-optimal XDC constraints or non-optimal design architecture
Related violations: <none>

TIMING-16#393 Warning
Large setup violation  
There is a large setup violation of -1.614 ns between cpu/u_pc/pc_reg[18]/C (clocked by sys_clk) and cpu/u_dmem/ram_reg_0_255_30_30/RAMS64E_D/ADR0 (clocked by sys_clk). Large setup violations at the end of those stages might be difficult to fix during the post-placement implementation flow and could be the result of non-optimal XDC constraints or non-optimal design architecture
Related violations: <none>

TIMING-16#394 Warning
Large setup violation  
There is a large setup violation of -1.630 ns between cpu/u_pc/pc_reg[18]/C (clocked by sys_clk) and cpu/u_dmem/ram_reg_0_255_15_15/RAMS64E_A/ADR1 (clocked by sys_clk). Large setup violations at the end of those stages might be difficult to fix during the post-placement implementation flow and could be the result of non-optimal XDC constraints or non-optimal design architecture
Related violations: <none>

TIMING-16#395 Warning
Large setup violation  
There is a large setup violation of -1.630 ns between cpu/u_pc/pc_reg[18]/C (clocked by sys_clk) and cpu/u_dmem/ram_reg_0_255_15_15/RAMS64E_B/ADR1 (clocked by sys_clk). Large setup violations at the end of those stages might be difficult to fix during the post-placement implementation flow and could be the result of non-optimal XDC constraints or non-optimal design architecture
Related violations: <none>

TIMING-16#396 Warning
Large setup violation  
There is a large setup violation of -1.630 ns between cpu/u_pc/pc_reg[18]/C (clocked by sys_clk) and cpu/u_dmem/ram_reg_0_255_15_15/RAMS64E_C/ADR1 (clocked by sys_clk). Large setup violations at the end of those stages might be difficult to fix during the post-placement implementation flow and could be the result of non-optimal XDC constraints or non-optimal design architecture
Related violations: <none>

TIMING-16#397 Warning
Large setup violation  
There is a large setup violation of -1.630 ns between cpu/u_pc/pc_reg[18]/C (clocked by sys_clk) and cpu/u_dmem/ram_reg_0_255_15_15/RAMS64E_D/ADR1 (clocked by sys_clk). Large setup violations at the end of those stages might be difficult to fix during the post-placement implementation flow and could be the result of non-optimal XDC constraints or non-optimal design architecture
Related violations: <none>

TIMING-16#398 Warning
Large setup violation  
There is a large setup violation of -1.631 ns between cpu/u_pc/pc_reg[18]/C (clocked by sys_clk) and cpu/u_dmem/ram_reg_0_255_10_10/RAMS64E_A/ADR5 (clocked by sys_clk). Large setup violations at the end of those stages might be difficult to fix during the post-placement implementation flow and could be the result of non-optimal XDC constraints or non-optimal design architecture
Related violations: <none>

TIMING-16#399 Warning
Large setup violation  
There is a large setup violation of -1.631 ns between cpu/u_pc/pc_reg[18]/C (clocked by sys_clk) and cpu/u_dmem/ram_reg_0_255_10_10/RAMS64E_B/ADR5 (clocked by sys_clk). Large setup violations at the end of those stages might be difficult to fix during the post-placement implementation flow and could be the result of non-optimal XDC constraints or non-optimal design architecture
Related violations: <none>

TIMING-16#400 Warning
Large setup violation  
There is a large setup violation of -1.631 ns between cpu/u_pc/pc_reg[18]/C (clocked by sys_clk) and cpu/u_dmem/ram_reg_0_255_10_10/RAMS64E_C/ADR5 (clocked by sys_clk). Large setup violations at the end of those stages might be difficult to fix during the post-placement implementation flow and could be the result of non-optimal XDC constraints or non-optimal design architecture
Related violations: <none>

TIMING-16#401 Warning
Large setup violation  
There is a large setup violation of -1.631 ns between cpu/u_pc/pc_reg[18]/C (clocked by sys_clk) and cpu/u_dmem/ram_reg_0_255_10_10/RAMS64E_D/ADR5 (clocked by sys_clk). Large setup violations at the end of those stages might be difficult to fix during the post-placement implementation flow and could be the result of non-optimal XDC constraints or non-optimal design architecture
Related violations: <none>

TIMING-16#402 Warning
Large setup violation  
There is a large setup violation of -1.637 ns between cpu/u_pc/pc_reg[18]/C (clocked by sys_clk) and cpu/u_dmem/ram_reg_0_255_24_24/RAMS64E_A/ADR3 (clocked by sys_clk). Large setup violations at the end of those stages might be difficult to fix during the post-placement implementation flow and could be the result of non-optimal XDC constraints or non-optimal design architecture
Related violations: <none>

TIMING-16#403 Warning
Large setup violation  
There is a large setup violation of -1.637 ns between cpu/u_pc/pc_reg[18]/C (clocked by sys_clk) and cpu/u_dmem/ram_reg_0_255_24_24/RAMS64E_B/ADR3 (clocked by sys_clk). Large setup violations at the end of those stages might be difficult to fix during the post-placement implementation flow and could be the result of non-optimal XDC constraints or non-optimal design architecture
Related violations: <none>

TIMING-16#404 Warning
Large setup violation  
There is a large setup violation of -1.637 ns between cpu/u_pc/pc_reg[18]/C (clocked by sys_clk) and cpu/u_dmem/ram_reg_0_255_24_24/RAMS64E_C/ADR3 (clocked by sys_clk). Large setup violations at the end of those stages might be difficult to fix during the post-placement implementation flow and could be the result of non-optimal XDC constraints or non-optimal design architecture
Related violations: <none>

TIMING-16#405 Warning
Large setup violation  
There is a large setup violation of -1.637 ns between cpu/u_pc/pc_reg[18]/C (clocked by sys_clk) and cpu/u_dmem/ram_reg_0_255_24_24/RAMS64E_D/ADR3 (clocked by sys_clk). Large setup violations at the end of those stages might be difficult to fix during the post-placement implementation flow and could be the result of non-optimal XDC constraints or non-optimal design architecture
Related violations: <none>

TIMING-16#406 Warning
Large setup violation  
There is a large setup violation of -1.640 ns between cpu/u_pc/pc_reg[18]/C (clocked by sys_clk) and cpu/u_dmem/ram_reg_0_255_31_31/RAMS64E_A/ADR0 (clocked by sys_clk). Large setup violations at the end of those stages might be difficult to fix during the post-placement implementation flow and could be the result of non-optimal XDC constraints or non-optimal design architecture
Related violations: <none>

TIMING-16#407 Warning
Large setup violation  
There is a large setup violation of -1.640 ns between cpu/u_pc/pc_reg[18]/C (clocked by sys_clk) and cpu/u_dmem/ram_reg_0_255_31_31/RAMS64E_B/ADR0 (clocked by sys_clk). Large setup violations at the end of those stages might be difficult to fix during the post-placement implementation flow and could be the result of non-optimal XDC constraints or non-optimal design architecture
Related violations: <none>

TIMING-16#408 Warning
Large setup violation  
There is a large setup violation of -1.640 ns between cpu/u_pc/pc_reg[18]/C (clocked by sys_clk) and cpu/u_dmem/ram_reg_0_255_31_31/RAMS64E_C/ADR0 (clocked by sys_clk). Large setup violations at the end of those stages might be difficult to fix during the post-placement implementation flow and could be the result of non-optimal XDC constraints or non-optimal design architecture
Related violations: <none>

TIMING-16#409 Warning
Large setup violation  
There is a large setup violation of -1.640 ns between cpu/u_pc/pc_reg[18]/C (clocked by sys_clk) and cpu/u_dmem/ram_reg_0_255_31_31/RAMS64E_D/ADR0 (clocked by sys_clk). Large setup violations at the end of those stages might be difficult to fix during the post-placement implementation flow and could be the result of non-optimal XDC constraints or non-optimal design architecture
Related violations: <none>

TIMING-16#410 Warning
Large setup violation  
There is a large setup violation of -1.641 ns between cpu/u_pc/pc_reg[18]/C (clocked by sys_clk) and cpu/u_dmem/ram_reg_0_255_11_11/RAMS64E_A/ADR3 (clocked by sys_clk). Large setup violations at the end of those stages might be difficult to fix during the post-placement implementation flow and could be the result of non-optimal XDC constraints or non-optimal design architecture
Related violations: <none>

TIMING-16#411 Warning
Large setup violation  
There is a large setup violation of -1.641 ns between cpu/u_pc/pc_reg[18]/C (clocked by sys_clk) and cpu/u_dmem/ram_reg_0_255_11_11/RAMS64E_B/ADR3 (clocked by sys_clk). Large setup violations at the end of those stages might be difficult to fix during the post-placement implementation flow and could be the result of non-optimal XDC constraints or non-optimal design architecture
Related violations: <none>

TIMING-16#412 Warning
Large setup violation  
There is a large setup violation of -1.641 ns between cpu/u_pc/pc_reg[18]/C (clocked by sys_clk) and cpu/u_dmem/ram_reg_0_255_11_11/RAMS64E_C/ADR3 (clocked by sys_clk). Large setup violations at the end of those stages might be difficult to fix during the post-placement implementation flow and could be the result of non-optimal XDC constraints or non-optimal design architecture
Related violations: <none>

TIMING-16#413 Warning
Large setup violation  
There is a large setup violation of -1.641 ns between cpu/u_pc/pc_reg[18]/C (clocked by sys_clk) and cpu/u_dmem/ram_reg_0_255_11_11/RAMS64E_D/ADR3 (clocked by sys_clk). Large setup violations at the end of those stages might be difficult to fix during the post-placement implementation flow and could be the result of non-optimal XDC constraints or non-optimal design architecture
Related violations: <none>

TIMING-16#414 Warning
Large setup violation  
There is a large setup violation of -1.643 ns between cpu/u_pc/pc_reg[18]/C (clocked by sys_clk) and cpu/u_dmem/ram_reg_0_255_18_18/RAMS64E_A/ADR2 (clocked by sys_clk). Large setup violations at the end of those stages might be difficult to fix during the post-placement implementation flow and could be the result of non-optimal XDC constraints or non-optimal design architecture
Related violations: <none>

TIMING-16#415 Warning
Large setup violation  
There is a large setup violation of -1.643 ns between cpu/u_pc/pc_reg[18]/C (clocked by sys_clk) and cpu/u_dmem/ram_reg_0_255_18_18/RAMS64E_B/ADR2 (clocked by sys_clk). Large setup violations at the end of those stages might be difficult to fix during the post-placement implementation flow and could be the result of non-optimal XDC constraints or non-optimal design architecture
Related violations: <none>

TIMING-16#416 Warning
Large setup violation  
There is a large setup violation of -1.643 ns between cpu/u_pc/pc_reg[18]/C (clocked by sys_clk) and cpu/u_dmem/ram_reg_0_255_18_18/RAMS64E_C/ADR2 (clocked by sys_clk). Large setup violations at the end of those stages might be difficult to fix during the post-placement implementation flow and could be the result of non-optimal XDC constraints or non-optimal design architecture
Related violations: <none>

TIMING-16#417 Warning
Large setup violation  
There is a large setup violation of -1.643 ns between cpu/u_pc/pc_reg[18]/C (clocked by sys_clk) and cpu/u_dmem/ram_reg_0_255_18_18/RAMS64E_D/ADR2 (clocked by sys_clk). Large setup violations at the end of those stages might be difficult to fix during the post-placement implementation flow and could be the result of non-optimal XDC constraints or non-optimal design architecture
Related violations: <none>

TIMING-16#418 Warning
Large setup violation  
There is a large setup violation of -1.645 ns between cpu/u_pc/pc_reg[18]/C (clocked by sys_clk) and cpu/u_dmem/ram_reg_0_255_24_24/RAMS64E_A/ADR0 (clocked by sys_clk). Large setup violations at the end of those stages might be difficult to fix during the post-placement implementation flow and could be the result of non-optimal XDC constraints or non-optimal design architecture
Related violations: <none>

TIMING-16#419 Warning
Large setup violation  
There is a large setup violation of -1.645 ns between cpu/u_pc/pc_reg[18]/C (clocked by sys_clk) and cpu/u_dmem/ram_reg_0_255_24_24/RAMS64E_B/ADR0 (clocked by sys_clk). Large setup violations at the end of those stages might be difficult to fix during the post-placement implementation flow and could be the result of non-optimal XDC constraints or non-optimal design architecture
Related violations: <none>

TIMING-16#420 Warning
Large setup violation  
There is a large setup violation of -1.645 ns between cpu/u_pc/pc_reg[18]/C (clocked by sys_clk) and cpu/u_dmem/ram_reg_0_255_24_24/RAMS64E_C/ADR0 (clocked by sys_clk). Large setup violations at the end of those stages might be difficult to fix during the post-placement implementation flow and could be the result of non-optimal XDC constraints or non-optimal design architecture
Related violations: <none>

TIMING-16#421 Warning
Large setup violation  
There is a large setup violation of -1.645 ns between cpu/u_pc/pc_reg[18]/C (clocked by sys_clk) and cpu/u_dmem/ram_reg_0_255_24_24/RAMS64E_D/ADR0 (clocked by sys_clk). Large setup violations at the end of those stages might be difficult to fix during the post-placement implementation flow and could be the result of non-optimal XDC constraints or non-optimal design architecture
Related violations: <none>

TIMING-16#422 Warning
Large setup violation  
There is a large setup violation of -1.648 ns between cpu/u_pc/pc_reg[18]/C (clocked by sys_clk) and cpu/u_dmem/ram_reg_0_255_0_0/RAMS64E_A/ADR2 (clocked by sys_clk). Large setup violations at the end of those stages might be difficult to fix during the post-placement implementation flow and could be the result of non-optimal XDC constraints or non-optimal design architecture
Related violations: <none>

TIMING-16#423 Warning
Large setup violation  
There is a large setup violation of -1.648 ns between cpu/u_pc/pc_reg[18]/C (clocked by sys_clk) and cpu/u_dmem/ram_reg_0_255_0_0/RAMS64E_B/ADR2 (clocked by sys_clk). Large setup violations at the end of those stages might be difficult to fix during the post-placement implementation flow and could be the result of non-optimal XDC constraints or non-optimal design architecture
Related violations: <none>

TIMING-16#424 Warning
Large setup violation  
There is a large setup violation of -1.648 ns between cpu/u_pc/pc_reg[18]/C (clocked by sys_clk) and cpu/u_dmem/ram_reg_0_255_0_0/RAMS64E_C/ADR2 (clocked by sys_clk). Large setup violations at the end of those stages might be difficult to fix during the post-placement implementation flow and could be the result of non-optimal XDC constraints or non-optimal design architecture
Related violations: <none>

TIMING-16#425 Warning
Large setup violation  
There is a large setup violation of -1.648 ns between cpu/u_pc/pc_reg[18]/C (clocked by sys_clk) and cpu/u_dmem/ram_reg_0_255_0_0/RAMS64E_D/ADR2 (clocked by sys_clk). Large setup violations at the end of those stages might be difficult to fix during the post-placement implementation flow and could be the result of non-optimal XDC constraints or non-optimal design architecture
Related violations: <none>

TIMING-16#426 Warning
Large setup violation  
There is a large setup violation of -1.651 ns between cpu/u_pc/pc_reg[18]/C (clocked by sys_clk) and cpu/u_dmem/ram_reg_0_255_19_19/RAMS64E_A/ADR2 (clocked by sys_clk). Large setup violations at the end of those stages might be difficult to fix during the post-placement implementation flow and could be the result of non-optimal XDC constraints or non-optimal design architecture
Related violations: <none>

TIMING-16#427 Warning
Large setup violation  
There is a large setup violation of -1.651 ns between cpu/u_pc/pc_reg[18]/C (clocked by sys_clk) and cpu/u_dmem/ram_reg_0_255_19_19/RAMS64E_B/ADR2 (clocked by sys_clk). Large setup violations at the end of those stages might be difficult to fix during the post-placement implementation flow and could be the result of non-optimal XDC constraints or non-optimal design architecture
Related violations: <none>

TIMING-16#428 Warning
Large setup violation  
There is a large setup violation of -1.651 ns between cpu/u_pc/pc_reg[18]/C (clocked by sys_clk) and cpu/u_dmem/ram_reg_0_255_19_19/RAMS64E_C/ADR2 (clocked by sys_clk). Large setup violations at the end of those stages might be difficult to fix during the post-placement implementation flow and could be the result of non-optimal XDC constraints or non-optimal design architecture
Related violations: <none>

TIMING-16#429 Warning
Large setup violation  
There is a large setup violation of -1.651 ns between cpu/u_pc/pc_reg[18]/C (clocked by sys_clk) and cpu/u_dmem/ram_reg_0_255_19_19/RAMS64E_D/ADR2 (clocked by sys_clk). Large setup violations at the end of those stages might be difficult to fix during the post-placement implementation flow and could be the result of non-optimal XDC constraints or non-optimal design architecture
Related violations: <none>

TIMING-16#430 Warning
Large setup violation  
There is a large setup violation of -1.654 ns between cpu/u_pc/pc_reg[18]/C (clocked by sys_clk) and cpu/u_dmem/ram_reg_0_255_28_28/RAMS64E_A/ADR5 (clocked by sys_clk). Large setup violations at the end of those stages might be difficult to fix during the post-placement implementation flow and could be the result of non-optimal XDC constraints or non-optimal design architecture
Related violations: <none>

TIMING-16#431 Warning
Large setup violation  
There is a large setup violation of -1.654 ns between cpu/u_pc/pc_reg[18]/C (clocked by sys_clk) and cpu/u_dmem/ram_reg_0_255_28_28/RAMS64E_B/ADR5 (clocked by sys_clk). Large setup violations at the end of those stages might be difficult to fix during the post-placement implementation flow and could be the result of non-optimal XDC constraints or non-optimal design architecture
Related violations: <none>

TIMING-16#432 Warning
Large setup violation  
There is a large setup violation of -1.654 ns between cpu/u_pc/pc_reg[18]/C (clocked by sys_clk) and cpu/u_dmem/ram_reg_0_255_28_28/RAMS64E_C/ADR5 (clocked by sys_clk). Large setup violations at the end of those stages might be difficult to fix during the post-placement implementation flow and could be the result of non-optimal XDC constraints or non-optimal design architecture
Related violations: <none>

TIMING-16#433 Warning
Large setup violation  
There is a large setup violation of -1.654 ns between cpu/u_pc/pc_reg[18]/C (clocked by sys_clk) and cpu/u_dmem/ram_reg_0_255_28_28/RAMS64E_D/ADR5 (clocked by sys_clk). Large setup violations at the end of those stages might be difficult to fix during the post-placement implementation flow and could be the result of non-optimal XDC constraints or non-optimal design architecture
Related violations: <none>

TIMING-16#434 Warning
Large setup violation  
There is a large setup violation of -1.655 ns between cpu/u_pc/pc_reg[18]/C (clocked by sys_clk) and cpu/u_dmem/ram_reg_0_255_3_3/RAMS64E_A/ADR4 (clocked by sys_clk). Large setup violations at the end of those stages might be difficult to fix during the post-placement implementation flow and could be the result of non-optimal XDC constraints or non-optimal design architecture
Related violations: <none>

TIMING-16#435 Warning
Large setup violation  
There is a large setup violation of -1.655 ns between cpu/u_pc/pc_reg[18]/C (clocked by sys_clk) and cpu/u_dmem/ram_reg_0_255_3_3/RAMS64E_B/ADR4 (clocked by sys_clk). Large setup violations at the end of those stages might be difficult to fix during the post-placement implementation flow and could be the result of non-optimal XDC constraints or non-optimal design architecture
Related violations: <none>

TIMING-16#436 Warning
Large setup violation  
There is a large setup violation of -1.655 ns between cpu/u_pc/pc_reg[18]/C (clocked by sys_clk) and cpu/u_dmem/ram_reg_0_255_3_3/RAMS64E_C/ADR4 (clocked by sys_clk). Large setup violations at the end of those stages might be difficult to fix during the post-placement implementation flow and could be the result of non-optimal XDC constraints or non-optimal design architecture
Related violations: <none>

TIMING-16#437 Warning
Large setup violation  
There is a large setup violation of -1.655 ns between cpu/u_pc/pc_reg[18]/C (clocked by sys_clk) and cpu/u_dmem/ram_reg_0_255_3_3/RAMS64E_D/ADR4 (clocked by sys_clk). Large setup violations at the end of those stages might be difficult to fix during the post-placement implementation flow and could be the result of non-optimal XDC constraints or non-optimal design architecture
Related violations: <none>

TIMING-16#438 Warning
Large setup violation  
There is a large setup violation of -1.661 ns between cpu/u_pc/pc_reg[18]/C (clocked by sys_clk) and cpu/u_dmem/ram_reg_0_255_31_31/RAMS64E_A/ADR3 (clocked by sys_clk). Large setup violations at the end of those stages might be difficult to fix during the post-placement implementation flow and could be the result of non-optimal XDC constraints or non-optimal design architecture
Related violations: <none>

TIMING-16#439 Warning
Large setup violation  
There is a large setup violation of -1.661 ns between cpu/u_pc/pc_reg[18]/C (clocked by sys_clk) and cpu/u_dmem/ram_reg_0_255_31_31/RAMS64E_B/ADR3 (clocked by sys_clk). Large setup violations at the end of those stages might be difficult to fix during the post-placement implementation flow and could be the result of non-optimal XDC constraints or non-optimal design architecture
Related violations: <none>

TIMING-16#440 Warning
Large setup violation  
There is a large setup violation of -1.661 ns between cpu/u_pc/pc_reg[18]/C (clocked by sys_clk) and cpu/u_dmem/ram_reg_0_255_31_31/RAMS64E_C/ADR3 (clocked by sys_clk). Large setup violations at the end of those stages might be difficult to fix during the post-placement implementation flow and could be the result of non-optimal XDC constraints or non-optimal design architecture
Related violations: <none>

TIMING-16#441 Warning
Large setup violation  
There is a large setup violation of -1.661 ns between cpu/u_pc/pc_reg[18]/C (clocked by sys_clk) and cpu/u_dmem/ram_reg_0_255_31_31/RAMS64E_D/ADR3 (clocked by sys_clk). Large setup violations at the end of those stages might be difficult to fix during the post-placement implementation flow and could be the result of non-optimal XDC constraints or non-optimal design architecture
Related violations: <none>

TIMING-16#442 Warning
Large setup violation  
There is a large setup violation of -1.668 ns between cpu/u_pc/pc_reg[18]/C (clocked by sys_clk) and cpu/u_dmem/ram_reg_0_255_3_3/RAMS64E_A/ADR0 (clocked by sys_clk). Large setup violations at the end of those stages might be difficult to fix during the post-placement implementation flow and could be the result of non-optimal XDC constraints or non-optimal design architecture
Related violations: <none>

TIMING-16#443 Warning
Large setup violation  
There is a large setup violation of -1.668 ns between cpu/u_pc/pc_reg[18]/C (clocked by sys_clk) and cpu/u_dmem/ram_reg_0_255_3_3/RAMS64E_B/ADR0 (clocked by sys_clk). Large setup violations at the end of those stages might be difficult to fix during the post-placement implementation flow and could be the result of non-optimal XDC constraints or non-optimal design architecture
Related violations: <none>

TIMING-16#444 Warning
Large setup violation  
There is a large setup violation of -1.668 ns between cpu/u_pc/pc_reg[18]/C (clocked by sys_clk) and cpu/u_dmem/ram_reg_0_255_3_3/RAMS64E_C/ADR0 (clocked by sys_clk). Large setup violations at the end of those stages might be difficult to fix during the post-placement implementation flow and could be the result of non-optimal XDC constraints or non-optimal design architecture
Related violations: <none>

TIMING-16#445 Warning
Large setup violation  
There is a large setup violation of -1.668 ns between cpu/u_pc/pc_reg[18]/C (clocked by sys_clk) and cpu/u_dmem/ram_reg_0_255_3_3/RAMS64E_D/ADR0 (clocked by sys_clk). Large setup violations at the end of those stages might be difficult to fix during the post-placement implementation flow and could be the result of non-optimal XDC constraints or non-optimal design architecture
Related violations: <none>

TIMING-16#446 Warning
Large setup violation  
There is a large setup violation of -1.669 ns between cpu/u_pc/pc_reg[18]/C (clocked by sys_clk) and cpu/u_dmem/ram_reg_0_255_5_5/RAMS64E_A/ADR3 (clocked by sys_clk). Large setup violations at the end of those stages might be difficult to fix during the post-placement implementation flow and could be the result of non-optimal XDC constraints or non-optimal design architecture
Related violations: <none>

TIMING-16#447 Warning
Large setup violation  
There is a large setup violation of -1.669 ns between cpu/u_pc/pc_reg[18]/C (clocked by sys_clk) and cpu/u_dmem/ram_reg_0_255_5_5/RAMS64E_B/ADR3 (clocked by sys_clk). Large setup violations at the end of those stages might be difficult to fix during the post-placement implementation flow and could be the result of non-optimal XDC constraints or non-optimal design architecture
Related violations: <none>

TIMING-16#448 Warning
Large setup violation  
There is a large setup violation of -1.669 ns between cpu/u_pc/pc_reg[18]/C (clocked by sys_clk) and cpu/u_dmem/ram_reg_0_255_5_5/RAMS64E_C/ADR3 (clocked by sys_clk). Large setup violations at the end of those stages might be difficult to fix during the post-placement implementation flow and could be the result of non-optimal XDC constraints or non-optimal design architecture
Related violations: <none>

TIMING-16#449 Warning
Large setup violation  
There is a large setup violation of -1.669 ns between cpu/u_pc/pc_reg[18]/C (clocked by sys_clk) and cpu/u_dmem/ram_reg_0_255_5_5/RAMS64E_D/ADR3 (clocked by sys_clk). Large setup violations at the end of those stages might be difficult to fix during the post-placement implementation flow and could be the result of non-optimal XDC constraints or non-optimal design architecture
Related violations: <none>

TIMING-16#450 Warning
Large setup violation  
There is a large setup violation of -1.674 ns between cpu/u_pc/pc_reg[18]/C (clocked by sys_clk) and cpu/u_dmem/ram_reg_0_255_21_21/RAMS64E_A/ADR4 (clocked by sys_clk). Large setup violations at the end of those stages might be difficult to fix during the post-placement implementation flow and could be the result of non-optimal XDC constraints or non-optimal design architecture
Related violations: <none>

TIMING-16#451 Warning
Large setup violation  
There is a large setup violation of -1.674 ns between cpu/u_pc/pc_reg[18]/C (clocked by sys_clk) and cpu/u_dmem/ram_reg_0_255_21_21/RAMS64E_B/ADR4 (clocked by sys_clk). Large setup violations at the end of those stages might be difficult to fix during the post-placement implementation flow and could be the result of non-optimal XDC constraints or non-optimal design architecture
Related violations: <none>

TIMING-16#452 Warning
Large setup violation  
There is a large setup violation of -1.674 ns between cpu/u_pc/pc_reg[18]/C (clocked by sys_clk) and cpu/u_dmem/ram_reg_0_255_21_21/RAMS64E_C/ADR4 (clocked by sys_clk). Large setup violations at the end of those stages might be difficult to fix during the post-placement implementation flow and could be the result of non-optimal XDC constraints or non-optimal design architecture
Related violations: <none>

TIMING-16#453 Warning
Large setup violation  
There is a large setup violation of -1.674 ns between cpu/u_pc/pc_reg[18]/C (clocked by sys_clk) and cpu/u_dmem/ram_reg_0_255_21_21/RAMS64E_D/ADR4 (clocked by sys_clk). Large setup violations at the end of those stages might be difficult to fix during the post-placement implementation flow and could be the result of non-optimal XDC constraints or non-optimal design architecture
Related violations: <none>

TIMING-16#454 Warning
Large setup violation  
There is a large setup violation of -1.678 ns between cpu/u_pc/pc_reg[18]/C (clocked by sys_clk) and cpu/u_dmem/ram_reg_0_255_17_17/RAMS64E_A/ADR5 (clocked by sys_clk). Large setup violations at the end of those stages might be difficult to fix during the post-placement implementation flow and could be the result of non-optimal XDC constraints or non-optimal design architecture
Related violations: <none>

TIMING-16#455 Warning
Large setup violation  
There is a large setup violation of -1.678 ns between cpu/u_pc/pc_reg[18]/C (clocked by sys_clk) and cpu/u_dmem/ram_reg_0_255_17_17/RAMS64E_B/ADR5 (clocked by sys_clk). Large setup violations at the end of those stages might be difficult to fix during the post-placement implementation flow and could be the result of non-optimal XDC constraints or non-optimal design architecture
Related violations: <none>

TIMING-16#456 Warning
Large setup violation  
There is a large setup violation of -1.678 ns between cpu/u_pc/pc_reg[18]/C (clocked by sys_clk) and cpu/u_dmem/ram_reg_0_255_17_17/RAMS64E_C/ADR5 (clocked by sys_clk). Large setup violations at the end of those stages might be difficult to fix during the post-placement implementation flow and could be the result of non-optimal XDC constraints or non-optimal design architecture
Related violations: <none>

TIMING-16#457 Warning
Large setup violation  
There is a large setup violation of -1.678 ns between cpu/u_pc/pc_reg[18]/C (clocked by sys_clk) and cpu/u_dmem/ram_reg_0_255_17_17/RAMS64E_D/ADR5 (clocked by sys_clk). Large setup violations at the end of those stages might be difficult to fix during the post-placement implementation flow and could be the result of non-optimal XDC constraints or non-optimal design architecture
Related violations: <none>

TIMING-16#458 Warning
Large setup violation  
There is a large setup violation of -1.684 ns between cpu/u_pc/pc_reg[18]/C (clocked by sys_clk) and cpu/u_dmem/ram_reg_0_255_10_10/RAMS64E_A/ADR2 (clocked by sys_clk). Large setup violations at the end of those stages might be difficult to fix during the post-placement implementation flow and could be the result of non-optimal XDC constraints or non-optimal design architecture
Related violations: <none>

TIMING-16#459 Warning
Large setup violation  
There is a large setup violation of -1.684 ns between cpu/u_pc/pc_reg[18]/C (clocked by sys_clk) and cpu/u_dmem/ram_reg_0_255_10_10/RAMS64E_B/ADR2 (clocked by sys_clk). Large setup violations at the end of those stages might be difficult to fix during the post-placement implementation flow and could be the result of non-optimal XDC constraints or non-optimal design architecture
Related violations: <none>

TIMING-16#460 Warning
Large setup violation  
There is a large setup violation of -1.684 ns between cpu/u_pc/pc_reg[18]/C (clocked by sys_clk) and cpu/u_dmem/ram_reg_0_255_10_10/RAMS64E_C/ADR2 (clocked by sys_clk). Large setup violations at the end of those stages might be difficult to fix during the post-placement implementation flow and could be the result of non-optimal XDC constraints or non-optimal design architecture
Related violations: <none>

TIMING-16#461 Warning
Large setup violation  
There is a large setup violation of -1.684 ns between cpu/u_pc/pc_reg[18]/C (clocked by sys_clk) and cpu/u_dmem/ram_reg_0_255_10_10/RAMS64E_D/ADR2 (clocked by sys_clk). Large setup violations at the end of those stages might be difficult to fix during the post-placement implementation flow and could be the result of non-optimal XDC constraints or non-optimal design architecture
Related violations: <none>

TIMING-16#462 Warning
Large setup violation  
There is a large setup violation of -1.688 ns between cpu/u_pc/pc_reg[18]/C (clocked by sys_clk) and cpu/u_dmem/ram_reg_0_255_12_12/RAMS64E_A/ADR4 (clocked by sys_clk). Large setup violations at the end of those stages might be difficult to fix during the post-placement implementation flow and could be the result of non-optimal XDC constraints or non-optimal design architecture
Related violations: <none>

TIMING-16#463 Warning
Large setup violation  
There is a large setup violation of -1.688 ns between cpu/u_pc/pc_reg[18]/C (clocked by sys_clk) and cpu/u_dmem/ram_reg_0_255_12_12/RAMS64E_B/ADR4 (clocked by sys_clk). Large setup violations at the end of those stages might be difficult to fix during the post-placement implementation flow and could be the result of non-optimal XDC constraints or non-optimal design architecture
Related violations: <none>

TIMING-16#464 Warning
Large setup violation  
There is a large setup violation of -1.688 ns between cpu/u_pc/pc_reg[18]/C (clocked by sys_clk) and cpu/u_dmem/ram_reg_0_255_12_12/RAMS64E_C/ADR4 (clocked by sys_clk). Large setup violations at the end of those stages might be difficult to fix during the post-placement implementation flow and could be the result of non-optimal XDC constraints or non-optimal design architecture
Related violations: <none>

TIMING-16#465 Warning
Large setup violation  
There is a large setup violation of -1.688 ns between cpu/u_pc/pc_reg[18]/C (clocked by sys_clk) and cpu/u_dmem/ram_reg_0_255_12_12/RAMS64E_D/ADR4 (clocked by sys_clk). Large setup violations at the end of those stages might be difficult to fix during the post-placement implementation flow and could be the result of non-optimal XDC constraints or non-optimal design architecture
Related violations: <none>

TIMING-16#466 Warning
Large setup violation  
There is a large setup violation of -1.690 ns between cpu/u_pc/pc_reg[18]/C (clocked by sys_clk) and cpu/u_dmem/ram_reg_0_255_28_28/RAMS64E_A/ADR3 (clocked by sys_clk). Large setup violations at the end of those stages might be difficult to fix during the post-placement implementation flow and could be the result of non-optimal XDC constraints or non-optimal design architecture
Related violations: <none>

TIMING-16#467 Warning
Large setup violation  
There is a large setup violation of -1.690 ns between cpu/u_pc/pc_reg[18]/C (clocked by sys_clk) and cpu/u_dmem/ram_reg_0_255_28_28/RAMS64E_B/ADR3 (clocked by sys_clk). Large setup violations at the end of those stages might be difficult to fix during the post-placement implementation flow and could be the result of non-optimal XDC constraints or non-optimal design architecture
Related violations: <none>

TIMING-16#468 Warning
Large setup violation  
There is a large setup violation of -1.690 ns between cpu/u_pc/pc_reg[18]/C (clocked by sys_clk) and cpu/u_dmem/ram_reg_0_255_28_28/RAMS64E_C/ADR3 (clocked by sys_clk). Large setup violations at the end of those stages might be difficult to fix during the post-placement implementation flow and could be the result of non-optimal XDC constraints or non-optimal design architecture
Related violations: <none>

TIMING-16#469 Warning
Large setup violation  
There is a large setup violation of -1.690 ns between cpu/u_pc/pc_reg[18]/C (clocked by sys_clk) and cpu/u_dmem/ram_reg_0_255_28_28/RAMS64E_D/ADR3 (clocked by sys_clk). Large setup violations at the end of those stages might be difficult to fix during the post-placement implementation flow and could be the result of non-optimal XDC constraints or non-optimal design architecture
Related violations: <none>

TIMING-16#470 Warning
Large setup violation  
There is a large setup violation of -1.693 ns between cpu/u_pc/pc_reg[18]/C (clocked by sys_clk) and cpu/u_dmem/ram_reg_0_255_6_6/RAMS64E_A/ADR0 (clocked by sys_clk). Large setup violations at the end of those stages might be difficult to fix during the post-placement implementation flow and could be the result of non-optimal XDC constraints or non-optimal design architecture
Related violations: <none>

TIMING-16#471 Warning
Large setup violation  
There is a large setup violation of -1.695 ns between cpu/u_pc/pc_reg[18]/C (clocked by sys_clk) and cpu/u_dmem/ram_reg_0_255_1_1/RAMS64E_A/ADR1 (clocked by sys_clk). Large setup violations at the end of those stages might be difficult to fix during the post-placement implementation flow and could be the result of non-optimal XDC constraints or non-optimal design architecture
Related violations: <none>

TIMING-16#472 Warning
Large setup violation  
There is a large setup violation of -1.695 ns between cpu/u_pc/pc_reg[18]/C (clocked by sys_clk) and cpu/u_dmem/ram_reg_0_255_1_1/RAMS64E_B/ADR1 (clocked by sys_clk). Large setup violations at the end of those stages might be difficult to fix during the post-placement implementation flow and could be the result of non-optimal XDC constraints or non-optimal design architecture
Related violations: <none>

TIMING-16#473 Warning
Large setup violation  
There is a large setup violation of -1.695 ns between cpu/u_pc/pc_reg[18]/C (clocked by sys_clk) and cpu/u_dmem/ram_reg_0_255_1_1/RAMS64E_C/ADR1 (clocked by sys_clk). Large setup violations at the end of those stages might be difficult to fix during the post-placement implementation flow and could be the result of non-optimal XDC constraints or non-optimal design architecture
Related violations: <none>

TIMING-16#474 Warning
Large setup violation  
There is a large setup violation of -1.695 ns between cpu/u_pc/pc_reg[18]/C (clocked by sys_clk) and cpu/u_dmem/ram_reg_0_255_1_1/RAMS64E_D/ADR1 (clocked by sys_clk). Large setup violations at the end of those stages might be difficult to fix during the post-placement implementation flow and could be the result of non-optimal XDC constraints or non-optimal design architecture
Related violations: <none>

TIMING-16#475 Warning
Large setup violation  
There is a large setup violation of -1.695 ns between cpu/u_pc/pc_reg[18]/C (clocked by sys_clk) and cpu/u_dmem/ram_reg_0_255_25_25/RAMS64E_A/WADR7 (clocked by sys_clk). Large setup violations at the end of those stages might be difficult to fix during the post-placement implementation flow and could be the result of non-optimal XDC constraints or non-optimal design architecture
Related violations: <none>

TIMING-16#476 Warning
Large setup violation  
There is a large setup violation of -1.695 ns between cpu/u_pc/pc_reg[18]/C (clocked by sys_clk) and cpu/u_dmem/ram_reg_0_255_25_25/RAMS64E_B/WADR7 (clocked by sys_clk). Large setup violations at the end of those stages might be difficult to fix during the post-placement implementation flow and could be the result of non-optimal XDC constraints or non-optimal design architecture
Related violations: <none>

TIMING-16#477 Warning
Large setup violation  
There is a large setup violation of -1.695 ns between cpu/u_pc/pc_reg[18]/C (clocked by sys_clk) and cpu/u_dmem/ram_reg_0_255_25_25/RAMS64E_C/WADR7 (clocked by sys_clk). Large setup violations at the end of those stages might be difficult to fix during the post-placement implementation flow and could be the result of non-optimal XDC constraints or non-optimal design architecture
Related violations: <none>

TIMING-16#478 Warning
Large setup violation  
There is a large setup violation of -1.695 ns between cpu/u_pc/pc_reg[18]/C (clocked by sys_clk) and cpu/u_dmem/ram_reg_0_255_25_25/RAMS64E_D/WADR7 (clocked by sys_clk). Large setup violations at the end of those stages might be difficult to fix during the post-placement implementation flow and could be the result of non-optimal XDC constraints or non-optimal design architecture
Related violations: <none>

TIMING-16#479 Warning
Large setup violation  
There is a large setup violation of -1.695 ns between cpu/u_pc/pc_reg[18]/C (clocked by sys_clk) and cpu/u_dmem/ram_reg_0_255_6_6/RAMS64E_A/ADR1 (clocked by sys_clk). Large setup violations at the end of those stages might be difficult to fix during the post-placement implementation flow and could be the result of non-optimal XDC constraints or non-optimal design architecture
Related violations: <none>

TIMING-16#480 Warning
Large setup violation  
There is a large setup violation of -1.696 ns between cpu/u_pc/pc_reg[18]/C (clocked by sys_clk) and cpu/u_dmem/ram_reg_0_255_12_12/RAMS64E_A/ADR1 (clocked by sys_clk). Large setup violations at the end of those stages might be difficult to fix during the post-placement implementation flow and could be the result of non-optimal XDC constraints or non-optimal design architecture
Related violations: <none>

TIMING-16#481 Warning
Large setup violation  
There is a large setup violation of -1.696 ns between cpu/u_pc/pc_reg[18]/C (clocked by sys_clk) and cpu/u_dmem/ram_reg_0_255_12_12/RAMS64E_B/ADR1 (clocked by sys_clk). Large setup violations at the end of those stages might be difficult to fix during the post-placement implementation flow and could be the result of non-optimal XDC constraints or non-optimal design architecture
Related violations: <none>

TIMING-16#482 Warning
Large setup violation  
There is a large setup violation of -1.696 ns between cpu/u_pc/pc_reg[18]/C (clocked by sys_clk) and cpu/u_dmem/ram_reg_0_255_12_12/RAMS64E_C/ADR1 (clocked by sys_clk). Large setup violations at the end of those stages might be difficult to fix during the post-placement implementation flow and could be the result of non-optimal XDC constraints or non-optimal design architecture
Related violations: <none>

TIMING-16#483 Warning
Large setup violation  
There is a large setup violation of -1.696 ns between cpu/u_pc/pc_reg[18]/C (clocked by sys_clk) and cpu/u_dmem/ram_reg_0_255_12_12/RAMS64E_D/ADR1 (clocked by sys_clk). Large setup violations at the end of those stages might be difficult to fix during the post-placement implementation flow and could be the result of non-optimal XDC constraints or non-optimal design architecture
Related violations: <none>

TIMING-16#484 Warning
Large setup violation  
There is a large setup violation of -1.697 ns between cpu/u_pc/pc_reg[18]/C (clocked by sys_clk) and cpu/u_dmem/ram_reg_0_255_12_12/RAMS64E_A/ADR3 (clocked by sys_clk). Large setup violations at the end of those stages might be difficult to fix during the post-placement implementation flow and could be the result of non-optimal XDC constraints or non-optimal design architecture
Related violations: <none>

TIMING-16#485 Warning
Large setup violation  
There is a large setup violation of -1.697 ns between cpu/u_pc/pc_reg[18]/C (clocked by sys_clk) and cpu/u_dmem/ram_reg_0_255_12_12/RAMS64E_B/ADR3 (clocked by sys_clk). Large setup violations at the end of those stages might be difficult to fix during the post-placement implementation flow and could be the result of non-optimal XDC constraints or non-optimal design architecture
Related violations: <none>

TIMING-16#486 Warning
Large setup violation  
There is a large setup violation of -1.697 ns between cpu/u_pc/pc_reg[18]/C (clocked by sys_clk) and cpu/u_dmem/ram_reg_0_255_12_12/RAMS64E_C/ADR3 (clocked by sys_clk). Large setup violations at the end of those stages might be difficult to fix during the post-placement implementation flow and could be the result of non-optimal XDC constraints or non-optimal design architecture
Related violations: <none>

TIMING-16#487 Warning
Large setup violation  
There is a large setup violation of -1.697 ns between cpu/u_pc/pc_reg[18]/C (clocked by sys_clk) and cpu/u_dmem/ram_reg_0_255_12_12/RAMS64E_D/ADR3 (clocked by sys_clk). Large setup violations at the end of those stages might be difficult to fix during the post-placement implementation flow and could be the result of non-optimal XDC constraints or non-optimal design architecture
Related violations: <none>

TIMING-16#488 Warning
Large setup violation  
There is a large setup violation of -1.701 ns between cpu/u_pc/pc_reg[18]/C (clocked by sys_clk) and cpu/u_dmem/ram_reg_0_255_20_20/RAMS64E_A/ADR1 (clocked by sys_clk). Large setup violations at the end of those stages might be difficult to fix during the post-placement implementation flow and could be the result of non-optimal XDC constraints or non-optimal design architecture
Related violations: <none>

TIMING-16#489 Warning
Large setup violation  
There is a large setup violation of -1.701 ns between cpu/u_pc/pc_reg[18]/C (clocked by sys_clk) and cpu/u_dmem/ram_reg_0_255_20_20/RAMS64E_B/ADR1 (clocked by sys_clk). Large setup violations at the end of those stages might be difficult to fix during the post-placement implementation flow and could be the result of non-optimal XDC constraints or non-optimal design architecture
Related violations: <none>

TIMING-16#490 Warning
Large setup violation  
There is a large setup violation of -1.701 ns between cpu/u_pc/pc_reg[18]/C (clocked by sys_clk) and cpu/u_dmem/ram_reg_0_255_20_20/RAMS64E_C/ADR1 (clocked by sys_clk). Large setup violations at the end of those stages might be difficult to fix during the post-placement implementation flow and could be the result of non-optimal XDC constraints or non-optimal design architecture
Related violations: <none>

TIMING-16#491 Warning
Large setup violation  
There is a large setup violation of -1.701 ns between cpu/u_pc/pc_reg[18]/C (clocked by sys_clk) and cpu/u_dmem/ram_reg_0_255_20_20/RAMS64E_D/ADR1 (clocked by sys_clk). Large setup violations at the end of those stages might be difficult to fix during the post-placement implementation flow and could be the result of non-optimal XDC constraints or non-optimal design architecture
Related violations: <none>

TIMING-16#492 Warning
Large setup violation  
There is a large setup violation of -1.704 ns between cpu/u_pc/pc_reg[18]/C (clocked by sys_clk) and cpu/u_dmem/ram_reg_0_255_13_13/RAMS64E_A/ADR4 (clocked by sys_clk). Large setup violations at the end of those stages might be difficult to fix during the post-placement implementation flow and could be the result of non-optimal XDC constraints or non-optimal design architecture
Related violations: <none>

TIMING-16#493 Warning
Large setup violation  
There is a large setup violation of -1.704 ns between cpu/u_pc/pc_reg[18]/C (clocked by sys_clk) and cpu/u_dmem/ram_reg_0_255_13_13/RAMS64E_B/ADR4 (clocked by sys_clk). Large setup violations at the end of those stages might be difficult to fix during the post-placement implementation flow and could be the result of non-optimal XDC constraints or non-optimal design architecture
Related violations: <none>

TIMING-16#494 Warning
Large setup violation  
There is a large setup violation of -1.704 ns between cpu/u_pc/pc_reg[18]/C (clocked by sys_clk) and cpu/u_dmem/ram_reg_0_255_13_13/RAMS64E_C/ADR4 (clocked by sys_clk). Large setup violations at the end of those stages might be difficult to fix during the post-placement implementation flow and could be the result of non-optimal XDC constraints or non-optimal design architecture
Related violations: <none>

TIMING-16#495 Warning
Large setup violation  
There is a large setup violation of -1.704 ns between cpu/u_pc/pc_reg[18]/C (clocked by sys_clk) and cpu/u_dmem/ram_reg_0_255_13_13/RAMS64E_D/ADR4 (clocked by sys_clk). Large setup violations at the end of those stages might be difficult to fix during the post-placement implementation flow and could be the result of non-optimal XDC constraints or non-optimal design architecture
Related violations: <none>

TIMING-16#496 Warning
Large setup violation  
There is a large setup violation of -1.708 ns between cpu/u_pc/pc_reg[18]/C (clocked by sys_clk) and cpu/u_dmem/ram_reg_0_255_17_17/RAMS64E_A/ADR1 (clocked by sys_clk). Large setup violations at the end of those stages might be difficult to fix during the post-placement implementation flow and could be the result of non-optimal XDC constraints or non-optimal design architecture
Related violations: <none>

TIMING-16#497 Warning
Large setup violation  
There is a large setup violation of -1.708 ns between cpu/u_pc/pc_reg[18]/C (clocked by sys_clk) and cpu/u_dmem/ram_reg_0_255_17_17/RAMS64E_B/ADR1 (clocked by sys_clk). Large setup violations at the end of those stages might be difficult to fix during the post-placement implementation flow and could be the result of non-optimal XDC constraints or non-optimal design architecture
Related violations: <none>

TIMING-16#498 Warning
Large setup violation  
There is a large setup violation of -1.708 ns between cpu/u_pc/pc_reg[18]/C (clocked by sys_clk) and cpu/u_dmem/ram_reg_0_255_17_17/RAMS64E_C/ADR1 (clocked by sys_clk). Large setup violations at the end of those stages might be difficult to fix during the post-placement implementation flow and could be the result of non-optimal XDC constraints or non-optimal design architecture
Related violations: <none>

TIMING-16#499 Warning
Large setup violation  
There is a large setup violation of -1.708 ns between cpu/u_pc/pc_reg[18]/C (clocked by sys_clk) and cpu/u_dmem/ram_reg_0_255_17_17/RAMS64E_D/ADR1 (clocked by sys_clk). Large setup violations at the end of those stages might be difficult to fix during the post-placement implementation flow and could be the result of non-optimal XDC constraints or non-optimal design architecture
Related violations: <none>

TIMING-16#500 Warning
Large setup violation  
There is a large setup violation of -1.712 ns between cpu/u_pc/pc_reg[18]/C (clocked by sys_clk) and cpu/u_dmem/ram_reg_0_255_21_21/RAMS64E_A/WADR7 (clocked by sys_clk). Large setup violations at the end of those stages might be difficult to fix during the post-placement implementation flow and could be the result of non-optimal XDC constraints or non-optimal design architecture
Related violations: <none>

TIMING-16#501 Warning
Large setup violation  
There is a large setup violation of -1.712 ns between cpu/u_pc/pc_reg[18]/C (clocked by sys_clk) and cpu/u_dmem/ram_reg_0_255_21_21/RAMS64E_B/WADR7 (clocked by sys_clk). Large setup violations at the end of those stages might be difficult to fix during the post-placement implementation flow and could be the result of non-optimal XDC constraints or non-optimal design architecture
Related violations: <none>

TIMING-16#502 Warning
Large setup violation  
There is a large setup violation of -1.712 ns between cpu/u_pc/pc_reg[18]/C (clocked by sys_clk) and cpu/u_dmem/ram_reg_0_255_21_21/RAMS64E_C/WADR7 (clocked by sys_clk). Large setup violations at the end of those stages might be difficult to fix during the post-placement implementation flow and could be the result of non-optimal XDC constraints or non-optimal design architecture
Related violations: <none>

TIMING-16#503 Warning
Large setup violation  
There is a large setup violation of -1.712 ns between cpu/u_pc/pc_reg[18]/C (clocked by sys_clk) and cpu/u_dmem/ram_reg_0_255_21_21/RAMS64E_D/WADR7 (clocked by sys_clk). Large setup violations at the end of those stages might be difficult to fix during the post-placement implementation flow and could be the result of non-optimal XDC constraints or non-optimal design architecture
Related violations: <none>

TIMING-16#504 Warning
Large setup violation  
There is a large setup violation of -1.716 ns between cpu/u_pc/pc_reg[18]/C (clocked by sys_clk) and cpu/u_dmem/ram_reg_0_255_14_14/RAMS64E_A/ADR1 (clocked by sys_clk). Large setup violations at the end of those stages might be difficult to fix during the post-placement implementation flow and could be the result of non-optimal XDC constraints or non-optimal design architecture
Related violations: <none>

TIMING-16#505 Warning
Large setup violation  
There is a large setup violation of -1.716 ns between cpu/u_pc/pc_reg[18]/C (clocked by sys_clk) and cpu/u_dmem/ram_reg_0_255_14_14/RAMS64E_B/ADR1 (clocked by sys_clk). Large setup violations at the end of those stages might be difficult to fix during the post-placement implementation flow and could be the result of non-optimal XDC constraints or non-optimal design architecture
Related violations: <none>

TIMING-16#506 Warning
Large setup violation  
There is a large setup violation of -1.716 ns between cpu/u_pc/pc_reg[18]/C (clocked by sys_clk) and cpu/u_dmem/ram_reg_0_255_14_14/RAMS64E_C/ADR1 (clocked by sys_clk). Large setup violations at the end of those stages might be difficult to fix during the post-placement implementation flow and could be the result of non-optimal XDC constraints or non-optimal design architecture
Related violations: <none>

TIMING-16#507 Warning
Large setup violation  
There is a large setup violation of -1.716 ns between cpu/u_pc/pc_reg[18]/C (clocked by sys_clk) and cpu/u_dmem/ram_reg_0_255_14_14/RAMS64E_D/ADR1 (clocked by sys_clk). Large setup violations at the end of those stages might be difficult to fix during the post-placement implementation flow and could be the result of non-optimal XDC constraints or non-optimal design architecture
Related violations: <none>

TIMING-16#508 Warning
Large setup violation  
There is a large setup violation of -1.716 ns between cpu/u_pc/pc_reg[18]/C (clocked by sys_clk) and cpu/u_dmem/ram_reg_0_255_2_2/RAMS64E_A/ADR1 (clocked by sys_clk). Large setup violations at the end of those stages might be difficult to fix during the post-placement implementation flow and could be the result of non-optimal XDC constraints or non-optimal design architecture
Related violations: <none>

TIMING-16#509 Warning
Large setup violation  
There is a large setup violation of -1.716 ns between cpu/u_pc/pc_reg[18]/C (clocked by sys_clk) and cpu/u_dmem/ram_reg_0_255_2_2/RAMS64E_B/ADR1 (clocked by sys_clk). Large setup violations at the end of those stages might be difficult to fix during the post-placement implementation flow and could be the result of non-optimal XDC constraints or non-optimal design architecture
Related violations: <none>

TIMING-16#510 Warning
Large setup violation  
There is a large setup violation of -1.716 ns between cpu/u_pc/pc_reg[18]/C (clocked by sys_clk) and cpu/u_dmem/ram_reg_0_255_2_2/RAMS64E_C/ADR1 (clocked by sys_clk). Large setup violations at the end of those stages might be difficult to fix during the post-placement implementation flow and could be the result of non-optimal XDC constraints or non-optimal design architecture
Related violations: <none>

TIMING-16#511 Warning
Large setup violation  
There is a large setup violation of -1.716 ns between cpu/u_pc/pc_reg[18]/C (clocked by sys_clk) and cpu/u_dmem/ram_reg_0_255_2_2/RAMS64E_D/ADR1 (clocked by sys_clk). Large setup violations at the end of those stages might be difficult to fix during the post-placement implementation flow and could be the result of non-optimal XDC constraints or non-optimal design architecture
Related violations: <none>

TIMING-16#512 Warning
Large setup violation  
There is a large setup violation of -1.721 ns between cpu/u_pc/pc_reg[18]/C (clocked by sys_clk) and cpu/u_dmem/ram_reg_0_255_19_19/RAMS64E_A/ADR0 (clocked by sys_clk). Large setup violations at the end of those stages might be difficult to fix during the post-placement implementation flow and could be the result of non-optimal XDC constraints or non-optimal design architecture
Related violations: <none>

TIMING-16#513 Warning
Large setup violation  
There is a large setup violation of -1.721 ns between cpu/u_pc/pc_reg[18]/C (clocked by sys_clk) and cpu/u_dmem/ram_reg_0_255_19_19/RAMS64E_B/ADR0 (clocked by sys_clk). Large setup violations at the end of those stages might be difficult to fix during the post-placement implementation flow and could be the result of non-optimal XDC constraints or non-optimal design architecture
Related violations: <none>

TIMING-16#514 Warning
Large setup violation  
There is a large setup violation of -1.721 ns between cpu/u_pc/pc_reg[18]/C (clocked by sys_clk) and cpu/u_dmem/ram_reg_0_255_19_19/RAMS64E_C/ADR0 (clocked by sys_clk). Large setup violations at the end of those stages might be difficult to fix during the post-placement implementation flow and could be the result of non-optimal XDC constraints or non-optimal design architecture
Related violations: <none>

TIMING-16#515 Warning
Large setup violation  
There is a large setup violation of -1.721 ns between cpu/u_pc/pc_reg[18]/C (clocked by sys_clk) and cpu/u_dmem/ram_reg_0_255_19_19/RAMS64E_D/ADR0 (clocked by sys_clk). Large setup violations at the end of those stages might be difficult to fix during the post-placement implementation flow and could be the result of non-optimal XDC constraints or non-optimal design architecture
Related violations: <none>

TIMING-16#516 Warning
Large setup violation  
There is a large setup violation of -1.723 ns between cpu/u_pc/pc_reg[18]/C (clocked by sys_clk) and cpu/u_dmem/ram_reg_0_255_5_5/RAMS64E_A/ADR4 (clocked by sys_clk). Large setup violations at the end of those stages might be difficult to fix during the post-placement implementation flow and could be the result of non-optimal XDC constraints or non-optimal design architecture
Related violations: <none>

TIMING-16#517 Warning
Large setup violation  
There is a large setup violation of -1.723 ns between cpu/u_pc/pc_reg[18]/C (clocked by sys_clk) and cpu/u_dmem/ram_reg_0_255_5_5/RAMS64E_B/ADR4 (clocked by sys_clk). Large setup violations at the end of those stages might be difficult to fix during the post-placement implementation flow and could be the result of non-optimal XDC constraints or non-optimal design architecture
Related violations: <none>

TIMING-16#518 Warning
Large setup violation  
There is a large setup violation of -1.723 ns between cpu/u_pc/pc_reg[18]/C (clocked by sys_clk) and cpu/u_dmem/ram_reg_0_255_5_5/RAMS64E_C/ADR4 (clocked by sys_clk). Large setup violations at the end of those stages might be difficult to fix during the post-placement implementation flow and could be the result of non-optimal XDC constraints or non-optimal design architecture
Related violations: <none>

TIMING-16#519 Warning
Large setup violation  
There is a large setup violation of -1.723 ns between cpu/u_pc/pc_reg[18]/C (clocked by sys_clk) and cpu/u_dmem/ram_reg_0_255_5_5/RAMS64E_D/ADR4 (clocked by sys_clk). Large setup violations at the end of those stages might be difficult to fix during the post-placement implementation flow and could be the result of non-optimal XDC constraints or non-optimal design architecture
Related violations: <none>

TIMING-16#520 Warning
Large setup violation  
There is a large setup violation of -1.727 ns between cpu/u_pc/pc_reg[18]/C (clocked by sys_clk) and cpu/u_dmem/ram_reg_0_255_16_16/RAMS64E_A/ADR0 (clocked by sys_clk). Large setup violations at the end of those stages might be difficult to fix during the post-placement implementation flow and could be the result of non-optimal XDC constraints or non-optimal design architecture
Related violations: <none>

TIMING-16#521 Warning
Large setup violation  
There is a large setup violation of -1.727 ns between cpu/u_pc/pc_reg[18]/C (clocked by sys_clk) and cpu/u_dmem/ram_reg_0_255_16_16/RAMS64E_B/ADR0 (clocked by sys_clk). Large setup violations at the end of those stages might be difficult to fix during the post-placement implementation flow and could be the result of non-optimal XDC constraints or non-optimal design architecture
Related violations: <none>

TIMING-16#522 Warning
Large setup violation  
There is a large setup violation of -1.727 ns between cpu/u_pc/pc_reg[18]/C (clocked by sys_clk) and cpu/u_dmem/ram_reg_0_255_16_16/RAMS64E_C/ADR0 (clocked by sys_clk). Large setup violations at the end of those stages might be difficult to fix during the post-placement implementation flow and could be the result of non-optimal XDC constraints or non-optimal design architecture
Related violations: <none>

TIMING-16#523 Warning
Large setup violation  
There is a large setup violation of -1.727 ns between cpu/u_pc/pc_reg[18]/C (clocked by sys_clk) and cpu/u_dmem/ram_reg_0_255_16_16/RAMS64E_D/ADR0 (clocked by sys_clk). Large setup violations at the end of those stages might be difficult to fix during the post-placement implementation flow and could be the result of non-optimal XDC constraints or non-optimal design architecture
Related violations: <none>

TIMING-16#524 Warning
Large setup violation  
There is a large setup violation of -1.734 ns between cpu/u_pc/pc_reg[18]/C (clocked by sys_clk) and cpu/u_dmem/ram_reg_0_255_15_15/RAMS64E_A/ADR5 (clocked by sys_clk). Large setup violations at the end of those stages might be difficult to fix during the post-placement implementation flow and could be the result of non-optimal XDC constraints or non-optimal design architecture
Related violations: <none>

TIMING-16#525 Warning
Large setup violation  
There is a large setup violation of -1.734 ns between cpu/u_pc/pc_reg[18]/C (clocked by sys_clk) and cpu/u_dmem/ram_reg_0_255_15_15/RAMS64E_B/ADR5 (clocked by sys_clk). Large setup violations at the end of those stages might be difficult to fix during the post-placement implementation flow and could be the result of non-optimal XDC constraints or non-optimal design architecture
Related violations: <none>

TIMING-16#526 Warning
Large setup violation  
There is a large setup violation of -1.734 ns between cpu/u_pc/pc_reg[18]/C (clocked by sys_clk) and cpu/u_dmem/ram_reg_0_255_15_15/RAMS64E_C/ADR5 (clocked by sys_clk). Large setup violations at the end of those stages might be difficult to fix during the post-placement implementation flow and could be the result of non-optimal XDC constraints or non-optimal design architecture
Related violations: <none>

TIMING-16#527 Warning
Large setup violation  
There is a large setup violation of -1.734 ns between cpu/u_pc/pc_reg[18]/C (clocked by sys_clk) and cpu/u_dmem/ram_reg_0_255_15_15/RAMS64E_D/ADR5 (clocked by sys_clk). Large setup violations at the end of those stages might be difficult to fix during the post-placement implementation flow and could be the result of non-optimal XDC constraints or non-optimal design architecture
Related violations: <none>

TIMING-16#528 Warning
Large setup violation  
There is a large setup violation of -1.742 ns between cpu/u_pc/pc_reg[18]/C (clocked by sys_clk) and cpu/u_dmem/ram_reg_0_255_6_6/RAMS64E_A/ADR2 (clocked by sys_clk). Large setup violations at the end of those stages might be difficult to fix during the post-placement implementation flow and could be the result of non-optimal XDC constraints or non-optimal design architecture
Related violations: <none>

TIMING-16#529 Warning
Large setup violation  
There is a large setup violation of -1.744 ns between cpu/u_pc/pc_reg[18]/C (clocked by sys_clk) and cpu/u_dmem/ram_reg_0_255_13_13/RAMS64E_A/ADR2 (clocked by sys_clk). Large setup violations at the end of those stages might be difficult to fix during the post-placement implementation flow and could be the result of non-optimal XDC constraints or non-optimal design architecture
Related violations: <none>

TIMING-16#530 Warning
Large setup violation  
There is a large setup violation of -1.744 ns between cpu/u_pc/pc_reg[18]/C (clocked by sys_clk) and cpu/u_dmem/ram_reg_0_255_13_13/RAMS64E_B/ADR2 (clocked by sys_clk). Large setup violations at the end of those stages might be difficult to fix during the post-placement implementation flow and could be the result of non-optimal XDC constraints or non-optimal design architecture
Related violations: <none>

TIMING-16#531 Warning
Large setup violation  
There is a large setup violation of -1.744 ns between cpu/u_pc/pc_reg[18]/C (clocked by sys_clk) and cpu/u_dmem/ram_reg_0_255_13_13/RAMS64E_C/ADR2 (clocked by sys_clk). Large setup violations at the end of those stages might be difficult to fix during the post-placement implementation flow and could be the result of non-optimal XDC constraints or non-optimal design architecture
Related violations: <none>

TIMING-16#532 Warning
Large setup violation  
There is a large setup violation of -1.744 ns between cpu/u_pc/pc_reg[18]/C (clocked by sys_clk) and cpu/u_dmem/ram_reg_0_255_13_13/RAMS64E_D/ADR2 (clocked by sys_clk). Large setup violations at the end of those stages might be difficult to fix during the post-placement implementation flow and could be the result of non-optimal XDC constraints or non-optimal design architecture
Related violations: <none>

TIMING-16#533 Warning
Large setup violation  
There is a large setup violation of -1.748 ns between cpu/u_pc/pc_reg[18]/C (clocked by sys_clk) and cpu/u_dmem/ram_reg_0_255_10_10/RAMS64E_A/ADR4 (clocked by sys_clk). Large setup violations at the end of those stages might be difficult to fix during the post-placement implementation flow and could be the result of non-optimal XDC constraints or non-optimal design architecture
Related violations: <none>

TIMING-16#534 Warning
Large setup violation  
There is a large setup violation of -1.748 ns between cpu/u_pc/pc_reg[18]/C (clocked by sys_clk) and cpu/u_dmem/ram_reg_0_255_10_10/RAMS64E_B/ADR4 (clocked by sys_clk). Large setup violations at the end of those stages might be difficult to fix during the post-placement implementation flow and could be the result of non-optimal XDC constraints or non-optimal design architecture
Related violations: <none>

TIMING-16#535 Warning
Large setup violation  
There is a large setup violation of -1.748 ns between cpu/u_pc/pc_reg[18]/C (clocked by sys_clk) and cpu/u_dmem/ram_reg_0_255_10_10/RAMS64E_C/ADR4 (clocked by sys_clk). Large setup violations at the end of those stages might be difficult to fix during the post-placement implementation flow and could be the result of non-optimal XDC constraints or non-optimal design architecture
Related violations: <none>

TIMING-16#536 Warning
Large setup violation  
There is a large setup violation of -1.748 ns between cpu/u_pc/pc_reg[18]/C (clocked by sys_clk) and cpu/u_dmem/ram_reg_0_255_10_10/RAMS64E_D/ADR4 (clocked by sys_clk). Large setup violations at the end of those stages might be difficult to fix during the post-placement implementation flow and could be the result of non-optimal XDC constraints or non-optimal design architecture
Related violations: <none>

TIMING-16#537 Warning
Large setup violation  
There is a large setup violation of -1.760 ns between cpu/u_pc/pc_reg[18]/C (clocked by sys_clk) and cpu/u_dmem/ram_reg_0_255_14_14/RAMS64E_A/ADR5 (clocked by sys_clk). Large setup violations at the end of those stages might be difficult to fix during the post-placement implementation flow and could be the result of non-optimal XDC constraints or non-optimal design architecture
Related violations: <none>

TIMING-16#538 Warning
Large setup violation  
There is a large setup violation of -1.760 ns between cpu/u_pc/pc_reg[18]/C (clocked by sys_clk) and cpu/u_dmem/ram_reg_0_255_14_14/RAMS64E_B/ADR5 (clocked by sys_clk). Large setup violations at the end of those stages might be difficult to fix during the post-placement implementation flow and could be the result of non-optimal XDC constraints or non-optimal design architecture
Related violations: <none>

TIMING-16#539 Warning
Large setup violation  
There is a large setup violation of -1.760 ns between cpu/u_pc/pc_reg[18]/C (clocked by sys_clk) and cpu/u_dmem/ram_reg_0_255_14_14/RAMS64E_C/ADR5 (clocked by sys_clk). Large setup violations at the end of those stages might be difficult to fix during the post-placement implementation flow and could be the result of non-optimal XDC constraints or non-optimal design architecture
Related violations: <none>

TIMING-16#540 Warning
Large setup violation  
There is a large setup violation of -1.760 ns between cpu/u_pc/pc_reg[18]/C (clocked by sys_clk) and cpu/u_dmem/ram_reg_0_255_14_14/RAMS64E_D/ADR5 (clocked by sys_clk). Large setup violations at the end of those stages might be difficult to fix during the post-placement implementation flow and could be the result of non-optimal XDC constraints or non-optimal design architecture
Related violations: <none>

TIMING-16#541 Warning
Large setup violation  
There is a large setup violation of -1.762 ns between cpu/u_pc/pc_reg[18]/C (clocked by sys_clk) and cpu/u_dmem/ram_reg_0_255_13_13/RAMS64E_A/ADR0 (clocked by sys_clk). Large setup violations at the end of those stages might be difficult to fix during the post-placement implementation flow and could be the result of non-optimal XDC constraints or non-optimal design architecture
Related violations: <none>

TIMING-16#542 Warning
Large setup violation  
There is a large setup violation of -1.762 ns between cpu/u_pc/pc_reg[18]/C (clocked by sys_clk) and cpu/u_dmem/ram_reg_0_255_13_13/RAMS64E_B/ADR0 (clocked by sys_clk). Large setup violations at the end of those stages might be difficult to fix during the post-placement implementation flow and could be the result of non-optimal XDC constraints or non-optimal design architecture
Related violations: <none>

TIMING-16#543 Warning
Large setup violation  
There is a large setup violation of -1.762 ns between cpu/u_pc/pc_reg[18]/C (clocked by sys_clk) and cpu/u_dmem/ram_reg_0_255_13_13/RAMS64E_C/ADR0 (clocked by sys_clk). Large setup violations at the end of those stages might be difficult to fix during the post-placement implementation flow and could be the result of non-optimal XDC constraints or non-optimal design architecture
Related violations: <none>

TIMING-16#544 Warning
Large setup violation  
There is a large setup violation of -1.762 ns between cpu/u_pc/pc_reg[18]/C (clocked by sys_clk) and cpu/u_dmem/ram_reg_0_255_13_13/RAMS64E_D/ADR0 (clocked by sys_clk). Large setup violations at the end of those stages might be difficult to fix during the post-placement implementation flow and could be the result of non-optimal XDC constraints or non-optimal design architecture
Related violations: <none>

TIMING-16#545 Warning
Large setup violation  
There is a large setup violation of -1.773 ns between cpu/u_pc/pc_reg[18]/C (clocked by sys_clk) and cpu/u_dmem/ram_reg_0_255_5_5/RAMS64E_A/ADR5 (clocked by sys_clk). Large setup violations at the end of those stages might be difficult to fix during the post-placement implementation flow and could be the result of non-optimal XDC constraints or non-optimal design architecture
Related violations: <none>

TIMING-16#546 Warning
Large setup violation  
There is a large setup violation of -1.773 ns between cpu/u_pc/pc_reg[18]/C (clocked by sys_clk) and cpu/u_dmem/ram_reg_0_255_5_5/RAMS64E_B/ADR5 (clocked by sys_clk). Large setup violations at the end of those stages might be difficult to fix during the post-placement implementation flow and could be the result of non-optimal XDC constraints or non-optimal design architecture
Related violations: <none>

TIMING-16#547 Warning
Large setup violation  
There is a large setup violation of -1.773 ns between cpu/u_pc/pc_reg[18]/C (clocked by sys_clk) and cpu/u_dmem/ram_reg_0_255_5_5/RAMS64E_C/ADR5 (clocked by sys_clk). Large setup violations at the end of those stages might be difficult to fix during the post-placement implementation flow and could be the result of non-optimal XDC constraints or non-optimal design architecture
Related violations: <none>

TIMING-16#548 Warning
Large setup violation  
There is a large setup violation of -1.773 ns between cpu/u_pc/pc_reg[18]/C (clocked by sys_clk) and cpu/u_dmem/ram_reg_0_255_5_5/RAMS64E_D/ADR5 (clocked by sys_clk). Large setup violations at the end of those stages might be difficult to fix during the post-placement implementation flow and could be the result of non-optimal XDC constraints or non-optimal design architecture
Related violations: <none>

TIMING-16#549 Warning
Large setup violation  
There is a large setup violation of -1.784 ns between cpu/u_pc/pc_reg[18]/C (clocked by sys_clk) and cpu/u_dmem/ram_reg_0_255_21_21/RAMS64E_A/ADR5 (clocked by sys_clk). Large setup violations at the end of those stages might be difficult to fix during the post-placement implementation flow and could be the result of non-optimal XDC constraints or non-optimal design architecture
Related violations: <none>

TIMING-16#550 Warning
Large setup violation  
There is a large setup violation of -1.784 ns between cpu/u_pc/pc_reg[18]/C (clocked by sys_clk) and cpu/u_dmem/ram_reg_0_255_21_21/RAMS64E_B/ADR5 (clocked by sys_clk). Large setup violations at the end of those stages might be difficult to fix during the post-placement implementation flow and could be the result of non-optimal XDC constraints or non-optimal design architecture
Related violations: <none>

TIMING-16#551 Warning
Large setup violation  
There is a large setup violation of -1.784 ns between cpu/u_pc/pc_reg[18]/C (clocked by sys_clk) and cpu/u_dmem/ram_reg_0_255_21_21/RAMS64E_C/ADR5 (clocked by sys_clk). Large setup violations at the end of those stages might be difficult to fix during the post-placement implementation flow and could be the result of non-optimal XDC constraints or non-optimal design architecture
Related violations: <none>

TIMING-16#552 Warning
Large setup violation  
There is a large setup violation of -1.784 ns between cpu/u_pc/pc_reg[18]/C (clocked by sys_clk) and cpu/u_dmem/ram_reg_0_255_21_21/RAMS64E_D/ADR5 (clocked by sys_clk). Large setup violations at the end of those stages might be difficult to fix during the post-placement implementation flow and could be the result of non-optimal XDC constraints or non-optimal design architecture
Related violations: <none>

TIMING-16#553 Warning
Large setup violation  
There is a large setup violation of -1.784 ns between cpu/u_pc/pc_reg[18]/C (clocked by sys_clk) and cpu/u_dmem/ram_reg_0_255_22_22/RAMS64E_A/WADR6 (clocked by sys_clk). Large setup violations at the end of those stages might be difficult to fix during the post-placement implementation flow and could be the result of non-optimal XDC constraints or non-optimal design architecture
Related violations: <none>

TIMING-16#554 Warning
Large setup violation  
There is a large setup violation of -1.784 ns between cpu/u_pc/pc_reg[18]/C (clocked by sys_clk) and cpu/u_dmem/ram_reg_0_255_22_22/RAMS64E_B/WADR6 (clocked by sys_clk). Large setup violations at the end of those stages might be difficult to fix during the post-placement implementation flow and could be the result of non-optimal XDC constraints or non-optimal design architecture
Related violations: <none>

TIMING-16#555 Warning
Large setup violation  
There is a large setup violation of -1.784 ns between cpu/u_pc/pc_reg[18]/C (clocked by sys_clk) and cpu/u_dmem/ram_reg_0_255_22_22/RAMS64E_C/WADR6 (clocked by sys_clk). Large setup violations at the end of those stages might be difficult to fix during the post-placement implementation flow and could be the result of non-optimal XDC constraints or non-optimal design architecture
Related violations: <none>

TIMING-16#556 Warning
Large setup violation  
There is a large setup violation of -1.784 ns between cpu/u_pc/pc_reg[18]/C (clocked by sys_clk) and cpu/u_dmem/ram_reg_0_255_22_22/RAMS64E_D/WADR6 (clocked by sys_clk). Large setup violations at the end of those stages might be difficult to fix during the post-placement implementation flow and could be the result of non-optimal XDC constraints or non-optimal design architecture
Related violations: <none>

TIMING-16#557 Warning
Large setup violation  
There is a large setup violation of -1.786 ns between cpu/u_pc/pc_reg[18]/C (clocked by sys_clk) and cpu/u_dmem/ram_reg_0_255_16_16/RAMS64E_A/ADR2 (clocked by sys_clk). Large setup violations at the end of those stages might be difficult to fix during the post-placement implementation flow and could be the result of non-optimal XDC constraints or non-optimal design architecture
Related violations: <none>

TIMING-16#558 Warning
Large setup violation  
There is a large setup violation of -1.786 ns between cpu/u_pc/pc_reg[18]/C (clocked by sys_clk) and cpu/u_dmem/ram_reg_0_255_16_16/RAMS64E_B/ADR2 (clocked by sys_clk). Large setup violations at the end of those stages might be difficult to fix during the post-placement implementation flow and could be the result of non-optimal XDC constraints or non-optimal design architecture
Related violations: <none>

TIMING-16#559 Warning
Large setup violation  
There is a large setup violation of -1.786 ns between cpu/u_pc/pc_reg[18]/C (clocked by sys_clk) and cpu/u_dmem/ram_reg_0_255_16_16/RAMS64E_C/ADR2 (clocked by sys_clk). Large setup violations at the end of those stages might be difficult to fix during the post-placement implementation flow and could be the result of non-optimal XDC constraints or non-optimal design architecture
Related violations: <none>

TIMING-16#560 Warning
Large setup violation  
There is a large setup violation of -1.786 ns between cpu/u_pc/pc_reg[18]/C (clocked by sys_clk) and cpu/u_dmem/ram_reg_0_255_16_16/RAMS64E_D/ADR2 (clocked by sys_clk). Large setup violations at the end of those stages might be difficult to fix during the post-placement implementation flow and could be the result of non-optimal XDC constraints or non-optimal design architecture
Related violations: <none>

TIMING-16#561 Warning
Large setup violation  
There is a large setup violation of -1.796 ns between cpu/u_pc/pc_reg[18]/C (clocked by sys_clk) and cpu/u_dmem/ram_reg_0_255_11_11/RAMS64E_A/ADR4 (clocked by sys_clk). Large setup violations at the end of those stages might be difficult to fix during the post-placement implementation flow and could be the result of non-optimal XDC constraints or non-optimal design architecture
Related violations: <none>

TIMING-16#562 Warning
Large setup violation  
There is a large setup violation of -1.796 ns between cpu/u_pc/pc_reg[18]/C (clocked by sys_clk) and cpu/u_dmem/ram_reg_0_255_11_11/RAMS64E_B/ADR4 (clocked by sys_clk). Large setup violations at the end of those stages might be difficult to fix during the post-placement implementation flow and could be the result of non-optimal XDC constraints or non-optimal design architecture
Related violations: <none>

TIMING-16#563 Warning
Large setup violation  
There is a large setup violation of -1.796 ns between cpu/u_pc/pc_reg[18]/C (clocked by sys_clk) and cpu/u_dmem/ram_reg_0_255_11_11/RAMS64E_C/ADR4 (clocked by sys_clk). Large setup violations at the end of those stages might be difficult to fix during the post-placement implementation flow and could be the result of non-optimal XDC constraints or non-optimal design architecture
Related violations: <none>

TIMING-16#564 Warning
Large setup violation  
There is a large setup violation of -1.796 ns between cpu/u_pc/pc_reg[18]/C (clocked by sys_clk) and cpu/u_dmem/ram_reg_0_255_11_11/RAMS64E_D/ADR4 (clocked by sys_clk). Large setup violations at the end of those stages might be difficult to fix during the post-placement implementation flow and could be the result of non-optimal XDC constraints or non-optimal design architecture
Related violations: <none>

TIMING-16#565 Warning
Large setup violation  
There is a large setup violation of -1.810 ns between cpu/u_pc/pc_reg[18]/C (clocked by sys_clk) and cpu/u_dmem/ram_reg_0_255_19_19/RAMS64E_A/ADR1 (clocked by sys_clk). Large setup violations at the end of those stages might be difficult to fix during the post-placement implementation flow and could be the result of non-optimal XDC constraints or non-optimal design architecture
Related violations: <none>

TIMING-16#566 Warning
Large setup violation  
There is a large setup violation of -1.810 ns between cpu/u_pc/pc_reg[18]/C (clocked by sys_clk) and cpu/u_dmem/ram_reg_0_255_19_19/RAMS64E_B/ADR1 (clocked by sys_clk). Large setup violations at the end of those stages might be difficult to fix during the post-placement implementation flow and could be the result of non-optimal XDC constraints or non-optimal design architecture
Related violations: <none>

TIMING-16#567 Warning
Large setup violation  
There is a large setup violation of -1.810 ns between cpu/u_pc/pc_reg[18]/C (clocked by sys_clk) and cpu/u_dmem/ram_reg_0_255_19_19/RAMS64E_C/ADR1 (clocked by sys_clk). Large setup violations at the end of those stages might be difficult to fix during the post-placement implementation flow and could be the result of non-optimal XDC constraints or non-optimal design architecture
Related violations: <none>

TIMING-16#568 Warning
Large setup violation  
There is a large setup violation of -1.810 ns between cpu/u_pc/pc_reg[18]/C (clocked by sys_clk) and cpu/u_dmem/ram_reg_0_255_19_19/RAMS64E_D/ADR1 (clocked by sys_clk). Large setup violations at the end of those stages might be difficult to fix during the post-placement implementation flow and could be the result of non-optimal XDC constraints or non-optimal design architecture
Related violations: <none>

TIMING-16#569 Warning
Large setup violation  
There is a large setup violation of -1.812 ns between cpu/u_pc/pc_reg[18]/C (clocked by sys_clk) and cpu/u_dmem/ram_reg_0_255_10_10/RAMS64E_A/ADR1 (clocked by sys_clk). Large setup violations at the end of those stages might be difficult to fix during the post-placement implementation flow and could be the result of non-optimal XDC constraints or non-optimal design architecture
Related violations: <none>

TIMING-16#570 Warning
Large setup violation  
There is a large setup violation of -1.812 ns between cpu/u_pc/pc_reg[18]/C (clocked by sys_clk) and cpu/u_dmem/ram_reg_0_255_10_10/RAMS64E_B/ADR1 (clocked by sys_clk). Large setup violations at the end of those stages might be difficult to fix during the post-placement implementation flow and could be the result of non-optimal XDC constraints or non-optimal design architecture
Related violations: <none>

TIMING-16#571 Warning
Large setup violation  
There is a large setup violation of -1.812 ns between cpu/u_pc/pc_reg[18]/C (clocked by sys_clk) and cpu/u_dmem/ram_reg_0_255_10_10/RAMS64E_C/ADR1 (clocked by sys_clk). Large setup violations at the end of those stages might be difficult to fix during the post-placement implementation flow and could be the result of non-optimal XDC constraints or non-optimal design architecture
Related violations: <none>

TIMING-16#572 Warning
Large setup violation  
There is a large setup violation of -1.812 ns between cpu/u_pc/pc_reg[18]/C (clocked by sys_clk) and cpu/u_dmem/ram_reg_0_255_10_10/RAMS64E_D/ADR1 (clocked by sys_clk). Large setup violations at the end of those stages might be difficult to fix during the post-placement implementation flow and could be the result of non-optimal XDC constraints or non-optimal design architecture
Related violations: <none>

TIMING-16#573 Warning
Large setup violation  
There is a large setup violation of -1.815 ns between cpu/u_pc/pc_reg[18]/C (clocked by sys_clk) and cpu/u_dmem/ram_reg_0_255_13_13/RAMS64E_A/ADR5 (clocked by sys_clk). Large setup violations at the end of those stages might be difficult to fix during the post-placement implementation flow and could be the result of non-optimal XDC constraints or non-optimal design architecture
Related violations: <none>

TIMING-16#574 Warning
Large setup violation  
There is a large setup violation of -1.815 ns between cpu/u_pc/pc_reg[18]/C (clocked by sys_clk) and cpu/u_dmem/ram_reg_0_255_13_13/RAMS64E_B/ADR5 (clocked by sys_clk). Large setup violations at the end of those stages might be difficult to fix during the post-placement implementation flow and could be the result of non-optimal XDC constraints or non-optimal design architecture
Related violations: <none>

TIMING-16#575 Warning
Large setup violation  
There is a large setup violation of -1.815 ns between cpu/u_pc/pc_reg[18]/C (clocked by sys_clk) and cpu/u_dmem/ram_reg_0_255_13_13/RAMS64E_C/ADR5 (clocked by sys_clk). Large setup violations at the end of those stages might be difficult to fix during the post-placement implementation flow and could be the result of non-optimal XDC constraints or non-optimal design architecture
Related violations: <none>

TIMING-16#576 Warning
Large setup violation  
There is a large setup violation of -1.815 ns between cpu/u_pc/pc_reg[18]/C (clocked by sys_clk) and cpu/u_dmem/ram_reg_0_255_13_13/RAMS64E_D/ADR5 (clocked by sys_clk). Large setup violations at the end of those stages might be difficult to fix during the post-placement implementation flow and could be the result of non-optimal XDC constraints or non-optimal design architecture
Related violations: <none>

TIMING-16#577 Warning
Large setup violation  
There is a large setup violation of -1.817 ns between cpu/u_pc/pc_reg[18]/C (clocked by sys_clk) and cpu/u_dmem/ram_reg_0_255_20_20/RAMS64E_A/WADR6 (clocked by sys_clk). Large setup violations at the end of those stages might be difficult to fix during the post-placement implementation flow and could be the result of non-optimal XDC constraints or non-optimal design architecture
Related violations: <none>

TIMING-16#578 Warning
Large setup violation  
There is a large setup violation of -1.817 ns between cpu/u_pc/pc_reg[18]/C (clocked by sys_clk) and cpu/u_dmem/ram_reg_0_255_20_20/RAMS64E_B/WADR6 (clocked by sys_clk). Large setup violations at the end of those stages might be difficult to fix during the post-placement implementation flow and could be the result of non-optimal XDC constraints or non-optimal design architecture
Related violations: <none>

TIMING-16#579 Warning
Large setup violation  
There is a large setup violation of -1.817 ns between cpu/u_pc/pc_reg[18]/C (clocked by sys_clk) and cpu/u_dmem/ram_reg_0_255_20_20/RAMS64E_C/WADR6 (clocked by sys_clk). Large setup violations at the end of those stages might be difficult to fix during the post-placement implementation flow and could be the result of non-optimal XDC constraints or non-optimal design architecture
Related violations: <none>

TIMING-16#580 Warning
Large setup violation  
There is a large setup violation of -1.817 ns between cpu/u_pc/pc_reg[18]/C (clocked by sys_clk) and cpu/u_dmem/ram_reg_0_255_20_20/RAMS64E_D/WADR6 (clocked by sys_clk). Large setup violations at the end of those stages might be difficult to fix during the post-placement implementation flow and could be the result of non-optimal XDC constraints or non-optimal design architecture
Related violations: <none>

TIMING-16#581 Warning
Large setup violation  
There is a large setup violation of -1.818 ns between cpu/u_pc/pc_reg[18]/C (clocked by sys_clk) and cpu/u_dmem/ram_reg_0_255_1_1/RAMS64E_A/ADR0 (clocked by sys_clk). Large setup violations at the end of those stages might be difficult to fix during the post-placement implementation flow and could be the result of non-optimal XDC constraints or non-optimal design architecture
Related violations: <none>

TIMING-16#582 Warning
Large setup violation  
There is a large setup violation of -1.818 ns between cpu/u_pc/pc_reg[18]/C (clocked by sys_clk) and cpu/u_dmem/ram_reg_0_255_1_1/RAMS64E_B/ADR0 (clocked by sys_clk). Large setup violations at the end of those stages might be difficult to fix during the post-placement implementation flow and could be the result of non-optimal XDC constraints or non-optimal design architecture
Related violations: <none>

TIMING-16#583 Warning
Large setup violation  
There is a large setup violation of -1.818 ns between cpu/u_pc/pc_reg[18]/C (clocked by sys_clk) and cpu/u_dmem/ram_reg_0_255_1_1/RAMS64E_C/ADR0 (clocked by sys_clk). Large setup violations at the end of those stages might be difficult to fix during the post-placement implementation flow and could be the result of non-optimal XDC constraints or non-optimal design architecture
Related violations: <none>

TIMING-16#584 Warning
Large setup violation  
There is a large setup violation of -1.818 ns between cpu/u_pc/pc_reg[18]/C (clocked by sys_clk) and cpu/u_dmem/ram_reg_0_255_1_1/RAMS64E_D/ADR0 (clocked by sys_clk). Large setup violations at the end of those stages might be difficult to fix during the post-placement implementation flow and could be the result of non-optimal XDC constraints or non-optimal design architecture
Related violations: <none>

TIMING-16#585 Warning
Large setup violation  
There is a large setup violation of -1.824 ns between cpu/u_pc/pc_reg[18]/C (clocked by sys_clk) and cpu/u_dmem/ram_reg_0_255_2_2/RAMS64E_A/ADR3 (clocked by sys_clk). Large setup violations at the end of those stages might be difficult to fix during the post-placement implementation flow and could be the result of non-optimal XDC constraints or non-optimal design architecture
Related violations: <none>

TIMING-16#586 Warning
Large setup violation  
There is a large setup violation of -1.824 ns between cpu/u_pc/pc_reg[18]/C (clocked by sys_clk) and cpu/u_dmem/ram_reg_0_255_2_2/RAMS64E_B/ADR3 (clocked by sys_clk). Large setup violations at the end of those stages might be difficult to fix during the post-placement implementation flow and could be the result of non-optimal XDC constraints or non-optimal design architecture
Related violations: <none>

TIMING-16#587 Warning
Large setup violation  
There is a large setup violation of -1.824 ns between cpu/u_pc/pc_reg[18]/C (clocked by sys_clk) and cpu/u_dmem/ram_reg_0_255_2_2/RAMS64E_C/ADR3 (clocked by sys_clk). Large setup violations at the end of those stages might be difficult to fix during the post-placement implementation flow and could be the result of non-optimal XDC constraints or non-optimal design architecture
Related violations: <none>

TIMING-16#588 Warning
Large setup violation  
There is a large setup violation of -1.824 ns between cpu/u_pc/pc_reg[18]/C (clocked by sys_clk) and cpu/u_dmem/ram_reg_0_255_2_2/RAMS64E_D/ADR3 (clocked by sys_clk). Large setup violations at the end of those stages might be difficult to fix during the post-placement implementation flow and could be the result of non-optimal XDC constraints or non-optimal design architecture
Related violations: <none>

TIMING-16#589 Warning
Large setup violation  
There is a large setup violation of -1.832 ns between cpu/u_pc/pc_reg[18]/C (clocked by sys_clk) and cpu/u_dmem/ram_reg_0_255_15_15/RAMS64E_A/ADR2 (clocked by sys_clk). Large setup violations at the end of those stages might be difficult to fix during the post-placement implementation flow and could be the result of non-optimal XDC constraints or non-optimal design architecture
Related violations: <none>

TIMING-16#590 Warning
Large setup violation  
There is a large setup violation of -1.832 ns between cpu/u_pc/pc_reg[18]/C (clocked by sys_clk) and cpu/u_dmem/ram_reg_0_255_15_15/RAMS64E_B/ADR2 (clocked by sys_clk). Large setup violations at the end of those stages might be difficult to fix during the post-placement implementation flow and could be the result of non-optimal XDC constraints or non-optimal design architecture
Related violations: <none>

TIMING-16#591 Warning
Large setup violation  
There is a large setup violation of -1.832 ns between cpu/u_pc/pc_reg[18]/C (clocked by sys_clk) and cpu/u_dmem/ram_reg_0_255_15_15/RAMS64E_C/ADR2 (clocked by sys_clk). Large setup violations at the end of those stages might be difficult to fix during the post-placement implementation flow and could be the result of non-optimal XDC constraints or non-optimal design architecture
Related violations: <none>

TIMING-16#592 Warning
Large setup violation  
There is a large setup violation of -1.832 ns between cpu/u_pc/pc_reg[18]/C (clocked by sys_clk) and cpu/u_dmem/ram_reg_0_255_15_15/RAMS64E_D/ADR2 (clocked by sys_clk). Large setup violations at the end of those stages might be difficult to fix during the post-placement implementation flow and could be the result of non-optimal XDC constraints or non-optimal design architecture
Related violations: <none>

TIMING-16#593 Warning
Large setup violation  
There is a large setup violation of -1.834 ns between cpu/u_pc/pc_reg[18]/C (clocked by sys_clk) and cpu/u_dmem/ram_reg_0_255_21_21/RAMS64E_A/WADR6 (clocked by sys_clk). Large setup violations at the end of those stages might be difficult to fix during the post-placement implementation flow and could be the result of non-optimal XDC constraints or non-optimal design architecture
Related violations: <none>

TIMING-16#594 Warning
Large setup violation  
There is a large setup violation of -1.834 ns between cpu/u_pc/pc_reg[18]/C (clocked by sys_clk) and cpu/u_dmem/ram_reg_0_255_21_21/RAMS64E_B/WADR6 (clocked by sys_clk). Large setup violations at the end of those stages might be difficult to fix during the post-placement implementation flow and could be the result of non-optimal XDC constraints or non-optimal design architecture
Related violations: <none>

TIMING-16#595 Warning
Large setup violation  
There is a large setup violation of -1.834 ns between cpu/u_pc/pc_reg[18]/C (clocked by sys_clk) and cpu/u_dmem/ram_reg_0_255_21_21/RAMS64E_C/WADR6 (clocked by sys_clk). Large setup violations at the end of those stages might be difficult to fix during the post-placement implementation flow and could be the result of non-optimal XDC constraints or non-optimal design architecture
Related violations: <none>

TIMING-16#596 Warning
Large setup violation  
There is a large setup violation of -1.834 ns between cpu/u_pc/pc_reg[18]/C (clocked by sys_clk) and cpu/u_dmem/ram_reg_0_255_21_21/RAMS64E_D/WADR6 (clocked by sys_clk). Large setup violations at the end of those stages might be difficult to fix during the post-placement implementation flow and could be the result of non-optimal XDC constraints or non-optimal design architecture
Related violations: <none>

TIMING-16#597 Warning
Large setup violation  
There is a large setup violation of -1.839 ns between cpu/u_pc/pc_reg[18]/C (clocked by sys_clk) and cpu/u_dmem/ram_reg_0_255_17_17/RAMS64E_A/ADR2 (clocked by sys_clk). Large setup violations at the end of those stages might be difficult to fix during the post-placement implementation flow and could be the result of non-optimal XDC constraints or non-optimal design architecture
Related violations: <none>

TIMING-16#598 Warning
Large setup violation  
There is a large setup violation of -1.839 ns between cpu/u_pc/pc_reg[18]/C (clocked by sys_clk) and cpu/u_dmem/ram_reg_0_255_17_17/RAMS64E_B/ADR2 (clocked by sys_clk). Large setup violations at the end of those stages might be difficult to fix during the post-placement implementation flow and could be the result of non-optimal XDC constraints or non-optimal design architecture
Related violations: <none>

TIMING-16#599 Warning
Large setup violation  
There is a large setup violation of -1.839 ns between cpu/u_pc/pc_reg[18]/C (clocked by sys_clk) and cpu/u_dmem/ram_reg_0_255_17_17/RAMS64E_C/ADR2 (clocked by sys_clk). Large setup violations at the end of those stages might be difficult to fix during the post-placement implementation flow and could be the result of non-optimal XDC constraints or non-optimal design architecture
Related violations: <none>

TIMING-16#600 Warning
Large setup violation  
There is a large setup violation of -1.839 ns between cpu/u_pc/pc_reg[18]/C (clocked by sys_clk) and cpu/u_dmem/ram_reg_0_255_17_17/RAMS64E_D/ADR2 (clocked by sys_clk). Large setup violations at the end of those stages might be difficult to fix during the post-placement implementation flow and could be the result of non-optimal XDC constraints or non-optimal design architecture
Related violations: <none>

TIMING-16#601 Warning
Large setup violation  
There is a large setup violation of -1.839 ns between cpu/u_pc/pc_reg[18]/C (clocked by sys_clk) and cpu/u_dmem/ram_reg_0_255_29_29/RAMS64E_A/WADR7 (clocked by sys_clk). Large setup violations at the end of those stages might be difficult to fix during the post-placement implementation flow and could be the result of non-optimal XDC constraints or non-optimal design architecture
Related violations: <none>

TIMING-16#602 Warning
Large setup violation  
There is a large setup violation of -1.839 ns between cpu/u_pc/pc_reg[18]/C (clocked by sys_clk) and cpu/u_dmem/ram_reg_0_255_29_29/RAMS64E_B/WADR7 (clocked by sys_clk). Large setup violations at the end of those stages might be difficult to fix during the post-placement implementation flow and could be the result of non-optimal XDC constraints or non-optimal design architecture
Related violations: <none>

TIMING-16#603 Warning
Large setup violation  
There is a large setup violation of -1.839 ns between cpu/u_pc/pc_reg[18]/C (clocked by sys_clk) and cpu/u_dmem/ram_reg_0_255_29_29/RAMS64E_C/WADR7 (clocked by sys_clk). Large setup violations at the end of those stages might be difficult to fix during the post-placement implementation flow and could be the result of non-optimal XDC constraints or non-optimal design architecture
Related violations: <none>

TIMING-16#604 Warning
Large setup violation  
There is a large setup violation of -1.839 ns between cpu/u_pc/pc_reg[18]/C (clocked by sys_clk) and cpu/u_dmem/ram_reg_0_255_29_29/RAMS64E_D/WADR7 (clocked by sys_clk). Large setup violations at the end of those stages might be difficult to fix during the post-placement implementation flow and could be the result of non-optimal XDC constraints or non-optimal design architecture
Related violations: <none>

TIMING-16#605 Warning
Large setup violation  
There is a large setup violation of -1.841 ns between cpu/u_pc/pc_reg[18]/C (clocked by sys_clk) and cpu/u_dmem/ram_reg_0_255_0_0/RAMS64E_A/ADR0 (clocked by sys_clk). Large setup violations at the end of those stages might be difficult to fix during the post-placement implementation flow and could be the result of non-optimal XDC constraints or non-optimal design architecture
Related violations: <none>

TIMING-16#606 Warning
Large setup violation  
There is a large setup violation of -1.841 ns between cpu/u_pc/pc_reg[18]/C (clocked by sys_clk) and cpu/u_dmem/ram_reg_0_255_0_0/RAMS64E_B/ADR0 (clocked by sys_clk). Large setup violations at the end of those stages might be difficult to fix during the post-placement implementation flow and could be the result of non-optimal XDC constraints or non-optimal design architecture
Related violations: <none>

TIMING-16#607 Warning
Large setup violation  
There is a large setup violation of -1.841 ns between cpu/u_pc/pc_reg[18]/C (clocked by sys_clk) and cpu/u_dmem/ram_reg_0_255_0_0/RAMS64E_C/ADR0 (clocked by sys_clk). Large setup violations at the end of those stages might be difficult to fix during the post-placement implementation flow and could be the result of non-optimal XDC constraints or non-optimal design architecture
Related violations: <none>

TIMING-16#608 Warning
Large setup violation  
There is a large setup violation of -1.841 ns between cpu/u_pc/pc_reg[18]/C (clocked by sys_clk) and cpu/u_dmem/ram_reg_0_255_0_0/RAMS64E_D/ADR0 (clocked by sys_clk). Large setup violations at the end of those stages might be difficult to fix during the post-placement implementation flow and could be the result of non-optimal XDC constraints or non-optimal design architecture
Related violations: <none>

TIMING-16#609 Warning
Large setup violation  
There is a large setup violation of -1.846 ns between cpu/u_pc/pc_reg[18]/C (clocked by sys_clk) and cpu/u_dmem/ram_reg_0_255_1_1/RAMS64E_A/ADR2 (clocked by sys_clk). Large setup violations at the end of those stages might be difficult to fix during the post-placement implementation flow and could be the result of non-optimal XDC constraints or non-optimal design architecture
Related violations: <none>

TIMING-16#610 Warning
Large setup violation  
There is a large setup violation of -1.846 ns between cpu/u_pc/pc_reg[18]/C (clocked by sys_clk) and cpu/u_dmem/ram_reg_0_255_1_1/RAMS64E_B/ADR2 (clocked by sys_clk). Large setup violations at the end of those stages might be difficult to fix during the post-placement implementation flow and could be the result of non-optimal XDC constraints or non-optimal design architecture
Related violations: <none>

TIMING-16#611 Warning
Large setup violation  
There is a large setup violation of -1.846 ns between cpu/u_pc/pc_reg[18]/C (clocked by sys_clk) and cpu/u_dmem/ram_reg_0_255_1_1/RAMS64E_C/ADR2 (clocked by sys_clk). Large setup violations at the end of those stages might be difficult to fix during the post-placement implementation flow and could be the result of non-optimal XDC constraints or non-optimal design architecture
Related violations: <none>

TIMING-16#612 Warning
Large setup violation  
There is a large setup violation of -1.846 ns between cpu/u_pc/pc_reg[18]/C (clocked by sys_clk) and cpu/u_dmem/ram_reg_0_255_1_1/RAMS64E_D/ADR2 (clocked by sys_clk). Large setup violations at the end of those stages might be difficult to fix during the post-placement implementation flow and could be the result of non-optimal XDC constraints or non-optimal design architecture
Related violations: <none>

TIMING-16#613 Warning
Large setup violation  
There is a large setup violation of -1.846 ns between cpu/u_pc/pc_reg[18]/C (clocked by sys_clk) and cpu/u_dmem/ram_reg_0_255_21_21/RAMS64E_A/ADR0 (clocked by sys_clk). Large setup violations at the end of those stages might be difficult to fix during the post-placement implementation flow and could be the result of non-optimal XDC constraints or non-optimal design architecture
Related violations: <none>

TIMING-16#614 Warning
Large setup violation  
There is a large setup violation of -1.846 ns between cpu/u_pc/pc_reg[18]/C (clocked by sys_clk) and cpu/u_dmem/ram_reg_0_255_21_21/RAMS64E_B/ADR0 (clocked by sys_clk). Large setup violations at the end of those stages might be difficult to fix during the post-placement implementation flow and could be the result of non-optimal XDC constraints or non-optimal design architecture
Related violations: <none>

TIMING-16#615 Warning
Large setup violation  
There is a large setup violation of -1.846 ns between cpu/u_pc/pc_reg[18]/C (clocked by sys_clk) and cpu/u_dmem/ram_reg_0_255_21_21/RAMS64E_C/ADR0 (clocked by sys_clk). Large setup violations at the end of those stages might be difficult to fix during the post-placement implementation flow and could be the result of non-optimal XDC constraints or non-optimal design architecture
Related violations: <none>

TIMING-16#616 Warning
Large setup violation  
There is a large setup violation of -1.846 ns between cpu/u_pc/pc_reg[18]/C (clocked by sys_clk) and cpu/u_dmem/ram_reg_0_255_21_21/RAMS64E_D/ADR0 (clocked by sys_clk). Large setup violations at the end of those stages might be difficult to fix during the post-placement implementation flow and could be the result of non-optimal XDC constraints or non-optimal design architecture
Related violations: <none>

TIMING-16#617 Warning
Large setup violation  
There is a large setup violation of -1.849 ns between cpu/u_pc/pc_reg[18]/C (clocked by sys_clk) and cpu/u_dmem/ram_reg_0_255_2_2/RAMS64E_A/ADR4 (clocked by sys_clk). Large setup violations at the end of those stages might be difficult to fix during the post-placement implementation flow and could be the result of non-optimal XDC constraints or non-optimal design architecture
Related violations: <none>

TIMING-16#618 Warning
Large setup violation  
There is a large setup violation of -1.849 ns between cpu/u_pc/pc_reg[18]/C (clocked by sys_clk) and cpu/u_dmem/ram_reg_0_255_2_2/RAMS64E_B/ADR4 (clocked by sys_clk). Large setup violations at the end of those stages might be difficult to fix during the post-placement implementation flow and could be the result of non-optimal XDC constraints or non-optimal design architecture
Related violations: <none>

TIMING-16#619 Warning
Large setup violation  
There is a large setup violation of -1.849 ns between cpu/u_pc/pc_reg[18]/C (clocked by sys_clk) and cpu/u_dmem/ram_reg_0_255_2_2/RAMS64E_C/ADR4 (clocked by sys_clk). Large setup violations at the end of those stages might be difficult to fix during the post-placement implementation flow and could be the result of non-optimal XDC constraints or non-optimal design architecture
Related violations: <none>

TIMING-16#620 Warning
Large setup violation  
There is a large setup violation of -1.849 ns between cpu/u_pc/pc_reg[18]/C (clocked by sys_clk) and cpu/u_dmem/ram_reg_0_255_2_2/RAMS64E_D/ADR4 (clocked by sys_clk). Large setup violations at the end of those stages might be difficult to fix during the post-placement implementation flow and could be the result of non-optimal XDC constraints or non-optimal design architecture
Related violations: <none>

TIMING-16#621 Warning
Large setup violation  
There is a large setup violation of -1.858 ns between cpu/u_pc/pc_reg[18]/C (clocked by sys_clk) and cpu/u_dmem/ram_reg_0_255_16_16/RAMS64E_A/ADR4 (clocked by sys_clk). Large setup violations at the end of those stages might be difficult to fix during the post-placement implementation flow and could be the result of non-optimal XDC constraints or non-optimal design architecture
Related violations: <none>

TIMING-16#622 Warning
Large setup violation  
There is a large setup violation of -1.858 ns between cpu/u_pc/pc_reg[18]/C (clocked by sys_clk) and cpu/u_dmem/ram_reg_0_255_16_16/RAMS64E_B/ADR4 (clocked by sys_clk). Large setup violations at the end of those stages might be difficult to fix during the post-placement implementation flow and could be the result of non-optimal XDC constraints or non-optimal design architecture
Related violations: <none>

TIMING-16#623 Warning
Large setup violation  
There is a large setup violation of -1.858 ns between cpu/u_pc/pc_reg[18]/C (clocked by sys_clk) and cpu/u_dmem/ram_reg_0_255_16_16/RAMS64E_C/ADR4 (clocked by sys_clk). Large setup violations at the end of those stages might be difficult to fix during the post-placement implementation flow and could be the result of non-optimal XDC constraints or non-optimal design architecture
Related violations: <none>

TIMING-16#624 Warning
Large setup violation  
There is a large setup violation of -1.858 ns between cpu/u_pc/pc_reg[18]/C (clocked by sys_clk) and cpu/u_dmem/ram_reg_0_255_16_16/RAMS64E_D/ADR4 (clocked by sys_clk). Large setup violations at the end of those stages might be difficult to fix during the post-placement implementation flow and could be the result of non-optimal XDC constraints or non-optimal design architecture
Related violations: <none>

TIMING-16#625 Warning
Large setup violation  
There is a large setup violation of -1.864 ns between cpu/u_pc/pc_reg[18]/C (clocked by sys_clk) and cpu/u_dmem/ram_reg_0_255_4_4/RAMS64E_A/ADR0 (clocked by sys_clk). Large setup violations at the end of those stages might be difficult to fix during the post-placement implementation flow and could be the result of non-optimal XDC constraints or non-optimal design architecture
Related violations: <none>

TIMING-16#626 Warning
Large setup violation  
There is a large setup violation of -1.864 ns between cpu/u_pc/pc_reg[18]/C (clocked by sys_clk) and cpu/u_dmem/ram_reg_0_255_4_4/RAMS64E_B/ADR0 (clocked by sys_clk). Large setup violations at the end of those stages might be difficult to fix during the post-placement implementation flow and could be the result of non-optimal XDC constraints or non-optimal design architecture
Related violations: <none>

TIMING-16#627 Warning
Large setup violation  
There is a large setup violation of -1.864 ns between cpu/u_pc/pc_reg[18]/C (clocked by sys_clk) and cpu/u_dmem/ram_reg_0_255_4_4/RAMS64E_C/ADR0 (clocked by sys_clk). Large setup violations at the end of those stages might be difficult to fix during the post-placement implementation flow and could be the result of non-optimal XDC constraints or non-optimal design architecture
Related violations: <none>

TIMING-16#628 Warning
Large setup violation  
There is a large setup violation of -1.864 ns between cpu/u_pc/pc_reg[18]/C (clocked by sys_clk) and cpu/u_dmem/ram_reg_0_255_4_4/RAMS64E_D/ADR0 (clocked by sys_clk). Large setup violations at the end of those stages might be difficult to fix during the post-placement implementation flow and could be the result of non-optimal XDC constraints or non-optimal design architecture
Related violations: <none>

TIMING-16#629 Warning
Large setup violation  
There is a large setup violation of -1.866 ns between cpu/u_pc/pc_reg[18]/C (clocked by sys_clk) and cpu/u_dmem/ram_reg_0_255_13_13/RAMS64E_A/ADR1 (clocked by sys_clk). Large setup violations at the end of those stages might be difficult to fix during the post-placement implementation flow and could be the result of non-optimal XDC constraints or non-optimal design architecture
Related violations: <none>

TIMING-16#630 Warning
Large setup violation  
There is a large setup violation of -1.866 ns between cpu/u_pc/pc_reg[18]/C (clocked by sys_clk) and cpu/u_dmem/ram_reg_0_255_13_13/RAMS64E_B/ADR1 (clocked by sys_clk). Large setup violations at the end of those stages might be difficult to fix during the post-placement implementation flow and could be the result of non-optimal XDC constraints or non-optimal design architecture
Related violations: <none>

TIMING-16#631 Warning
Large setup violation  
There is a large setup violation of -1.866 ns between cpu/u_pc/pc_reg[18]/C (clocked by sys_clk) and cpu/u_dmem/ram_reg_0_255_13_13/RAMS64E_C/ADR1 (clocked by sys_clk). Large setup violations at the end of those stages might be difficult to fix during the post-placement implementation flow and could be the result of non-optimal XDC constraints or non-optimal design architecture
Related violations: <none>

TIMING-16#632 Warning
Large setup violation  
There is a large setup violation of -1.866 ns between cpu/u_pc/pc_reg[18]/C (clocked by sys_clk) and cpu/u_dmem/ram_reg_0_255_13_13/RAMS64E_D/ADR1 (clocked by sys_clk). Large setup violations at the end of those stages might be difficult to fix during the post-placement implementation flow and could be the result of non-optimal XDC constraints or non-optimal design architecture
Related violations: <none>

TIMING-16#633 Warning
Large setup violation  
There is a large setup violation of -1.869 ns between cpu/u_pc/pc_reg[18]/C (clocked by sys_clk) and cpu/u_dmem/ram_reg_0_255_30_30/RAMS64E_A/WADR7 (clocked by sys_clk). Large setup violations at the end of those stages might be difficult to fix during the post-placement implementation flow and could be the result of non-optimal XDC constraints or non-optimal design architecture
Related violations: <none>

TIMING-16#634 Warning
Large setup violation  
There is a large setup violation of -1.869 ns between cpu/u_pc/pc_reg[18]/C (clocked by sys_clk) and cpu/u_dmem/ram_reg_0_255_30_30/RAMS64E_B/WADR7 (clocked by sys_clk). Large setup violations at the end of those stages might be difficult to fix during the post-placement implementation flow and could be the result of non-optimal XDC constraints or non-optimal design architecture
Related violations: <none>

TIMING-16#635 Warning
Large setup violation  
There is a large setup violation of -1.869 ns between cpu/u_pc/pc_reg[18]/C (clocked by sys_clk) and cpu/u_dmem/ram_reg_0_255_30_30/RAMS64E_C/WADR7 (clocked by sys_clk). Large setup violations at the end of those stages might be difficult to fix during the post-placement implementation flow and could be the result of non-optimal XDC constraints or non-optimal design architecture
Related violations: <none>

TIMING-16#636 Warning
Large setup violation  
There is a large setup violation of -1.869 ns between cpu/u_pc/pc_reg[18]/C (clocked by sys_clk) and cpu/u_dmem/ram_reg_0_255_30_30/RAMS64E_D/WADR7 (clocked by sys_clk). Large setup violations at the end of those stages might be difficult to fix during the post-placement implementation flow and could be the result of non-optimal XDC constraints or non-optimal design architecture
Related violations: <none>

TIMING-16#637 Warning
Large setup violation  
There is a large setup violation of -1.870 ns between cpu/u_pc/pc_reg[18]/C (clocked by sys_clk) and cpu/u_dmem/ram_reg_0_255_5_5/RAMS64E_A/ADR0 (clocked by sys_clk). Large setup violations at the end of those stages might be difficult to fix during the post-placement implementation flow and could be the result of non-optimal XDC constraints or non-optimal design architecture
Related violations: <none>

TIMING-16#638 Warning
Large setup violation  
There is a large setup violation of -1.870 ns between cpu/u_pc/pc_reg[18]/C (clocked by sys_clk) and cpu/u_dmem/ram_reg_0_255_5_5/RAMS64E_B/ADR0 (clocked by sys_clk). Large setup violations at the end of those stages might be difficult to fix during the post-placement implementation flow and could be the result of non-optimal XDC constraints or non-optimal design architecture
Related violations: <none>

TIMING-16#639 Warning
Large setup violation  
There is a large setup violation of -1.870 ns between cpu/u_pc/pc_reg[18]/C (clocked by sys_clk) and cpu/u_dmem/ram_reg_0_255_5_5/RAMS64E_C/ADR0 (clocked by sys_clk). Large setup violations at the end of those stages might be difficult to fix during the post-placement implementation flow and could be the result of non-optimal XDC constraints or non-optimal design architecture
Related violations: <none>

TIMING-16#640 Warning
Large setup violation  
There is a large setup violation of -1.870 ns between cpu/u_pc/pc_reg[18]/C (clocked by sys_clk) and cpu/u_dmem/ram_reg_0_255_5_5/RAMS64E_D/ADR0 (clocked by sys_clk). Large setup violations at the end of those stages might be difficult to fix during the post-placement implementation flow and could be the result of non-optimal XDC constraints or non-optimal design architecture
Related violations: <none>

TIMING-16#641 Warning
Large setup violation  
There is a large setup violation of -1.877 ns between cpu/u_pc/pc_reg[18]/C (clocked by sys_clk) and cpu/u_dmem/ram_reg_0_255_20_20/RAMS64E_A/ADR2 (clocked by sys_clk). Large setup violations at the end of those stages might be difficult to fix during the post-placement implementation flow and could be the result of non-optimal XDC constraints or non-optimal design architecture
Related violations: <none>

TIMING-16#642 Warning
Large setup violation  
There is a large setup violation of -1.877 ns between cpu/u_pc/pc_reg[18]/C (clocked by sys_clk) and cpu/u_dmem/ram_reg_0_255_20_20/RAMS64E_B/ADR2 (clocked by sys_clk). Large setup violations at the end of those stages might be difficult to fix during the post-placement implementation flow and could be the result of non-optimal XDC constraints or non-optimal design architecture
Related violations: <none>

TIMING-16#643 Warning
Large setup violation  
There is a large setup violation of -1.877 ns between cpu/u_pc/pc_reg[18]/C (clocked by sys_clk) and cpu/u_dmem/ram_reg_0_255_20_20/RAMS64E_C/ADR2 (clocked by sys_clk). Large setup violations at the end of those stages might be difficult to fix during the post-placement implementation flow and could be the result of non-optimal XDC constraints or non-optimal design architecture
Related violations: <none>

TIMING-16#644 Warning
Large setup violation  
There is a large setup violation of -1.877 ns between cpu/u_pc/pc_reg[18]/C (clocked by sys_clk) and cpu/u_dmem/ram_reg_0_255_20_20/RAMS64E_D/ADR2 (clocked by sys_clk). Large setup violations at the end of those stages might be difficult to fix during the post-placement implementation flow and could be the result of non-optimal XDC constraints or non-optimal design architecture
Related violations: <none>

TIMING-16#645 Warning
Large setup violation  
There is a large setup violation of -1.887 ns between cpu/u_pc/pc_reg[18]/C (clocked by sys_clk) and cpu/u_dmem/ram_reg_0_255_27_27/RAMS64E_A/WADR6 (clocked by sys_clk). Large setup violations at the end of those stages might be difficult to fix during the post-placement implementation flow and could be the result of non-optimal XDC constraints or non-optimal design architecture
Related violations: <none>

TIMING-16#646 Warning
Large setup violation  
There is a large setup violation of -1.887 ns between cpu/u_pc/pc_reg[18]/C (clocked by sys_clk) and cpu/u_dmem/ram_reg_0_255_27_27/RAMS64E_B/WADR6 (clocked by sys_clk). Large setup violations at the end of those stages might be difficult to fix during the post-placement implementation flow and could be the result of non-optimal XDC constraints or non-optimal design architecture
Related violations: <none>

TIMING-16#647 Warning
Large setup violation  
There is a large setup violation of -1.887 ns between cpu/u_pc/pc_reg[18]/C (clocked by sys_clk) and cpu/u_dmem/ram_reg_0_255_27_27/RAMS64E_C/WADR6 (clocked by sys_clk). Large setup violations at the end of those stages might be difficult to fix during the post-placement implementation flow and could be the result of non-optimal XDC constraints or non-optimal design architecture
Related violations: <none>

TIMING-16#648 Warning
Large setup violation  
There is a large setup violation of -1.887 ns between cpu/u_pc/pc_reg[18]/C (clocked by sys_clk) and cpu/u_dmem/ram_reg_0_255_27_27/RAMS64E_D/WADR6 (clocked by sys_clk). Large setup violations at the end of those stages might be difficult to fix during the post-placement implementation flow and could be the result of non-optimal XDC constraints or non-optimal design architecture
Related violations: <none>

TIMING-16#649 Warning
Large setup violation  
There is a large setup violation of -1.888 ns between cpu/u_pc/pc_reg[18]/C (clocked by sys_clk) and cpu/u_dmem/ram_reg_0_255_3_3/RAMS64E_A/ADR2 (clocked by sys_clk). Large setup violations at the end of those stages might be difficult to fix during the post-placement implementation flow and could be the result of non-optimal XDC constraints or non-optimal design architecture
Related violations: <none>

TIMING-16#650 Warning
Large setup violation  
There is a large setup violation of -1.888 ns between cpu/u_pc/pc_reg[18]/C (clocked by sys_clk) and cpu/u_dmem/ram_reg_0_255_3_3/RAMS64E_B/ADR2 (clocked by sys_clk). Large setup violations at the end of those stages might be difficult to fix during the post-placement implementation flow and could be the result of non-optimal XDC constraints or non-optimal design architecture
Related violations: <none>

TIMING-16#651 Warning
Large setup violation  
There is a large setup violation of -1.888 ns between cpu/u_pc/pc_reg[18]/C (clocked by sys_clk) and cpu/u_dmem/ram_reg_0_255_3_3/RAMS64E_C/ADR2 (clocked by sys_clk). Large setup violations at the end of those stages might be difficult to fix during the post-placement implementation flow and could be the result of non-optimal XDC constraints or non-optimal design architecture
Related violations: <none>

TIMING-16#652 Warning
Large setup violation  
There is a large setup violation of -1.888 ns between cpu/u_pc/pc_reg[18]/C (clocked by sys_clk) and cpu/u_dmem/ram_reg_0_255_3_3/RAMS64E_D/ADR2 (clocked by sys_clk). Large setup violations at the end of those stages might be difficult to fix during the post-placement implementation flow and could be the result of non-optimal XDC constraints or non-optimal design architecture
Related violations: <none>

TIMING-16#653 Warning
Large setup violation  
There is a large setup violation of -1.890 ns between cpu/u_pc/pc_reg[18]/C (clocked by sys_clk) and cpu/u_dmem/ram_reg_0_255_11_11/RAMS64E_A/ADR2 (clocked by sys_clk). Large setup violations at the end of those stages might be difficult to fix during the post-placement implementation flow and could be the result of non-optimal XDC constraints or non-optimal design architecture
Related violations: <none>

TIMING-16#654 Warning
Large setup violation  
There is a large setup violation of -1.890 ns between cpu/u_pc/pc_reg[18]/C (clocked by sys_clk) and cpu/u_dmem/ram_reg_0_255_11_11/RAMS64E_B/ADR2 (clocked by sys_clk). Large setup violations at the end of those stages might be difficult to fix during the post-placement implementation flow and could be the result of non-optimal XDC constraints or non-optimal design architecture
Related violations: <none>

TIMING-16#655 Warning
Large setup violation  
There is a large setup violation of -1.890 ns between cpu/u_pc/pc_reg[18]/C (clocked by sys_clk) and cpu/u_dmem/ram_reg_0_255_11_11/RAMS64E_C/ADR2 (clocked by sys_clk). Large setup violations at the end of those stages might be difficult to fix during the post-placement implementation flow and could be the result of non-optimal XDC constraints or non-optimal design architecture
Related violations: <none>

TIMING-16#656 Warning
Large setup violation  
There is a large setup violation of -1.890 ns between cpu/u_pc/pc_reg[18]/C (clocked by sys_clk) and cpu/u_dmem/ram_reg_0_255_11_11/RAMS64E_D/ADR2 (clocked by sys_clk). Large setup violations at the end of those stages might be difficult to fix during the post-placement implementation flow and could be the result of non-optimal XDC constraints or non-optimal design architecture
Related violations: <none>

TIMING-16#657 Warning
Large setup violation  
There is a large setup violation of -1.890 ns between cpu/u_pc/pc_reg[18]/C (clocked by sys_clk) and cpu/u_dmem/ram_reg_0_255_4_4/RAMS64E_A/ADR2 (clocked by sys_clk). Large setup violations at the end of those stages might be difficult to fix during the post-placement implementation flow and could be the result of non-optimal XDC constraints or non-optimal design architecture
Related violations: <none>

TIMING-16#658 Warning
Large setup violation  
There is a large setup violation of -1.890 ns between cpu/u_pc/pc_reg[18]/C (clocked by sys_clk) and cpu/u_dmem/ram_reg_0_255_4_4/RAMS64E_B/ADR2 (clocked by sys_clk). Large setup violations at the end of those stages might be difficult to fix during the post-placement implementation flow and could be the result of non-optimal XDC constraints or non-optimal design architecture
Related violations: <none>

TIMING-16#659 Warning
Large setup violation  
There is a large setup violation of -1.890 ns between cpu/u_pc/pc_reg[18]/C (clocked by sys_clk) and cpu/u_dmem/ram_reg_0_255_4_4/RAMS64E_C/ADR2 (clocked by sys_clk). Large setup violations at the end of those stages might be difficult to fix during the post-placement implementation flow and could be the result of non-optimal XDC constraints or non-optimal design architecture
Related violations: <none>

TIMING-16#660 Warning
Large setup violation  
There is a large setup violation of -1.890 ns between cpu/u_pc/pc_reg[18]/C (clocked by sys_clk) and cpu/u_dmem/ram_reg_0_255_4_4/RAMS64E_D/ADR2 (clocked by sys_clk). Large setup violations at the end of those stages might be difficult to fix during the post-placement implementation flow and could be the result of non-optimal XDC constraints or non-optimal design architecture
Related violations: <none>

TIMING-16#661 Warning
Large setup violation  
There is a large setup violation of -1.900 ns between cpu/u_pc/pc_reg[18]/C (clocked by sys_clk) and cpu/u_dmem/ram_reg_0_255_30_30/RAMS64E_A/WADR6 (clocked by sys_clk). Large setup violations at the end of those stages might be difficult to fix during the post-placement implementation flow and could be the result of non-optimal XDC constraints or non-optimal design architecture
Related violations: <none>

TIMING-16#662 Warning
Large setup violation  
There is a large setup violation of -1.900 ns between cpu/u_pc/pc_reg[18]/C (clocked by sys_clk) and cpu/u_dmem/ram_reg_0_255_30_30/RAMS64E_B/WADR6 (clocked by sys_clk). Large setup violations at the end of those stages might be difficult to fix during the post-placement implementation flow and could be the result of non-optimal XDC constraints or non-optimal design architecture
Related violations: <none>

TIMING-16#663 Warning
Large setup violation  
There is a large setup violation of -1.900 ns between cpu/u_pc/pc_reg[18]/C (clocked by sys_clk) and cpu/u_dmem/ram_reg_0_255_30_30/RAMS64E_C/WADR6 (clocked by sys_clk). Large setup violations at the end of those stages might be difficult to fix during the post-placement implementation flow and could be the result of non-optimal XDC constraints or non-optimal design architecture
Related violations: <none>

TIMING-16#664 Warning
Large setup violation  
There is a large setup violation of -1.900 ns between cpu/u_pc/pc_reg[18]/C (clocked by sys_clk) and cpu/u_dmem/ram_reg_0_255_30_30/RAMS64E_D/WADR6 (clocked by sys_clk). Large setup violations at the end of those stages might be difficult to fix during the post-placement implementation flow and could be the result of non-optimal XDC constraints or non-optimal design architecture
Related violations: <none>

TIMING-16#665 Warning
Large setup violation  
There is a large setup violation of -1.906 ns between cpu/u_pc/pc_reg[18]/C (clocked by sys_clk) and cpu/u_dmem/ram_reg_0_255_31_31/RAMS64E_A/WADR7 (clocked by sys_clk). Large setup violations at the end of those stages might be difficult to fix during the post-placement implementation flow and could be the result of non-optimal XDC constraints or non-optimal design architecture
Related violations: <none>

TIMING-16#666 Warning
Large setup violation  
There is a large setup violation of -1.906 ns between cpu/u_pc/pc_reg[18]/C (clocked by sys_clk) and cpu/u_dmem/ram_reg_0_255_31_31/RAMS64E_B/WADR7 (clocked by sys_clk). Large setup violations at the end of those stages might be difficult to fix during the post-placement implementation flow and could be the result of non-optimal XDC constraints or non-optimal design architecture
Related violations: <none>

TIMING-16#667 Warning
Large setup violation  
There is a large setup violation of -1.906 ns between cpu/u_pc/pc_reg[18]/C (clocked by sys_clk) and cpu/u_dmem/ram_reg_0_255_31_31/RAMS64E_C/WADR7 (clocked by sys_clk). Large setup violations at the end of those stages might be difficult to fix during the post-placement implementation flow and could be the result of non-optimal XDC constraints or non-optimal design architecture
Related violations: <none>

TIMING-16#668 Warning
Large setup violation  
There is a large setup violation of -1.906 ns between cpu/u_pc/pc_reg[18]/C (clocked by sys_clk) and cpu/u_dmem/ram_reg_0_255_31_31/RAMS64E_D/WADR7 (clocked by sys_clk). Large setup violations at the end of those stages might be difficult to fix during the post-placement implementation flow and could be the result of non-optimal XDC constraints or non-optimal design architecture
Related violations: <none>

TIMING-16#669 Warning
Large setup violation  
There is a large setup violation of -1.911 ns between cpu/u_pc/pc_reg[18]/C (clocked by sys_clk) and cpu/u_dmem/ram_reg_0_255_5_5/RAMS64E_A/ADR1 (clocked by sys_clk). Large setup violations at the end of those stages might be difficult to fix during the post-placement implementation flow and could be the result of non-optimal XDC constraints or non-optimal design architecture
Related violations: <none>

TIMING-16#670 Warning
Large setup violation  
There is a large setup violation of -1.911 ns between cpu/u_pc/pc_reg[18]/C (clocked by sys_clk) and cpu/u_dmem/ram_reg_0_255_5_5/RAMS64E_B/ADR1 (clocked by sys_clk). Large setup violations at the end of those stages might be difficult to fix during the post-placement implementation flow and could be the result of non-optimal XDC constraints or non-optimal design architecture
Related violations: <none>

TIMING-16#671 Warning
Large setup violation  
There is a large setup violation of -1.911 ns between cpu/u_pc/pc_reg[18]/C (clocked by sys_clk) and cpu/u_dmem/ram_reg_0_255_5_5/RAMS64E_C/ADR1 (clocked by sys_clk). Large setup violations at the end of those stages might be difficult to fix during the post-placement implementation flow and could be the result of non-optimal XDC constraints or non-optimal design architecture
Related violations: <none>

TIMING-16#672 Warning
Large setup violation  
There is a large setup violation of -1.911 ns between cpu/u_pc/pc_reg[18]/C (clocked by sys_clk) and cpu/u_dmem/ram_reg_0_255_5_5/RAMS64E_D/ADR1 (clocked by sys_clk). Large setup violations at the end of those stages might be difficult to fix during the post-placement implementation flow and could be the result of non-optimal XDC constraints or non-optimal design architecture
Related violations: <none>

TIMING-16#673 Warning
Large setup violation  
There is a large setup violation of -1.925 ns between cpu/u_pc/pc_reg[18]/C (clocked by sys_clk) and cpu/u_dmem/ram_reg_0_255_28_28/RAMS64E_A/WADR7 (clocked by sys_clk). Large setup violations at the end of those stages might be difficult to fix during the post-placement implementation flow and could be the result of non-optimal XDC constraints or non-optimal design architecture
Related violations: <none>

TIMING-16#674 Warning
Large setup violation  
There is a large setup violation of -1.925 ns between cpu/u_pc/pc_reg[18]/C (clocked by sys_clk) and cpu/u_dmem/ram_reg_0_255_28_28/RAMS64E_B/WADR7 (clocked by sys_clk). Large setup violations at the end of those stages might be difficult to fix during the post-placement implementation flow and could be the result of non-optimal XDC constraints or non-optimal design architecture
Related violations: <none>

TIMING-16#675 Warning
Large setup violation  
There is a large setup violation of -1.925 ns between cpu/u_pc/pc_reg[18]/C (clocked by sys_clk) and cpu/u_dmem/ram_reg_0_255_28_28/RAMS64E_C/WADR7 (clocked by sys_clk). Large setup violations at the end of those stages might be difficult to fix during the post-placement implementation flow and could be the result of non-optimal XDC constraints or non-optimal design architecture
Related violations: <none>

TIMING-16#676 Warning
Large setup violation  
There is a large setup violation of -1.925 ns between cpu/u_pc/pc_reg[18]/C (clocked by sys_clk) and cpu/u_dmem/ram_reg_0_255_28_28/RAMS64E_D/WADR7 (clocked by sys_clk). Large setup violations at the end of those stages might be difficult to fix during the post-placement implementation flow and could be the result of non-optimal XDC constraints or non-optimal design architecture
Related violations: <none>

TIMING-16#677 Warning
Large setup violation  
There is a large setup violation of -1.931 ns between cpu/u_pc/pc_reg[18]/C (clocked by sys_clk) and cpu/u_dmem/ram_reg_0_255_12_12/RAMS64E_A/ADR5 (clocked by sys_clk). Large setup violations at the end of those stages might be difficult to fix during the post-placement implementation flow and could be the result of non-optimal XDC constraints or non-optimal design architecture
Related violations: <none>

TIMING-16#678 Warning
Large setup violation  
There is a large setup violation of -1.931 ns between cpu/u_pc/pc_reg[18]/C (clocked by sys_clk) and cpu/u_dmem/ram_reg_0_255_12_12/RAMS64E_B/ADR5 (clocked by sys_clk). Large setup violations at the end of those stages might be difficult to fix during the post-placement implementation flow and could be the result of non-optimal XDC constraints or non-optimal design architecture
Related violations: <none>

TIMING-16#679 Warning
Large setup violation  
There is a large setup violation of -1.931 ns between cpu/u_pc/pc_reg[18]/C (clocked by sys_clk) and cpu/u_dmem/ram_reg_0_255_12_12/RAMS64E_C/ADR5 (clocked by sys_clk). Large setup violations at the end of those stages might be difficult to fix during the post-placement implementation flow and could be the result of non-optimal XDC constraints or non-optimal design architecture
Related violations: <none>

TIMING-16#680 Warning
Large setup violation  
There is a large setup violation of -1.931 ns between cpu/u_pc/pc_reg[18]/C (clocked by sys_clk) and cpu/u_dmem/ram_reg_0_255_12_12/RAMS64E_D/ADR5 (clocked by sys_clk). Large setup violations at the end of those stages might be difficult to fix during the post-placement implementation flow and could be the result of non-optimal XDC constraints or non-optimal design architecture
Related violations: <none>

TIMING-16#681 Warning
Large setup violation  
There is a large setup violation of -1.934 ns between cpu/u_pc/pc_reg[18]/C (clocked by sys_clk) and cpu/u_dmem/ram_reg_0_255_29_29/RAMS64E_A/WADR6 (clocked by sys_clk). Large setup violations at the end of those stages might be difficult to fix during the post-placement implementation flow and could be the result of non-optimal XDC constraints or non-optimal design architecture
Related violations: <none>

TIMING-16#682 Warning
Large setup violation  
There is a large setup violation of -1.934 ns between cpu/u_pc/pc_reg[18]/C (clocked by sys_clk) and cpu/u_dmem/ram_reg_0_255_29_29/RAMS64E_B/WADR6 (clocked by sys_clk). Large setup violations at the end of those stages might be difficult to fix during the post-placement implementation flow and could be the result of non-optimal XDC constraints or non-optimal design architecture
Related violations: <none>

TIMING-16#683 Warning
Large setup violation  
There is a large setup violation of -1.934 ns between cpu/u_pc/pc_reg[18]/C (clocked by sys_clk) and cpu/u_dmem/ram_reg_0_255_29_29/RAMS64E_C/WADR6 (clocked by sys_clk). Large setup violations at the end of those stages might be difficult to fix during the post-placement implementation flow and could be the result of non-optimal XDC constraints or non-optimal design architecture
Related violations: <none>

TIMING-16#684 Warning
Large setup violation  
There is a large setup violation of -1.934 ns between cpu/u_pc/pc_reg[18]/C (clocked by sys_clk) and cpu/u_dmem/ram_reg_0_255_29_29/RAMS64E_D/WADR6 (clocked by sys_clk). Large setup violations at the end of those stages might be difficult to fix during the post-placement implementation flow and could be the result of non-optimal XDC constraints or non-optimal design architecture
Related violations: <none>

TIMING-16#685 Warning
Large setup violation  
There is a large setup violation of -1.934 ns between cpu/u_pc/pc_reg[18]/C (clocked by sys_clk) and cpu/u_dmem/ram_reg_0_255_5_5/RAMS64E_A/ADR2 (clocked by sys_clk). Large setup violations at the end of those stages might be difficult to fix during the post-placement implementation flow and could be the result of non-optimal XDC constraints or non-optimal design architecture
Related violations: <none>

TIMING-16#686 Warning
Large setup violation  
There is a large setup violation of -1.934 ns between cpu/u_pc/pc_reg[18]/C (clocked by sys_clk) and cpu/u_dmem/ram_reg_0_255_5_5/RAMS64E_B/ADR2 (clocked by sys_clk). Large setup violations at the end of those stages might be difficult to fix during the post-placement implementation flow and could be the result of non-optimal XDC constraints or non-optimal design architecture
Related violations: <none>

TIMING-16#687 Warning
Large setup violation  
There is a large setup violation of -1.934 ns between cpu/u_pc/pc_reg[18]/C (clocked by sys_clk) and cpu/u_dmem/ram_reg_0_255_5_5/RAMS64E_C/ADR2 (clocked by sys_clk). Large setup violations at the end of those stages might be difficult to fix during the post-placement implementation flow and could be the result of non-optimal XDC constraints or non-optimal design architecture
Related violations: <none>

TIMING-16#688 Warning
Large setup violation  
There is a large setup violation of -1.934 ns between cpu/u_pc/pc_reg[18]/C (clocked by sys_clk) and cpu/u_dmem/ram_reg_0_255_5_5/RAMS64E_D/ADR2 (clocked by sys_clk). Large setup violations at the end of those stages might be difficult to fix during the post-placement implementation flow and could be the result of non-optimal XDC constraints or non-optimal design architecture
Related violations: <none>

TIMING-16#689 Warning
Large setup violation  
There is a large setup violation of -1.938 ns between cpu/u_pc/pc_reg[18]/C (clocked by sys_clk) and cpu/u_dmem/ram_reg_0_255_31_31/RAMS64E_A/WADR6 (clocked by sys_clk). Large setup violations at the end of those stages might be difficult to fix during the post-placement implementation flow and could be the result of non-optimal XDC constraints or non-optimal design architecture
Related violations: <none>

TIMING-16#690 Warning
Large setup violation  
There is a large setup violation of -1.938 ns between cpu/u_pc/pc_reg[18]/C (clocked by sys_clk) and cpu/u_dmem/ram_reg_0_255_31_31/RAMS64E_B/WADR6 (clocked by sys_clk). Large setup violations at the end of those stages might be difficult to fix during the post-placement implementation flow and could be the result of non-optimal XDC constraints or non-optimal design architecture
Related violations: <none>

TIMING-16#691 Warning
Large setup violation  
There is a large setup violation of -1.938 ns between cpu/u_pc/pc_reg[18]/C (clocked by sys_clk) and cpu/u_dmem/ram_reg_0_255_31_31/RAMS64E_C/WADR6 (clocked by sys_clk). Large setup violations at the end of those stages might be difficult to fix during the post-placement implementation flow and could be the result of non-optimal XDC constraints or non-optimal design architecture
Related violations: <none>

TIMING-16#692 Warning
Large setup violation  
There is a large setup violation of -1.938 ns between cpu/u_pc/pc_reg[18]/C (clocked by sys_clk) and cpu/u_dmem/ram_reg_0_255_31_31/RAMS64E_D/WADR6 (clocked by sys_clk). Large setup violations at the end of those stages might be difficult to fix during the post-placement implementation flow and could be the result of non-optimal XDC constraints or non-optimal design architecture
Related violations: <none>

TIMING-16#693 Warning
Large setup violation  
There is a large setup violation of -1.941 ns between cpu/u_pc/pc_reg[18]/C (clocked by sys_clk) and cpu/u_dmem/ram_reg_0_255_18_18/RAMS64E_A/ADR0 (clocked by sys_clk). Large setup violations at the end of those stages might be difficult to fix during the post-placement implementation flow and could be the result of non-optimal XDC constraints or non-optimal design architecture
Related violations: <none>

TIMING-16#694 Warning
Large setup violation  
There is a large setup violation of -1.941 ns between cpu/u_pc/pc_reg[18]/C (clocked by sys_clk) and cpu/u_dmem/ram_reg_0_255_18_18/RAMS64E_B/ADR0 (clocked by sys_clk). Large setup violations at the end of those stages might be difficult to fix during the post-placement implementation flow and could be the result of non-optimal XDC constraints or non-optimal design architecture
Related violations: <none>

TIMING-16#695 Warning
Large setup violation  
There is a large setup violation of -1.941 ns between cpu/u_pc/pc_reg[18]/C (clocked by sys_clk) and cpu/u_dmem/ram_reg_0_255_18_18/RAMS64E_C/ADR0 (clocked by sys_clk). Large setup violations at the end of those stages might be difficult to fix during the post-placement implementation flow and could be the result of non-optimal XDC constraints or non-optimal design architecture
Related violations: <none>

TIMING-16#696 Warning
Large setup violation  
There is a large setup violation of -1.941 ns between cpu/u_pc/pc_reg[18]/C (clocked by sys_clk) and cpu/u_dmem/ram_reg_0_255_18_18/RAMS64E_D/ADR0 (clocked by sys_clk). Large setup violations at the end of those stages might be difficult to fix during the post-placement implementation flow and could be the result of non-optimal XDC constraints or non-optimal design architecture
Related violations: <none>

TIMING-16#697 Warning
Large setup violation  
There is a large setup violation of -1.945 ns between cpu/u_pc/pc_reg[18]/C (clocked by sys_clk) and cpu/u_dmem/ram_reg_0_255_26_26/RAMS64E_A/WADR6 (clocked by sys_clk). Large setup violations at the end of those stages might be difficult to fix during the post-placement implementation flow and could be the result of non-optimal XDC constraints or non-optimal design architecture
Related violations: <none>

TIMING-16#698 Warning
Large setup violation  
There is a large setup violation of -1.945 ns between cpu/u_pc/pc_reg[18]/C (clocked by sys_clk) and cpu/u_dmem/ram_reg_0_255_26_26/RAMS64E_B/WADR6 (clocked by sys_clk). Large setup violations at the end of those stages might be difficult to fix during the post-placement implementation flow and could be the result of non-optimal XDC constraints or non-optimal design architecture
Related violations: <none>

TIMING-16#699 Warning
Large setup violation  
There is a large setup violation of -1.945 ns between cpu/u_pc/pc_reg[18]/C (clocked by sys_clk) and cpu/u_dmem/ram_reg_0_255_26_26/RAMS64E_C/WADR6 (clocked by sys_clk). Large setup violations at the end of those stages might be difficult to fix during the post-placement implementation flow and could be the result of non-optimal XDC constraints or non-optimal design architecture
Related violations: <none>

TIMING-16#700 Warning
Large setup violation  
There is a large setup violation of -1.945 ns between cpu/u_pc/pc_reg[18]/C (clocked by sys_clk) and cpu/u_dmem/ram_reg_0_255_26_26/RAMS64E_D/WADR6 (clocked by sys_clk). Large setup violations at the end of those stages might be difficult to fix during the post-placement implementation flow and could be the result of non-optimal XDC constraints or non-optimal design architecture
Related violations: <none>

TIMING-16#701 Warning
Large setup violation  
There is a large setup violation of -1.947 ns between cpu/u_pc/pc_reg[18]/C (clocked by sys_clk) and cpu/u_dmem/ram_reg_0_255_1_1/RAMS64E_A/WADR6 (clocked by sys_clk). Large setup violations at the end of those stages might be difficult to fix during the post-placement implementation flow and could be the result of non-optimal XDC constraints or non-optimal design architecture
Related violations: <none>

TIMING-16#702 Warning
Large setup violation  
There is a large setup violation of -1.947 ns between cpu/u_pc/pc_reg[18]/C (clocked by sys_clk) and cpu/u_dmem/ram_reg_0_255_1_1/RAMS64E_B/WADR6 (clocked by sys_clk). Large setup violations at the end of those stages might be difficult to fix during the post-placement implementation flow and could be the result of non-optimal XDC constraints or non-optimal design architecture
Related violations: <none>

TIMING-16#703 Warning
Large setup violation  
There is a large setup violation of -1.947 ns between cpu/u_pc/pc_reg[18]/C (clocked by sys_clk) and cpu/u_dmem/ram_reg_0_255_1_1/RAMS64E_C/WADR6 (clocked by sys_clk). Large setup violations at the end of those stages might be difficult to fix during the post-placement implementation flow and could be the result of non-optimal XDC constraints or non-optimal design architecture
Related violations: <none>

TIMING-16#704 Warning
Large setup violation  
There is a large setup violation of -1.947 ns between cpu/u_pc/pc_reg[18]/C (clocked by sys_clk) and cpu/u_dmem/ram_reg_0_255_1_1/RAMS64E_D/WADR6 (clocked by sys_clk). Large setup violations at the end of those stages might be difficult to fix during the post-placement implementation flow and could be the result of non-optimal XDC constraints or non-optimal design architecture
Related violations: <none>

TIMING-16#705 Warning
Large setup violation  
There is a large setup violation of -1.959 ns between cpu/u_pc/pc_reg[18]/C (clocked by sys_clk) and cpu/u_dmem/ram_reg_0_255_15_15/RAMS64E_A/WADR7 (clocked by sys_clk). Large setup violations at the end of those stages might be difficult to fix during the post-placement implementation flow and could be the result of non-optimal XDC constraints or non-optimal design architecture
Related violations: <none>

TIMING-16#706 Warning
Large setup violation  
There is a large setup violation of -1.959 ns between cpu/u_pc/pc_reg[18]/C (clocked by sys_clk) and cpu/u_dmem/ram_reg_0_255_15_15/RAMS64E_B/WADR7 (clocked by sys_clk). Large setup violations at the end of those stages might be difficult to fix during the post-placement implementation flow and could be the result of non-optimal XDC constraints or non-optimal design architecture
Related violations: <none>

TIMING-16#707 Warning
Large setup violation  
There is a large setup violation of -1.959 ns between cpu/u_pc/pc_reg[18]/C (clocked by sys_clk) and cpu/u_dmem/ram_reg_0_255_15_15/RAMS64E_C/WADR7 (clocked by sys_clk). Large setup violations at the end of those stages might be difficult to fix during the post-placement implementation flow and could be the result of non-optimal XDC constraints or non-optimal design architecture
Related violations: <none>

TIMING-16#708 Warning
Large setup violation  
There is a large setup violation of -1.959 ns between cpu/u_pc/pc_reg[18]/C (clocked by sys_clk) and cpu/u_dmem/ram_reg_0_255_15_15/RAMS64E_D/WADR7 (clocked by sys_clk). Large setup violations at the end of those stages might be difficult to fix during the post-placement implementation flow and could be the result of non-optimal XDC constraints or non-optimal design architecture
Related violations: <none>

TIMING-16#709 Warning
Large setup violation  
There is a large setup violation of -1.959 ns between cpu/u_pc/pc_reg[18]/C (clocked by sys_clk) and cpu/u_dmem/ram_reg_0_255_2_2/RAMS64E_A/ADR2 (clocked by sys_clk). Large setup violations at the end of those stages might be difficult to fix during the post-placement implementation flow and could be the result of non-optimal XDC constraints or non-optimal design architecture
Related violations: <none>

TIMING-16#710 Warning
Large setup violation  
There is a large setup violation of -1.959 ns between cpu/u_pc/pc_reg[18]/C (clocked by sys_clk) and cpu/u_dmem/ram_reg_0_255_2_2/RAMS64E_B/ADR2 (clocked by sys_clk). Large setup violations at the end of those stages might be difficult to fix during the post-placement implementation flow and could be the result of non-optimal XDC constraints or non-optimal design architecture
Related violations: <none>

TIMING-16#711 Warning
Large setup violation  
There is a large setup violation of -1.959 ns between cpu/u_pc/pc_reg[18]/C (clocked by sys_clk) and cpu/u_dmem/ram_reg_0_255_2_2/RAMS64E_C/ADR2 (clocked by sys_clk). Large setup violations at the end of those stages might be difficult to fix during the post-placement implementation flow and could be the result of non-optimal XDC constraints or non-optimal design architecture
Related violations: <none>

TIMING-16#712 Warning
Large setup violation  
There is a large setup violation of -1.959 ns between cpu/u_pc/pc_reg[18]/C (clocked by sys_clk) and cpu/u_dmem/ram_reg_0_255_2_2/RAMS64E_D/ADR2 (clocked by sys_clk). Large setup violations at the end of those stages might be difficult to fix during the post-placement implementation flow and could be the result of non-optimal XDC constraints or non-optimal design architecture
Related violations: <none>

TIMING-16#713 Warning
Large setup violation  
There is a large setup violation of -1.969 ns between cpu/u_pc/pc_reg[18]/C (clocked by sys_clk) and cpu/u_dmem/ram_reg_0_255_16_16/RAMS64E_A/WADR6 (clocked by sys_clk). Large setup violations at the end of those stages might be difficult to fix during the post-placement implementation flow and could be the result of non-optimal XDC constraints or non-optimal design architecture
Related violations: <none>

TIMING-16#714 Warning
Large setup violation  
There is a large setup violation of -1.969 ns between cpu/u_pc/pc_reg[18]/C (clocked by sys_clk) and cpu/u_dmem/ram_reg_0_255_16_16/RAMS64E_B/WADR6 (clocked by sys_clk). Large setup violations at the end of those stages might be difficult to fix during the post-placement implementation flow and could be the result of non-optimal XDC constraints or non-optimal design architecture
Related violations: <none>

TIMING-16#715 Warning
Large setup violation  
There is a large setup violation of -1.969 ns between cpu/u_pc/pc_reg[18]/C (clocked by sys_clk) and cpu/u_dmem/ram_reg_0_255_16_16/RAMS64E_C/WADR6 (clocked by sys_clk). Large setup violations at the end of those stages might be difficult to fix during the post-placement implementation flow and could be the result of non-optimal XDC constraints or non-optimal design architecture
Related violations: <none>

TIMING-16#716 Warning
Large setup violation  
There is a large setup violation of -1.969 ns between cpu/u_pc/pc_reg[18]/C (clocked by sys_clk) and cpu/u_dmem/ram_reg_0_255_16_16/RAMS64E_D/WADR6 (clocked by sys_clk). Large setup violations at the end of those stages might be difficult to fix during the post-placement implementation flow and could be the result of non-optimal XDC constraints or non-optimal design architecture
Related violations: <none>

TIMING-16#717 Warning
Large setup violation  
There is a large setup violation of -1.970 ns between cpu/u_pc/pc_reg[18]/C (clocked by sys_clk) and cpu/u_dmem/ram_reg_0_255_14_14/RAMS64E_A/ADR2 (clocked by sys_clk). Large setup violations at the end of those stages might be difficult to fix during the post-placement implementation flow and could be the result of non-optimal XDC constraints or non-optimal design architecture
Related violations: <none>

TIMING-16#718 Warning
Large setup violation  
There is a large setup violation of -1.970 ns between cpu/u_pc/pc_reg[18]/C (clocked by sys_clk) and cpu/u_dmem/ram_reg_0_255_14_14/RAMS64E_B/ADR2 (clocked by sys_clk). Large setup violations at the end of those stages might be difficult to fix during the post-placement implementation flow and could be the result of non-optimal XDC constraints or non-optimal design architecture
Related violations: <none>

TIMING-16#719 Warning
Large setup violation  
There is a large setup violation of -1.970 ns between cpu/u_pc/pc_reg[18]/C (clocked by sys_clk) and cpu/u_dmem/ram_reg_0_255_14_14/RAMS64E_C/ADR2 (clocked by sys_clk). Large setup violations at the end of those stages might be difficult to fix during the post-placement implementation flow and could be the result of non-optimal XDC constraints or non-optimal design architecture
Related violations: <none>

TIMING-16#720 Warning
Large setup violation  
There is a large setup violation of -1.970 ns between cpu/u_pc/pc_reg[18]/C (clocked by sys_clk) and cpu/u_dmem/ram_reg_0_255_14_14/RAMS64E_D/ADR2 (clocked by sys_clk). Large setup violations at the end of those stages might be difficult to fix during the post-placement implementation flow and could be the result of non-optimal XDC constraints or non-optimal design architecture
Related violations: <none>

TIMING-16#721 Warning
Large setup violation  
There is a large setup violation of -1.972 ns between cpu/u_pc/pc_reg[18]/C (clocked by sys_clk) and cpu/u_dmem/ram_reg_0_255_28_28/RAMS64E_A/WADR6 (clocked by sys_clk). Large setup violations at the end of those stages might be difficult to fix during the post-placement implementation flow and could be the result of non-optimal XDC constraints or non-optimal design architecture
Related violations: <none>

TIMING-16#722 Warning
Large setup violation  
There is a large setup violation of -1.972 ns between cpu/u_pc/pc_reg[18]/C (clocked by sys_clk) and cpu/u_dmem/ram_reg_0_255_28_28/RAMS64E_B/WADR6 (clocked by sys_clk). Large setup violations at the end of those stages might be difficult to fix during the post-placement implementation flow and could be the result of non-optimal XDC constraints or non-optimal design architecture
Related violations: <none>

TIMING-16#723 Warning
Large setup violation  
There is a large setup violation of -1.972 ns between cpu/u_pc/pc_reg[18]/C (clocked by sys_clk) and cpu/u_dmem/ram_reg_0_255_28_28/RAMS64E_C/WADR6 (clocked by sys_clk). Large setup violations at the end of those stages might be difficult to fix during the post-placement implementation flow and could be the result of non-optimal XDC constraints or non-optimal design architecture
Related violations: <none>

TIMING-16#724 Warning
Large setup violation  
There is a large setup violation of -1.972 ns between cpu/u_pc/pc_reg[18]/C (clocked by sys_clk) and cpu/u_dmem/ram_reg_0_255_28_28/RAMS64E_D/WADR6 (clocked by sys_clk). Large setup violations at the end of those stages might be difficult to fix during the post-placement implementation flow and could be the result of non-optimal XDC constraints or non-optimal design architecture
Related violations: <none>

TIMING-16#725 Warning
Large setup violation  
There is a large setup violation of -1.985 ns between cpu/u_pc/pc_reg[18]/C (clocked by sys_clk) and cpu/u_dmem/ram_reg_0_255_3_3/RAMS64E_A/WADR6 (clocked by sys_clk). Large setup violations at the end of those stages might be difficult to fix during the post-placement implementation flow and could be the result of non-optimal XDC constraints or non-optimal design architecture
Related violations: <none>

TIMING-16#726 Warning
Large setup violation  
There is a large setup violation of -1.985 ns between cpu/u_pc/pc_reg[18]/C (clocked by sys_clk) and cpu/u_dmem/ram_reg_0_255_3_3/RAMS64E_B/WADR6 (clocked by sys_clk). Large setup violations at the end of those stages might be difficult to fix during the post-placement implementation flow and could be the result of non-optimal XDC constraints or non-optimal design architecture
Related violations: <none>

TIMING-16#727 Warning
Large setup violation  
There is a large setup violation of -1.985 ns between cpu/u_pc/pc_reg[18]/C (clocked by sys_clk) and cpu/u_dmem/ram_reg_0_255_3_3/RAMS64E_C/WADR6 (clocked by sys_clk). Large setup violations at the end of those stages might be difficult to fix during the post-placement implementation flow and could be the result of non-optimal XDC constraints or non-optimal design architecture
Related violations: <none>

TIMING-16#728 Warning
Large setup violation  
There is a large setup violation of -1.985 ns between cpu/u_pc/pc_reg[18]/C (clocked by sys_clk) and cpu/u_dmem/ram_reg_0_255_3_3/RAMS64E_D/WADR6 (clocked by sys_clk). Large setup violations at the end of those stages might be difficult to fix during the post-placement implementation flow and could be the result of non-optimal XDC constraints or non-optimal design architecture
Related violations: <none>

TIMING-16#729 Warning
Large setup violation  
There is a large setup violation of -1.989 ns between cpu/u_pc/pc_reg[18]/C (clocked by sys_clk) and cpu/u_dmem/ram_reg_0_255_17_17/RAMS64E_A/WADR7 (clocked by sys_clk). Large setup violations at the end of those stages might be difficult to fix during the post-placement implementation flow and could be the result of non-optimal XDC constraints or non-optimal design architecture
Related violations: <none>

TIMING-16#730 Warning
Large setup violation  
There is a large setup violation of -1.989 ns between cpu/u_pc/pc_reg[18]/C (clocked by sys_clk) and cpu/u_dmem/ram_reg_0_255_17_17/RAMS64E_B/WADR7 (clocked by sys_clk). Large setup violations at the end of those stages might be difficult to fix during the post-placement implementation flow and could be the result of non-optimal XDC constraints or non-optimal design architecture
Related violations: <none>

TIMING-16#731 Warning
Large setup violation  
There is a large setup violation of -1.989 ns between cpu/u_pc/pc_reg[18]/C (clocked by sys_clk) and cpu/u_dmem/ram_reg_0_255_17_17/RAMS64E_C/WADR7 (clocked by sys_clk). Large setup violations at the end of those stages might be difficult to fix during the post-placement implementation flow and could be the result of non-optimal XDC constraints or non-optimal design architecture
Related violations: <none>

TIMING-16#732 Warning
Large setup violation  
There is a large setup violation of -1.989 ns between cpu/u_pc/pc_reg[18]/C (clocked by sys_clk) and cpu/u_dmem/ram_reg_0_255_17_17/RAMS64E_D/WADR7 (clocked by sys_clk). Large setup violations at the end of those stages might be difficult to fix during the post-placement implementation flow and could be the result of non-optimal XDC constraints or non-optimal design architecture
Related violations: <none>

TIMING-16#733 Warning
Large setup violation  
There is a large setup violation of -1.990 ns between cpu/u_pc/pc_reg[18]/C (clocked by sys_clk) and cpu/u_dmem/ram_reg_0_255_12_12/RAMS64E_A/WADR7 (clocked by sys_clk). Large setup violations at the end of those stages might be difficult to fix during the post-placement implementation flow and could be the result of non-optimal XDC constraints or non-optimal design architecture
Related violations: <none>

TIMING-16#734 Warning
Large setup violation  
There is a large setup violation of -1.990 ns between cpu/u_pc/pc_reg[18]/C (clocked by sys_clk) and cpu/u_dmem/ram_reg_0_255_12_12/RAMS64E_B/WADR7 (clocked by sys_clk). Large setup violations at the end of those stages might be difficult to fix during the post-placement implementation flow and could be the result of non-optimal XDC constraints or non-optimal design architecture
Related violations: <none>

TIMING-16#735 Warning
Large setup violation  
There is a large setup violation of -1.990 ns between cpu/u_pc/pc_reg[18]/C (clocked by sys_clk) and cpu/u_dmem/ram_reg_0_255_12_12/RAMS64E_C/WADR7 (clocked by sys_clk). Large setup violations at the end of those stages might be difficult to fix during the post-placement implementation flow and could be the result of non-optimal XDC constraints or non-optimal design architecture
Related violations: <none>

TIMING-16#736 Warning
Large setup violation  
There is a large setup violation of -1.990 ns between cpu/u_pc/pc_reg[18]/C (clocked by sys_clk) and cpu/u_dmem/ram_reg_0_255_12_12/RAMS64E_D/WADR7 (clocked by sys_clk). Large setup violations at the end of those stages might be difficult to fix during the post-placement implementation flow and could be the result of non-optimal XDC constraints or non-optimal design architecture
Related violations: <none>

TIMING-16#737 Warning
Large setup violation  
There is a large setup violation of -1.996 ns between cpu/u_pc/pc_reg[18]/C (clocked by sys_clk) and cpu/u_dmem/ram_reg_0_255_22_22/RAMS64E_A/WADR7 (clocked by sys_clk). Large setup violations at the end of those stages might be difficult to fix during the post-placement implementation flow and could be the result of non-optimal XDC constraints or non-optimal design architecture
Related violations: <none>

TIMING-16#738 Warning
Large setup violation  
There is a large setup violation of -1.996 ns between cpu/u_pc/pc_reg[18]/C (clocked by sys_clk) and cpu/u_dmem/ram_reg_0_255_22_22/RAMS64E_B/WADR7 (clocked by sys_clk). Large setup violations at the end of those stages might be difficult to fix during the post-placement implementation flow and could be the result of non-optimal XDC constraints or non-optimal design architecture
Related violations: <none>

TIMING-16#739 Warning
Large setup violation  
There is a large setup violation of -1.996 ns between cpu/u_pc/pc_reg[18]/C (clocked by sys_clk) and cpu/u_dmem/ram_reg_0_255_22_22/RAMS64E_C/WADR7 (clocked by sys_clk). Large setup violations at the end of those stages might be difficult to fix during the post-placement implementation flow and could be the result of non-optimal XDC constraints or non-optimal design architecture
Related violations: <none>

TIMING-16#740 Warning
Large setup violation  
There is a large setup violation of -1.996 ns between cpu/u_pc/pc_reg[18]/C (clocked by sys_clk) and cpu/u_dmem/ram_reg_0_255_22_22/RAMS64E_D/WADR7 (clocked by sys_clk). Large setup violations at the end of those stages might be difficult to fix during the post-placement implementation flow and could be the result of non-optimal XDC constraints or non-optimal design architecture
Related violations: <none>

TIMING-16#741 Warning
Large setup violation  
There is a large setup violation of -2.001 ns between cpu/u_pc/pc_reg[18]/C (clocked by sys_clk) and cpu/u_dmem/ram_reg_0_255_24_24/RAMS64E_A/WADR7 (clocked by sys_clk). Large setup violations at the end of those stages might be difficult to fix during the post-placement implementation flow and could be the result of non-optimal XDC constraints or non-optimal design architecture
Related violations: <none>

TIMING-16#742 Warning
Large setup violation  
There is a large setup violation of -2.001 ns between cpu/u_pc/pc_reg[18]/C (clocked by sys_clk) and cpu/u_dmem/ram_reg_0_255_24_24/RAMS64E_B/WADR7 (clocked by sys_clk). Large setup violations at the end of those stages might be difficult to fix during the post-placement implementation flow and could be the result of non-optimal XDC constraints or non-optimal design architecture
Related violations: <none>

TIMING-16#743 Warning
Large setup violation  
There is a large setup violation of -2.001 ns between cpu/u_pc/pc_reg[18]/C (clocked by sys_clk) and cpu/u_dmem/ram_reg_0_255_24_24/RAMS64E_C/WADR7 (clocked by sys_clk). Large setup violations at the end of those stages might be difficult to fix during the post-placement implementation flow and could be the result of non-optimal XDC constraints or non-optimal design architecture
Related violations: <none>

TIMING-16#744 Warning
Large setup violation  
There is a large setup violation of -2.001 ns between cpu/u_pc/pc_reg[18]/C (clocked by sys_clk) and cpu/u_dmem/ram_reg_0_255_24_24/RAMS64E_D/WADR7 (clocked by sys_clk). Large setup violations at the end of those stages might be difficult to fix during the post-placement implementation flow and could be the result of non-optimal XDC constraints or non-optimal design architecture
Related violations: <none>

TIMING-16#745 Warning
Large setup violation  
There is a large setup violation of -2.003 ns between cpu/u_pc/pc_reg[18]/C (clocked by sys_clk) and cpu/u_dmem/ram_reg_0_255_11_11/RAMS64E_A/ADR0 (clocked by sys_clk). Large setup violations at the end of those stages might be difficult to fix during the post-placement implementation flow and could be the result of non-optimal XDC constraints or non-optimal design architecture
Related violations: <none>

TIMING-16#746 Warning
Large setup violation  
There is a large setup violation of -2.003 ns between cpu/u_pc/pc_reg[18]/C (clocked by sys_clk) and cpu/u_dmem/ram_reg_0_255_11_11/RAMS64E_B/ADR0 (clocked by sys_clk). Large setup violations at the end of those stages might be difficult to fix during the post-placement implementation flow and could be the result of non-optimal XDC constraints or non-optimal design architecture
Related violations: <none>

TIMING-16#747 Warning
Large setup violation  
There is a large setup violation of -2.003 ns between cpu/u_pc/pc_reg[18]/C (clocked by sys_clk) and cpu/u_dmem/ram_reg_0_255_11_11/RAMS64E_C/ADR0 (clocked by sys_clk). Large setup violations at the end of those stages might be difficult to fix during the post-placement implementation flow and could be the result of non-optimal XDC constraints or non-optimal design architecture
Related violations: <none>

TIMING-16#748 Warning
Large setup violation  
There is a large setup violation of -2.003 ns between cpu/u_pc/pc_reg[18]/C (clocked by sys_clk) and cpu/u_dmem/ram_reg_0_255_11_11/RAMS64E_D/ADR0 (clocked by sys_clk). Large setup violations at the end of those stages might be difficult to fix during the post-placement implementation flow and could be the result of non-optimal XDC constraints or non-optimal design architecture
Related violations: <none>

TIMING-16#749 Warning
Large setup violation  
There is a large setup violation of -2.018 ns between cpu/u_pc/pc_reg[18]/C (clocked by sys_clk) and cpu/u_dmem/ram_reg_0_255_13_13/RAMS64E_A/WADR7 (clocked by sys_clk). Large setup violations at the end of those stages might be difficult to fix during the post-placement implementation flow and could be the result of non-optimal XDC constraints or non-optimal design architecture
Related violations: <none>

TIMING-16#750 Warning
Large setup violation  
There is a large setup violation of -2.018 ns between cpu/u_pc/pc_reg[18]/C (clocked by sys_clk) and cpu/u_dmem/ram_reg_0_255_13_13/RAMS64E_B/WADR7 (clocked by sys_clk). Large setup violations at the end of those stages might be difficult to fix during the post-placement implementation flow and could be the result of non-optimal XDC constraints or non-optimal design architecture
Related violations: <none>

TIMING-16#751 Warning
Large setup violation  
There is a large setup violation of -2.018 ns between cpu/u_pc/pc_reg[18]/C (clocked by sys_clk) and cpu/u_dmem/ram_reg_0_255_13_13/RAMS64E_C/WADR7 (clocked by sys_clk). Large setup violations at the end of those stages might be difficult to fix during the post-placement implementation flow and could be the result of non-optimal XDC constraints or non-optimal design architecture
Related violations: <none>

TIMING-16#752 Warning
Large setup violation  
There is a large setup violation of -2.018 ns between cpu/u_pc/pc_reg[18]/C (clocked by sys_clk) and cpu/u_dmem/ram_reg_0_255_13_13/RAMS64E_D/WADR7 (clocked by sys_clk). Large setup violations at the end of those stages might be difficult to fix during the post-placement implementation flow and could be the result of non-optimal XDC constraints or non-optimal design architecture
Related violations: <none>

TIMING-16#753 Warning
Large setup violation  
There is a large setup violation of -2.023 ns between cpu/u_pc/pc_reg[18]/C (clocked by sys_clk) and cpu/u_dmem/ram_reg_0_255_12_12/RAMS64E_A/ADR2 (clocked by sys_clk). Large setup violations at the end of those stages might be difficult to fix during the post-placement implementation flow and could be the result of non-optimal XDC constraints or non-optimal design architecture
Related violations: <none>

TIMING-16#754 Warning
Large setup violation  
There is a large setup violation of -2.023 ns between cpu/u_pc/pc_reg[18]/C (clocked by sys_clk) and cpu/u_dmem/ram_reg_0_255_12_12/RAMS64E_B/ADR2 (clocked by sys_clk). Large setup violations at the end of those stages might be difficult to fix during the post-placement implementation flow and could be the result of non-optimal XDC constraints or non-optimal design architecture
Related violations: <none>

TIMING-16#755 Warning
Large setup violation  
There is a large setup violation of -2.023 ns between cpu/u_pc/pc_reg[18]/C (clocked by sys_clk) and cpu/u_dmem/ram_reg_0_255_12_12/RAMS64E_C/ADR2 (clocked by sys_clk). Large setup violations at the end of those stages might be difficult to fix during the post-placement implementation flow and could be the result of non-optimal XDC constraints or non-optimal design architecture
Related violations: <none>

TIMING-16#756 Warning
Large setup violation  
There is a large setup violation of -2.023 ns between cpu/u_pc/pc_reg[18]/C (clocked by sys_clk) and cpu/u_dmem/ram_reg_0_255_12_12/RAMS64E_D/ADR2 (clocked by sys_clk). Large setup violations at the end of those stages might be difficult to fix during the post-placement implementation flow and could be the result of non-optimal XDC constraints or non-optimal design architecture
Related violations: <none>

TIMING-16#757 Warning
Large setup violation  
There is a large setup violation of -2.023 ns between cpu/u_pc/pc_reg[18]/C (clocked by sys_clk) and cpu/u_dmem/ram_reg_0_255_17_17/RAMS64E_A/WADR6 (clocked by sys_clk). Large setup violations at the end of those stages might be difficult to fix during the post-placement implementation flow and could be the result of non-optimal XDC constraints or non-optimal design architecture
Related violations: <none>

TIMING-16#758 Warning
Large setup violation  
There is a large setup violation of -2.023 ns between cpu/u_pc/pc_reg[18]/C (clocked by sys_clk) and cpu/u_dmem/ram_reg_0_255_17_17/RAMS64E_B/WADR6 (clocked by sys_clk). Large setup violations at the end of those stages might be difficult to fix during the post-placement implementation flow and could be the result of non-optimal XDC constraints or non-optimal design architecture
Related violations: <none>

TIMING-16#759 Warning
Large setup violation  
There is a large setup violation of -2.023 ns between cpu/u_pc/pc_reg[18]/C (clocked by sys_clk) and cpu/u_dmem/ram_reg_0_255_17_17/RAMS64E_C/WADR6 (clocked by sys_clk). Large setup violations at the end of those stages might be difficult to fix during the post-placement implementation flow and could be the result of non-optimal XDC constraints or non-optimal design architecture
Related violations: <none>

TIMING-16#760 Warning
Large setup violation  
There is a large setup violation of -2.023 ns between cpu/u_pc/pc_reg[18]/C (clocked by sys_clk) and cpu/u_dmem/ram_reg_0_255_17_17/RAMS64E_D/WADR6 (clocked by sys_clk). Large setup violations at the end of those stages might be difficult to fix during the post-placement implementation flow and could be the result of non-optimal XDC constraints or non-optimal design architecture
Related violations: <none>

TIMING-16#761 Warning
Large setup violation  
There is a large setup violation of -2.029 ns between cpu/u_pc/pc_reg[18]/C (clocked by sys_clk) and cpu/u_dmem/ram_reg_0_255_25_25/RAMS64E_A/WADR6 (clocked by sys_clk). Large setup violations at the end of those stages might be difficult to fix during the post-placement implementation flow and could be the result of non-optimal XDC constraints or non-optimal design architecture
Related violations: <none>

TIMING-16#762 Warning
Large setup violation  
There is a large setup violation of -2.029 ns between cpu/u_pc/pc_reg[18]/C (clocked by sys_clk) and cpu/u_dmem/ram_reg_0_255_25_25/RAMS64E_B/WADR6 (clocked by sys_clk). Large setup violations at the end of those stages might be difficult to fix during the post-placement implementation flow and could be the result of non-optimal XDC constraints or non-optimal design architecture
Related violations: <none>

TIMING-16#763 Warning
Large setup violation  
There is a large setup violation of -2.029 ns between cpu/u_pc/pc_reg[18]/C (clocked by sys_clk) and cpu/u_dmem/ram_reg_0_255_25_25/RAMS64E_C/WADR6 (clocked by sys_clk). Large setup violations at the end of those stages might be difficult to fix during the post-placement implementation flow and could be the result of non-optimal XDC constraints or non-optimal design architecture
Related violations: <none>

TIMING-16#764 Warning
Large setup violation  
There is a large setup violation of -2.029 ns between cpu/u_pc/pc_reg[18]/C (clocked by sys_clk) and cpu/u_dmem/ram_reg_0_255_25_25/RAMS64E_D/WADR6 (clocked by sys_clk). Large setup violations at the end of those stages might be difficult to fix during the post-placement implementation flow and could be the result of non-optimal XDC constraints or non-optimal design architecture
Related violations: <none>

TIMING-16#765 Warning
Large setup violation  
There is a large setup violation of -2.030 ns between cpu/u_pc/pc_reg[18]/C (clocked by sys_clk) and cpu/u_dmem/ram_reg_0_255_12_12/RAMS64E_A/WADR6 (clocked by sys_clk). Large setup violations at the end of those stages might be difficult to fix during the post-placement implementation flow and could be the result of non-optimal XDC constraints or non-optimal design architecture
Related violations: <none>

TIMING-16#766 Warning
Large setup violation  
There is a large setup violation of -2.030 ns between cpu/u_pc/pc_reg[18]/C (clocked by sys_clk) and cpu/u_dmem/ram_reg_0_255_12_12/RAMS64E_B/WADR6 (clocked by sys_clk). Large setup violations at the end of those stages might be difficult to fix during the post-placement implementation flow and could be the result of non-optimal XDC constraints or non-optimal design architecture
Related violations: <none>

TIMING-16#767 Warning
Large setup violation  
There is a large setup violation of -2.030 ns between cpu/u_pc/pc_reg[18]/C (clocked by sys_clk) and cpu/u_dmem/ram_reg_0_255_12_12/RAMS64E_C/WADR6 (clocked by sys_clk). Large setup violations at the end of those stages might be difficult to fix during the post-placement implementation flow and could be the result of non-optimal XDC constraints or non-optimal design architecture
Related violations: <none>

TIMING-16#768 Warning
Large setup violation  
There is a large setup violation of -2.030 ns between cpu/u_pc/pc_reg[18]/C (clocked by sys_clk) and cpu/u_dmem/ram_reg_0_255_12_12/RAMS64E_D/WADR6 (clocked by sys_clk). Large setup violations at the end of those stages might be difficult to fix during the post-placement implementation flow and could be the result of non-optimal XDC constraints or non-optimal design architecture
Related violations: <none>

TIMING-16#769 Warning
Large setup violation  
There is a large setup violation of -2.037 ns between cpu/u_pc/pc_reg[18]/C (clocked by sys_clk) and cpu/u_dmem/ram_reg_0_255_16_16/RAMS64E_A/WADR7 (clocked by sys_clk). Large setup violations at the end of those stages might be difficult to fix during the post-placement implementation flow and could be the result of non-optimal XDC constraints or non-optimal design architecture
Related violations: <none>

TIMING-16#770 Warning
Large setup violation  
There is a large setup violation of -2.037 ns between cpu/u_pc/pc_reg[18]/C (clocked by sys_clk) and cpu/u_dmem/ram_reg_0_255_16_16/RAMS64E_B/WADR7 (clocked by sys_clk). Large setup violations at the end of those stages might be difficult to fix during the post-placement implementation flow and could be the result of non-optimal XDC constraints or non-optimal design architecture
Related violations: <none>

TIMING-16#771 Warning
Large setup violation  
There is a large setup violation of -2.037 ns between cpu/u_pc/pc_reg[18]/C (clocked by sys_clk) and cpu/u_dmem/ram_reg_0_255_16_16/RAMS64E_C/WADR7 (clocked by sys_clk). Large setup violations at the end of those stages might be difficult to fix during the post-placement implementation flow and could be the result of non-optimal XDC constraints or non-optimal design architecture
Related violations: <none>

TIMING-16#772 Warning
Large setup violation  
There is a large setup violation of -2.037 ns between cpu/u_pc/pc_reg[18]/C (clocked by sys_clk) and cpu/u_dmem/ram_reg_0_255_16_16/RAMS64E_D/WADR7 (clocked by sys_clk). Large setup violations at the end of those stages might be difficult to fix during the post-placement implementation flow and could be the result of non-optimal XDC constraints or non-optimal design architecture
Related violations: <none>

TIMING-16#773 Warning
Large setup violation  
There is a large setup violation of -2.060 ns between cpu/u_pc/pc_reg[18]/C (clocked by sys_clk) and cpu/u_dmem/ram_reg_0_255_14_14/RAMS64E_A/WADR6 (clocked by sys_clk). Large setup violations at the end of those stages might be difficult to fix during the post-placement implementation flow and could be the result of non-optimal XDC constraints or non-optimal design architecture
Related violations: <none>

TIMING-16#774 Warning
Large setup violation  
There is a large setup violation of -2.060 ns between cpu/u_pc/pc_reg[18]/C (clocked by sys_clk) and cpu/u_dmem/ram_reg_0_255_14_14/RAMS64E_B/WADR6 (clocked by sys_clk). Large setup violations at the end of those stages might be difficult to fix during the post-placement implementation flow and could be the result of non-optimal XDC constraints or non-optimal design architecture
Related violations: <none>

TIMING-16#775 Warning
Large setup violation  
There is a large setup violation of -2.060 ns between cpu/u_pc/pc_reg[18]/C (clocked by sys_clk) and cpu/u_dmem/ram_reg_0_255_14_14/RAMS64E_C/WADR6 (clocked by sys_clk). Large setup violations at the end of those stages might be difficult to fix during the post-placement implementation flow and could be the result of non-optimal XDC constraints or non-optimal design architecture
Related violations: <none>

TIMING-16#776 Warning
Large setup violation  
There is a large setup violation of -2.060 ns between cpu/u_pc/pc_reg[18]/C (clocked by sys_clk) and cpu/u_dmem/ram_reg_0_255_14_14/RAMS64E_D/WADR6 (clocked by sys_clk). Large setup violations at the end of those stages might be difficult to fix during the post-placement implementation flow and could be the result of non-optimal XDC constraints or non-optimal design architecture
Related violations: <none>

TIMING-16#777 Warning
Large setup violation  
There is a large setup violation of -2.064 ns between cpu/u_pc/pc_reg[18]/C (clocked by sys_clk) and cpu/u_dmem/ram_reg_0_255_23_23/RAMS64E_A/WADR7 (clocked by sys_clk). Large setup violations at the end of those stages might be difficult to fix during the post-placement implementation flow and could be the result of non-optimal XDC constraints or non-optimal design architecture
Related violations: <none>

TIMING-16#778 Warning
Large setup violation  
There is a large setup violation of -2.064 ns between cpu/u_pc/pc_reg[18]/C (clocked by sys_clk) and cpu/u_dmem/ram_reg_0_255_23_23/RAMS64E_B/WADR7 (clocked by sys_clk). Large setup violations at the end of those stages might be difficult to fix during the post-placement implementation flow and could be the result of non-optimal XDC constraints or non-optimal design architecture
Related violations: <none>

TIMING-16#779 Warning
Large setup violation  
There is a large setup violation of -2.064 ns between cpu/u_pc/pc_reg[18]/C (clocked by sys_clk) and cpu/u_dmem/ram_reg_0_255_23_23/RAMS64E_C/WADR7 (clocked by sys_clk). Large setup violations at the end of those stages might be difficult to fix during the post-placement implementation flow and could be the result of non-optimal XDC constraints or non-optimal design architecture
Related violations: <none>

TIMING-16#780 Warning
Large setup violation  
There is a large setup violation of -2.064 ns between cpu/u_pc/pc_reg[18]/C (clocked by sys_clk) and cpu/u_dmem/ram_reg_0_255_23_23/RAMS64E_D/WADR7 (clocked by sys_clk). Large setup violations at the end of those stages might be difficult to fix during the post-placement implementation flow and could be the result of non-optimal XDC constraints or non-optimal design architecture
Related violations: <none>

TIMING-16#781 Warning
Large setup violation  
There is a large setup violation of -2.066 ns between cpu/u_pc/pc_reg[18]/C (clocked by sys_clk) and cpu/u_dmem/ram_reg_0_255_3_3/RAMS64E_A/WADR7 (clocked by sys_clk). Large setup violations at the end of those stages might be difficult to fix during the post-placement implementation flow and could be the result of non-optimal XDC constraints or non-optimal design architecture
Related violations: <none>

TIMING-16#782 Warning
Large setup violation  
There is a large setup violation of -2.066 ns between cpu/u_pc/pc_reg[18]/C (clocked by sys_clk) and cpu/u_dmem/ram_reg_0_255_3_3/RAMS64E_B/WADR7 (clocked by sys_clk). Large setup violations at the end of those stages might be difficult to fix during the post-placement implementation flow and could be the result of non-optimal XDC constraints or non-optimal design architecture
Related violations: <none>

TIMING-16#783 Warning
Large setup violation  
There is a large setup violation of -2.066 ns between cpu/u_pc/pc_reg[18]/C (clocked by sys_clk) and cpu/u_dmem/ram_reg_0_255_3_3/RAMS64E_C/WADR7 (clocked by sys_clk). Large setup violations at the end of those stages might be difficult to fix during the post-placement implementation flow and could be the result of non-optimal XDC constraints or non-optimal design architecture
Related violations: <none>

TIMING-16#784 Warning
Large setup violation  
There is a large setup violation of -2.066 ns between cpu/u_pc/pc_reg[18]/C (clocked by sys_clk) and cpu/u_dmem/ram_reg_0_255_3_3/RAMS64E_D/WADR7 (clocked by sys_clk). Large setup violations at the end of those stages might be difficult to fix during the post-placement implementation flow and could be the result of non-optimal XDC constraints or non-optimal design architecture
Related violations: <none>

TIMING-16#785 Warning
Large setup violation  
There is a large setup violation of -2.076 ns between cpu/u_pc/pc_reg[18]/C (clocked by sys_clk) and cpu/u_dmem/ram_reg_0_255_12_12/RAMS64E_A/ADR0 (clocked by sys_clk). Large setup violations at the end of those stages might be difficult to fix during the post-placement implementation flow and could be the result of non-optimal XDC constraints or non-optimal design architecture
Related violations: <none>

TIMING-16#786 Warning
Large setup violation  
There is a large setup violation of -2.076 ns between cpu/u_pc/pc_reg[18]/C (clocked by sys_clk) and cpu/u_dmem/ram_reg_0_255_12_12/RAMS64E_B/ADR0 (clocked by sys_clk). Large setup violations at the end of those stages might be difficult to fix during the post-placement implementation flow and could be the result of non-optimal XDC constraints or non-optimal design architecture
Related violations: <none>

TIMING-16#787 Warning
Large setup violation  
There is a large setup violation of -2.076 ns between cpu/u_pc/pc_reg[18]/C (clocked by sys_clk) and cpu/u_dmem/ram_reg_0_255_12_12/RAMS64E_C/ADR0 (clocked by sys_clk). Large setup violations at the end of those stages might be difficult to fix during the post-placement implementation flow and could be the result of non-optimal XDC constraints or non-optimal design architecture
Related violations: <none>

TIMING-16#788 Warning
Large setup violation  
There is a large setup violation of -2.076 ns between cpu/u_pc/pc_reg[18]/C (clocked by sys_clk) and cpu/u_dmem/ram_reg_0_255_12_12/RAMS64E_D/ADR0 (clocked by sys_clk). Large setup violations at the end of those stages might be difficult to fix during the post-placement implementation flow and could be the result of non-optimal XDC constraints or non-optimal design architecture
Related violations: <none>

TIMING-16#789 Warning
Large setup violation  
There is a large setup violation of -2.076 ns between cpu/u_pc/pc_reg[18]/C (clocked by sys_clk) and cpu/u_dmem/ram_reg_0_255_24_24/RAMS64E_A/WADR6 (clocked by sys_clk). Large setup violations at the end of those stages might be difficult to fix during the post-placement implementation flow and could be the result of non-optimal XDC constraints or non-optimal design architecture
Related violations: <none>

TIMING-16#790 Warning
Large setup violation  
There is a large setup violation of -2.076 ns between cpu/u_pc/pc_reg[18]/C (clocked by sys_clk) and cpu/u_dmem/ram_reg_0_255_24_24/RAMS64E_B/WADR6 (clocked by sys_clk). Large setup violations at the end of those stages might be difficult to fix during the post-placement implementation flow and could be the result of non-optimal XDC constraints or non-optimal design architecture
Related violations: <none>

TIMING-16#791 Warning
Large setup violation  
There is a large setup violation of -2.076 ns between cpu/u_pc/pc_reg[18]/C (clocked by sys_clk) and cpu/u_dmem/ram_reg_0_255_24_24/RAMS64E_C/WADR6 (clocked by sys_clk). Large setup violations at the end of those stages might be difficult to fix during the post-placement implementation flow and could be the result of non-optimal XDC constraints or non-optimal design architecture
Related violations: <none>

TIMING-16#792 Warning
Large setup violation  
There is a large setup violation of -2.076 ns between cpu/u_pc/pc_reg[18]/C (clocked by sys_clk) and cpu/u_dmem/ram_reg_0_255_24_24/RAMS64E_D/WADR6 (clocked by sys_clk). Large setup violations at the end of those stages might be difficult to fix during the post-placement implementation flow and could be the result of non-optimal XDC constraints or non-optimal design architecture
Related violations: <none>

TIMING-16#793 Warning
Large setup violation  
There is a large setup violation of -2.076 ns between cpu/u_pc/pc_reg[18]/C (clocked by sys_clk) and cpu/u_dmem/ram_reg_0_255_2_2/RAMS64E_A/ADR0 (clocked by sys_clk). Large setup violations at the end of those stages might be difficult to fix during the post-placement implementation flow and could be the result of non-optimal XDC constraints or non-optimal design architecture
Related violations: <none>

TIMING-16#794 Warning
Large setup violation  
There is a large setup violation of -2.076 ns between cpu/u_pc/pc_reg[18]/C (clocked by sys_clk) and cpu/u_dmem/ram_reg_0_255_2_2/RAMS64E_B/ADR0 (clocked by sys_clk). Large setup violations at the end of those stages might be difficult to fix during the post-placement implementation flow and could be the result of non-optimal XDC constraints or non-optimal design architecture
Related violations: <none>

TIMING-16#795 Warning
Large setup violation  
There is a large setup violation of -2.076 ns between cpu/u_pc/pc_reg[18]/C (clocked by sys_clk) and cpu/u_dmem/ram_reg_0_255_2_2/RAMS64E_C/ADR0 (clocked by sys_clk). Large setup violations at the end of those stages might be difficult to fix during the post-placement implementation flow and could be the result of non-optimal XDC constraints or non-optimal design architecture
Related violations: <none>

TIMING-16#796 Warning
Large setup violation  
There is a large setup violation of -2.076 ns between cpu/u_pc/pc_reg[18]/C (clocked by sys_clk) and cpu/u_dmem/ram_reg_0_255_2_2/RAMS64E_D/ADR0 (clocked by sys_clk). Large setup violations at the end of those stages might be difficult to fix during the post-placement implementation flow and could be the result of non-optimal XDC constraints or non-optimal design architecture
Related violations: <none>

TIMING-16#797 Warning
Large setup violation  
There is a large setup violation of -2.084 ns between cpu/u_pc/pc_reg[18]/C (clocked by sys_clk) and cpu/u_dmem/ram_reg_0_255_23_23/RAMS64E_A/WADR6 (clocked by sys_clk). Large setup violations at the end of those stages might be difficult to fix during the post-placement implementation flow and could be the result of non-optimal XDC constraints or non-optimal design architecture
Related violations: <none>

TIMING-16#798 Warning
Large setup violation  
There is a large setup violation of -2.084 ns between cpu/u_pc/pc_reg[18]/C (clocked by sys_clk) and cpu/u_dmem/ram_reg_0_255_23_23/RAMS64E_B/WADR6 (clocked by sys_clk). Large setup violations at the end of those stages might be difficult to fix during the post-placement implementation flow and could be the result of non-optimal XDC constraints or non-optimal design architecture
Related violations: <none>

TIMING-16#799 Warning
Large setup violation  
There is a large setup violation of -2.084 ns between cpu/u_pc/pc_reg[18]/C (clocked by sys_clk) and cpu/u_dmem/ram_reg_0_255_23_23/RAMS64E_C/WADR6 (clocked by sys_clk). Large setup violations at the end of those stages might be difficult to fix during the post-placement implementation flow and could be the result of non-optimal XDC constraints or non-optimal design architecture
Related violations: <none>

TIMING-16#800 Warning
Large setup violation  
There is a large setup violation of -2.084 ns between cpu/u_pc/pc_reg[18]/C (clocked by sys_clk) and cpu/u_dmem/ram_reg_0_255_23_23/RAMS64E_D/WADR6 (clocked by sys_clk). Large setup violations at the end of those stages might be difficult to fix during the post-placement implementation flow and could be the result of non-optimal XDC constraints or non-optimal design architecture
Related violations: <none>

TIMING-16#801 Warning
Large setup violation  
There is a large setup violation of -2.098 ns between cpu/u_pc/pc_reg[18]/C (clocked by sys_clk) and cpu/u_dmem/ram_reg_0_255_4_4/RAMS64E_A/WADR6 (clocked by sys_clk). Large setup violations at the end of those stages might be difficult to fix during the post-placement implementation flow and could be the result of non-optimal XDC constraints or non-optimal design architecture
Related violations: <none>

TIMING-16#802 Warning
Large setup violation  
There is a large setup violation of -2.098 ns between cpu/u_pc/pc_reg[18]/C (clocked by sys_clk) and cpu/u_dmem/ram_reg_0_255_4_4/RAMS64E_B/WADR6 (clocked by sys_clk). Large setup violations at the end of those stages might be difficult to fix during the post-placement implementation flow and could be the result of non-optimal XDC constraints or non-optimal design architecture
Related violations: <none>

TIMING-16#803 Warning
Large setup violation  
There is a large setup violation of -2.098 ns between cpu/u_pc/pc_reg[18]/C (clocked by sys_clk) and cpu/u_dmem/ram_reg_0_255_4_4/RAMS64E_C/WADR6 (clocked by sys_clk). Large setup violations at the end of those stages might be difficult to fix during the post-placement implementation flow and could be the result of non-optimal XDC constraints or non-optimal design architecture
Related violations: <none>

TIMING-16#804 Warning
Large setup violation  
There is a large setup violation of -2.098 ns between cpu/u_pc/pc_reg[18]/C (clocked by sys_clk) and cpu/u_dmem/ram_reg_0_255_4_4/RAMS64E_D/WADR6 (clocked by sys_clk). Large setup violations at the end of those stages might be difficult to fix during the post-placement implementation flow and could be the result of non-optimal XDC constraints or non-optimal design architecture
Related violations: <none>

TIMING-16#805 Warning
Large setup violation  
There is a large setup violation of -2.147 ns between cpu/u_pc/pc_reg[18]/C (clocked by sys_clk) and cpu/u_dmem/ram_reg_0_255_13_13/RAMS64E_A/WADR6 (clocked by sys_clk). Large setup violations at the end of those stages might be difficult to fix during the post-placement implementation flow and could be the result of non-optimal XDC constraints or non-optimal design architecture
Related violations: <none>

TIMING-16#806 Warning
Large setup violation  
There is a large setup violation of -2.147 ns between cpu/u_pc/pc_reg[18]/C (clocked by sys_clk) and cpu/u_dmem/ram_reg_0_255_13_13/RAMS64E_B/WADR6 (clocked by sys_clk). Large setup violations at the end of those stages might be difficult to fix during the post-placement implementation flow and could be the result of non-optimal XDC constraints or non-optimal design architecture
Related violations: <none>

TIMING-16#807 Warning
Large setup violation  
There is a large setup violation of -2.147 ns between cpu/u_pc/pc_reg[18]/C (clocked by sys_clk) and cpu/u_dmem/ram_reg_0_255_13_13/RAMS64E_C/WADR6 (clocked by sys_clk). Large setup violations at the end of those stages might be difficult to fix during the post-placement implementation flow and could be the result of non-optimal XDC constraints or non-optimal design architecture
Related violations: <none>

TIMING-16#808 Warning
Large setup violation  
There is a large setup violation of -2.147 ns between cpu/u_pc/pc_reg[18]/C (clocked by sys_clk) and cpu/u_dmem/ram_reg_0_255_13_13/RAMS64E_D/WADR6 (clocked by sys_clk). Large setup violations at the end of those stages might be difficult to fix during the post-placement implementation flow and could be the result of non-optimal XDC constraints or non-optimal design architecture
Related violations: <none>

TIMING-16#809 Warning
Large setup violation  
There is a large setup violation of -2.168 ns between cpu/u_pc/pc_reg[18]/C (clocked by sys_clk) and cpu/u_dmem/ram_reg_0_255_14_14/RAMS64E_A/WADR7 (clocked by sys_clk). Large setup violations at the end of those stages might be difficult to fix during the post-placement implementation flow and could be the result of non-optimal XDC constraints or non-optimal design architecture
Related violations: <none>

TIMING-16#810 Warning
Large setup violation  
There is a large setup violation of -2.168 ns between cpu/u_pc/pc_reg[18]/C (clocked by sys_clk) and cpu/u_dmem/ram_reg_0_255_14_14/RAMS64E_B/WADR7 (clocked by sys_clk). Large setup violations at the end of those stages might be difficult to fix during the post-placement implementation flow and could be the result of non-optimal XDC constraints or non-optimal design architecture
Related violations: <none>

TIMING-16#811 Warning
Large setup violation  
There is a large setup violation of -2.168 ns between cpu/u_pc/pc_reg[18]/C (clocked by sys_clk) and cpu/u_dmem/ram_reg_0_255_14_14/RAMS64E_C/WADR7 (clocked by sys_clk). Large setup violations at the end of those stages might be difficult to fix during the post-placement implementation flow and could be the result of non-optimal XDC constraints or non-optimal design architecture
Related violations: <none>

TIMING-16#812 Warning
Large setup violation  
There is a large setup violation of -2.168 ns between cpu/u_pc/pc_reg[18]/C (clocked by sys_clk) and cpu/u_dmem/ram_reg_0_255_14_14/RAMS64E_D/WADR7 (clocked by sys_clk). Large setup violations at the end of those stages might be difficult to fix during the post-placement implementation flow and could be the result of non-optimal XDC constraints or non-optimal design architecture
Related violations: <none>

TIMING-16#813 Warning
Large setup violation  
There is a large setup violation of -2.174 ns between cpu/u_pc/pc_reg[18]/C (clocked by sys_clk) and cpu/u_dmem/ram_reg_0_255_10_10/RAMS64E_A/ADR0 (clocked by sys_clk). Large setup violations at the end of those stages might be difficult to fix during the post-placement implementation flow and could be the result of non-optimal XDC constraints or non-optimal design architecture
Related violations: <none>

TIMING-16#814 Warning
Large setup violation  
There is a large setup violation of -2.174 ns between cpu/u_pc/pc_reg[18]/C (clocked by sys_clk) and cpu/u_dmem/ram_reg_0_255_10_10/RAMS64E_B/ADR0 (clocked by sys_clk). Large setup violations at the end of those stages might be difficult to fix during the post-placement implementation flow and could be the result of non-optimal XDC constraints or non-optimal design architecture
Related violations: <none>

TIMING-16#815 Warning
Large setup violation  
There is a large setup violation of -2.174 ns between cpu/u_pc/pc_reg[18]/C (clocked by sys_clk) and cpu/u_dmem/ram_reg_0_255_10_10/RAMS64E_C/ADR0 (clocked by sys_clk). Large setup violations at the end of those stages might be difficult to fix during the post-placement implementation flow and could be the result of non-optimal XDC constraints or non-optimal design architecture
Related violations: <none>

TIMING-16#816 Warning
Large setup violation  
There is a large setup violation of -2.174 ns between cpu/u_pc/pc_reg[18]/C (clocked by sys_clk) and cpu/u_dmem/ram_reg_0_255_10_10/RAMS64E_D/ADR0 (clocked by sys_clk). Large setup violations at the end of those stages might be difficult to fix during the post-placement implementation flow and could be the result of non-optimal XDC constraints or non-optimal design architecture
Related violations: <none>

TIMING-16#817 Warning
Large setup violation  
There is a large setup violation of -2.178 ns between cpu/u_pc/pc_reg[18]/C (clocked by sys_clk) and cpu/u_dmem/ram_reg_0_255_11_11/RAMS64E_A/WADR6 (clocked by sys_clk). Large setup violations at the end of those stages might be difficult to fix during the post-placement implementation flow and could be the result of non-optimal XDC constraints or non-optimal design architecture
Related violations: <none>

TIMING-16#818 Warning
Large setup violation  
There is a large setup violation of -2.178 ns between cpu/u_pc/pc_reg[18]/C (clocked by sys_clk) and cpu/u_dmem/ram_reg_0_255_11_11/RAMS64E_B/WADR6 (clocked by sys_clk). Large setup violations at the end of those stages might be difficult to fix during the post-placement implementation flow and could be the result of non-optimal XDC constraints or non-optimal design architecture
Related violations: <none>

TIMING-16#819 Warning
Large setup violation  
There is a large setup violation of -2.178 ns between cpu/u_pc/pc_reg[18]/C (clocked by sys_clk) and cpu/u_dmem/ram_reg_0_255_11_11/RAMS64E_C/WADR6 (clocked by sys_clk). Large setup violations at the end of those stages might be difficult to fix during the post-placement implementation flow and could be the result of non-optimal XDC constraints or non-optimal design architecture
Related violations: <none>

TIMING-16#820 Warning
Large setup violation  
There is a large setup violation of -2.178 ns between cpu/u_pc/pc_reg[18]/C (clocked by sys_clk) and cpu/u_dmem/ram_reg_0_255_11_11/RAMS64E_D/WADR6 (clocked by sys_clk). Large setup violations at the end of those stages might be difficult to fix during the post-placement implementation flow and could be the result of non-optimal XDC constraints or non-optimal design architecture
Related violations: <none>

TIMING-16#821 Warning
Large setup violation  
There is a large setup violation of -2.195 ns between cpu/u_pc/pc_reg[18]/C (clocked by sys_clk) and cpu/u_dmem/ram_reg_0_255_19_19/RAMS64E_A/WADR6 (clocked by sys_clk). Large setup violations at the end of those stages might be difficult to fix during the post-placement implementation flow and could be the result of non-optimal XDC constraints or non-optimal design architecture
Related violations: <none>

TIMING-16#822 Warning
Large setup violation  
There is a large setup violation of -2.195 ns between cpu/u_pc/pc_reg[18]/C (clocked by sys_clk) and cpu/u_dmem/ram_reg_0_255_19_19/RAMS64E_B/WADR6 (clocked by sys_clk). Large setup violations at the end of those stages might be difficult to fix during the post-placement implementation flow and could be the result of non-optimal XDC constraints or non-optimal design architecture
Related violations: <none>

TIMING-16#823 Warning
Large setup violation  
There is a large setup violation of -2.195 ns between cpu/u_pc/pc_reg[18]/C (clocked by sys_clk) and cpu/u_dmem/ram_reg_0_255_19_19/RAMS64E_C/WADR6 (clocked by sys_clk). Large setup violations at the end of those stages might be difficult to fix during the post-placement implementation flow and could be the result of non-optimal XDC constraints or non-optimal design architecture
Related violations: <none>

TIMING-16#824 Warning
Large setup violation  
There is a large setup violation of -2.195 ns between cpu/u_pc/pc_reg[18]/C (clocked by sys_clk) and cpu/u_dmem/ram_reg_0_255_19_19/RAMS64E_D/WADR6 (clocked by sys_clk). Large setup violations at the end of those stages might be difficult to fix during the post-placement implementation flow and could be the result of non-optimal XDC constraints or non-optimal design architecture
Related violations: <none>

TIMING-16#825 Warning
Large setup violation  
There is a large setup violation of -2.197 ns between cpu/u_pc/pc_reg[18]/C (clocked by sys_clk) and cpu/u_dmem/ram_reg_0_255_4_4/RAMS64E_A/WADR7 (clocked by sys_clk). Large setup violations at the end of those stages might be difficult to fix during the post-placement implementation flow and could be the result of non-optimal XDC constraints or non-optimal design architecture
Related violations: <none>

TIMING-16#826 Warning
Large setup violation  
There is a large setup violation of -2.197 ns between cpu/u_pc/pc_reg[18]/C (clocked by sys_clk) and cpu/u_dmem/ram_reg_0_255_4_4/RAMS64E_B/WADR7 (clocked by sys_clk). Large setup violations at the end of those stages might be difficult to fix during the post-placement implementation flow and could be the result of non-optimal XDC constraints or non-optimal design architecture
Related violations: <none>

TIMING-16#827 Warning
Large setup violation  
There is a large setup violation of -2.197 ns between cpu/u_pc/pc_reg[18]/C (clocked by sys_clk) and cpu/u_dmem/ram_reg_0_255_4_4/RAMS64E_C/WADR7 (clocked by sys_clk). Large setup violations at the end of those stages might be difficult to fix during the post-placement implementation flow and could be the result of non-optimal XDC constraints or non-optimal design architecture
Related violations: <none>

TIMING-16#828 Warning
Large setup violation  
There is a large setup violation of -2.197 ns between cpu/u_pc/pc_reg[18]/C (clocked by sys_clk) and cpu/u_dmem/ram_reg_0_255_4_4/RAMS64E_D/WADR7 (clocked by sys_clk). Large setup violations at the end of those stages might be difficult to fix during the post-placement implementation flow and could be the result of non-optimal XDC constraints or non-optimal design architecture
Related violations: <none>

TIMING-16#829 Warning
Large setup violation  
There is a large setup violation of -2.220 ns between cpu/u_pc/pc_reg[18]/C (clocked by sys_clk) and cpu/u_dmem/ram_reg_0_255_2_2/RAMS64E_A/WADR6 (clocked by sys_clk). Large setup violations at the end of those stages might be difficult to fix during the post-placement implementation flow and could be the result of non-optimal XDC constraints or non-optimal design architecture
Related violations: <none>

TIMING-16#830 Warning
Large setup violation  
There is a large setup violation of -2.220 ns between cpu/u_pc/pc_reg[18]/C (clocked by sys_clk) and cpu/u_dmem/ram_reg_0_255_2_2/RAMS64E_B/WADR6 (clocked by sys_clk). Large setup violations at the end of those stages might be difficult to fix during the post-placement implementation flow and could be the result of non-optimal XDC constraints or non-optimal design architecture
Related violations: <none>

TIMING-16#831 Warning
Large setup violation  
There is a large setup violation of -2.220 ns between cpu/u_pc/pc_reg[18]/C (clocked by sys_clk) and cpu/u_dmem/ram_reg_0_255_2_2/RAMS64E_C/WADR6 (clocked by sys_clk). Large setup violations at the end of those stages might be difficult to fix during the post-placement implementation flow and could be the result of non-optimal XDC constraints or non-optimal design architecture
Related violations: <none>

TIMING-16#832 Warning
Large setup violation  
There is a large setup violation of -2.220 ns between cpu/u_pc/pc_reg[18]/C (clocked by sys_clk) and cpu/u_dmem/ram_reg_0_255_2_2/RAMS64E_D/WADR6 (clocked by sys_clk). Large setup violations at the end of those stages might be difficult to fix during the post-placement implementation flow and could be the result of non-optimal XDC constraints or non-optimal design architecture
Related violations: <none>

TIMING-16#833 Warning
Large setup violation  
There is a large setup violation of -2.250 ns between cpu/u_pc/pc_reg[18]/C (clocked by sys_clk) and cpu/u_dmem/ram_reg_0_255_1_1/RAMS64E_A/WADR7 (clocked by sys_clk). Large setup violations at the end of those stages might be difficult to fix during the post-placement implementation flow and could be the result of non-optimal XDC constraints or non-optimal design architecture
Related violations: <none>

TIMING-16#834 Warning
Large setup violation  
There is a large setup violation of -2.250 ns between cpu/u_pc/pc_reg[18]/C (clocked by sys_clk) and cpu/u_dmem/ram_reg_0_255_1_1/RAMS64E_B/WADR7 (clocked by sys_clk). Large setup violations at the end of those stages might be difficult to fix during the post-placement implementation flow and could be the result of non-optimal XDC constraints or non-optimal design architecture
Related violations: <none>

TIMING-16#835 Warning
Large setup violation  
There is a large setup violation of -2.250 ns between cpu/u_pc/pc_reg[18]/C (clocked by sys_clk) and cpu/u_dmem/ram_reg_0_255_1_1/RAMS64E_C/WADR7 (clocked by sys_clk). Large setup violations at the end of those stages might be difficult to fix during the post-placement implementation flow and could be the result of non-optimal XDC constraints or non-optimal design architecture
Related violations: <none>

TIMING-16#836 Warning
Large setup violation  
There is a large setup violation of -2.250 ns between cpu/u_pc/pc_reg[18]/C (clocked by sys_clk) and cpu/u_dmem/ram_reg_0_255_1_1/RAMS64E_D/WADR7 (clocked by sys_clk). Large setup violations at the end of those stages might be difficult to fix during the post-placement implementation flow and could be the result of non-optimal XDC constraints or non-optimal design architecture
Related violations: <none>

TIMING-16#837 Warning
Large setup violation  
There is a large setup violation of -2.294 ns between cpu/u_pc/pc_reg[18]/C (clocked by sys_clk) and cpu/u_dmem/ram_reg_0_255_15_15/RAMS64E_A/WADR6 (clocked by sys_clk). Large setup violations at the end of those stages might be difficult to fix during the post-placement implementation flow and could be the result of non-optimal XDC constraints or non-optimal design architecture
Related violations: <none>

TIMING-16#838 Warning
Large setup violation  
There is a large setup violation of -2.294 ns between cpu/u_pc/pc_reg[18]/C (clocked by sys_clk) and cpu/u_dmem/ram_reg_0_255_15_15/RAMS64E_B/WADR6 (clocked by sys_clk). Large setup violations at the end of those stages might be difficult to fix during the post-placement implementation flow and could be the result of non-optimal XDC constraints or non-optimal design architecture
Related violations: <none>

TIMING-16#839 Warning
Large setup violation  
There is a large setup violation of -2.294 ns between cpu/u_pc/pc_reg[18]/C (clocked by sys_clk) and cpu/u_dmem/ram_reg_0_255_15_15/RAMS64E_C/WADR6 (clocked by sys_clk). Large setup violations at the end of those stages might be difficult to fix during the post-placement implementation flow and could be the result of non-optimal XDC constraints or non-optimal design architecture
Related violations: <none>

TIMING-16#840 Warning
Large setup violation  
There is a large setup violation of -2.294 ns between cpu/u_pc/pc_reg[18]/C (clocked by sys_clk) and cpu/u_dmem/ram_reg_0_255_15_15/RAMS64E_D/WADR6 (clocked by sys_clk). Large setup violations at the end of those stages might be difficult to fix during the post-placement implementation flow and could be the result of non-optimal XDC constraints or non-optimal design architecture
Related violations: <none>

TIMING-16#841 Warning
Large setup violation  
There is a large setup violation of -2.312 ns between cpu/u_pc/pc_reg[18]/C (clocked by sys_clk) and cpu/u_dmem/ram_reg_0_255_20_20/RAMS64E_A/WADR7 (clocked by sys_clk). Large setup violations at the end of those stages might be difficult to fix during the post-placement implementation flow and could be the result of non-optimal XDC constraints or non-optimal design architecture
Related violations: <none>

TIMING-16#842 Warning
Large setup violation  
There is a large setup violation of -2.312 ns between cpu/u_pc/pc_reg[18]/C (clocked by sys_clk) and cpu/u_dmem/ram_reg_0_255_20_20/RAMS64E_B/WADR7 (clocked by sys_clk). Large setup violations at the end of those stages might be difficult to fix during the post-placement implementation flow and could be the result of non-optimal XDC constraints or non-optimal design architecture
Related violations: <none>

TIMING-16#843 Warning
Large setup violation  
There is a large setup violation of -2.312 ns between cpu/u_pc/pc_reg[18]/C (clocked by sys_clk) and cpu/u_dmem/ram_reg_0_255_20_20/RAMS64E_C/WADR7 (clocked by sys_clk). Large setup violations at the end of those stages might be difficult to fix during the post-placement implementation flow and could be the result of non-optimal XDC constraints or non-optimal design architecture
Related violations: <none>

TIMING-16#844 Warning
Large setup violation  
There is a large setup violation of -2.312 ns between cpu/u_pc/pc_reg[18]/C (clocked by sys_clk) and cpu/u_dmem/ram_reg_0_255_20_20/RAMS64E_D/WADR7 (clocked by sys_clk). Large setup violations at the end of those stages might be difficult to fix during the post-placement implementation flow and could be the result of non-optimal XDC constraints or non-optimal design architecture
Related violations: <none>

TIMING-16#845 Warning
Large setup violation  
There is a large setup violation of -2.326 ns between cpu/u_pc/pc_reg[18]/C (clocked by sys_clk) and cpu/u_dmem/ram_reg_0_255_18_18/RAMS64E_A/WADR6 (clocked by sys_clk). Large setup violations at the end of those stages might be difficult to fix during the post-placement implementation flow and could be the result of non-optimal XDC constraints or non-optimal design architecture
Related violations: <none>

TIMING-16#846 Warning
Large setup violation  
There is a large setup violation of -2.326 ns between cpu/u_pc/pc_reg[18]/C (clocked by sys_clk) and cpu/u_dmem/ram_reg_0_255_18_18/RAMS64E_B/WADR6 (clocked by sys_clk). Large setup violations at the end of those stages might be difficult to fix during the post-placement implementation flow and could be the result of non-optimal XDC constraints or non-optimal design architecture
Related violations: <none>

TIMING-16#847 Warning
Large setup violation  
There is a large setup violation of -2.326 ns between cpu/u_pc/pc_reg[18]/C (clocked by sys_clk) and cpu/u_dmem/ram_reg_0_255_18_18/RAMS64E_C/WADR6 (clocked by sys_clk). Large setup violations at the end of those stages might be difficult to fix during the post-placement implementation flow and could be the result of non-optimal XDC constraints or non-optimal design architecture
Related violations: <none>

TIMING-16#848 Warning
Large setup violation  
There is a large setup violation of -2.326 ns between cpu/u_pc/pc_reg[18]/C (clocked by sys_clk) and cpu/u_dmem/ram_reg_0_255_18_18/RAMS64E_D/WADR6 (clocked by sys_clk). Large setup violations at the end of those stages might be difficult to fix during the post-placement implementation flow and could be the result of non-optimal XDC constraints or non-optimal design architecture
Related violations: <none>

TIMING-16#849 Warning
Large setup violation  
There is a large setup violation of -2.347 ns between cpu/u_pc/pc_reg[18]/C (clocked by sys_clk) and cpu/u_dmem/ram_reg_0_255_0_0/RAMS64E_A/WADR6 (clocked by sys_clk). Large setup violations at the end of those stages might be difficult to fix during the post-placement implementation flow and could be the result of non-optimal XDC constraints or non-optimal design architecture
Related violations: <none>

TIMING-16#850 Warning
Large setup violation  
There is a large setup violation of -2.347 ns between cpu/u_pc/pc_reg[18]/C (clocked by sys_clk) and cpu/u_dmem/ram_reg_0_255_0_0/RAMS64E_B/WADR6 (clocked by sys_clk). Large setup violations at the end of those stages might be difficult to fix during the post-placement implementation flow and could be the result of non-optimal XDC constraints or non-optimal design architecture
Related violations: <none>

TIMING-16#851 Warning
Large setup violation  
There is a large setup violation of -2.347 ns between cpu/u_pc/pc_reg[18]/C (clocked by sys_clk) and cpu/u_dmem/ram_reg_0_255_0_0/RAMS64E_C/WADR6 (clocked by sys_clk). Large setup violations at the end of those stages might be difficult to fix during the post-placement implementation flow and could be the result of non-optimal XDC constraints or non-optimal design architecture
Related violations: <none>

TIMING-16#852 Warning
Large setup violation  
There is a large setup violation of -2.347 ns between cpu/u_pc/pc_reg[18]/C (clocked by sys_clk) and cpu/u_dmem/ram_reg_0_255_0_0/RAMS64E_D/WADR6 (clocked by sys_clk). Large setup violations at the end of those stages might be difficult to fix during the post-placement implementation flow and could be the result of non-optimal XDC constraints or non-optimal design architecture
Related violations: <none>

TIMING-16#853 Warning
Large setup violation  
There is a large setup violation of -2.369 ns between cpu/u_pc/pc_reg[18]/C (clocked by sys_clk) and cpu/u_dmem/ram_reg_0_255_5_5/RAMS64E_A/WADR6 (clocked by sys_clk). Large setup violations at the end of those stages might be difficult to fix during the post-placement implementation flow and could be the result of non-optimal XDC constraints or non-optimal design architecture
Related violations: <none>

TIMING-16#854 Warning
Large setup violation  
There is a large setup violation of -2.369 ns between cpu/u_pc/pc_reg[18]/C (clocked by sys_clk) and cpu/u_dmem/ram_reg_0_255_5_5/RAMS64E_B/WADR6 (clocked by sys_clk). Large setup violations at the end of those stages might be difficult to fix during the post-placement implementation flow and could be the result of non-optimal XDC constraints or non-optimal design architecture
Related violations: <none>

TIMING-16#855 Warning
Large setup violation  
There is a large setup violation of -2.369 ns between cpu/u_pc/pc_reg[18]/C (clocked by sys_clk) and cpu/u_dmem/ram_reg_0_255_5_5/RAMS64E_C/WADR6 (clocked by sys_clk). Large setup violations at the end of those stages might be difficult to fix during the post-placement implementation flow and could be the result of non-optimal XDC constraints or non-optimal design architecture
Related violations: <none>

TIMING-16#856 Warning
Large setup violation  
There is a large setup violation of -2.369 ns between cpu/u_pc/pc_reg[18]/C (clocked by sys_clk) and cpu/u_dmem/ram_reg_0_255_5_5/RAMS64E_D/WADR6 (clocked by sys_clk). Large setup violations at the end of those stages might be difficult to fix during the post-placement implementation flow and could be the result of non-optimal XDC constraints or non-optimal design architecture
Related violations: <none>

TIMING-16#857 Warning
Large setup violation  
There is a large setup violation of -2.393 ns between cpu/u_pc/pc_reg[18]/C (clocked by sys_clk) and cpu/u_dmem/ram_reg_0_255_11_11/RAMS64E_A/WADR7 (clocked by sys_clk). Large setup violations at the end of those stages might be difficult to fix during the post-placement implementation flow and could be the result of non-optimal XDC constraints or non-optimal design architecture
Related violations: <none>

TIMING-16#858 Warning
Large setup violation  
There is a large setup violation of -2.393 ns between cpu/u_pc/pc_reg[18]/C (clocked by sys_clk) and cpu/u_dmem/ram_reg_0_255_11_11/RAMS64E_B/WADR7 (clocked by sys_clk). Large setup violations at the end of those stages might be difficult to fix during the post-placement implementation flow and could be the result of non-optimal XDC constraints or non-optimal design architecture
Related violations: <none>

TIMING-16#859 Warning
Large setup violation  
There is a large setup violation of -2.393 ns between cpu/u_pc/pc_reg[18]/C (clocked by sys_clk) and cpu/u_dmem/ram_reg_0_255_11_11/RAMS64E_C/WADR7 (clocked by sys_clk). Large setup violations at the end of those stages might be difficult to fix during the post-placement implementation flow and could be the result of non-optimal XDC constraints or non-optimal design architecture
Related violations: <none>

TIMING-16#860 Warning
Large setup violation  
There is a large setup violation of -2.393 ns between cpu/u_pc/pc_reg[18]/C (clocked by sys_clk) and cpu/u_dmem/ram_reg_0_255_11_11/RAMS64E_D/WADR7 (clocked by sys_clk). Large setup violations at the end of those stages might be difficult to fix during the post-placement implementation flow and could be the result of non-optimal XDC constraints or non-optimal design architecture
Related violations: <none>

TIMING-16#861 Warning
Large setup violation  
There is a large setup violation of -2.401 ns between cpu/u_pc/pc_reg[18]/C (clocked by sys_clk) and cpu/u_dmem/ram_reg_0_255_18_18/RAMS64E_A/WADR7 (clocked by sys_clk). Large setup violations at the end of those stages might be difficult to fix during the post-placement implementation flow and could be the result of non-optimal XDC constraints or non-optimal design architecture
Related violations: <none>

TIMING-16#862 Warning
Large setup violation  
There is a large setup violation of -2.401 ns between cpu/u_pc/pc_reg[18]/C (clocked by sys_clk) and cpu/u_dmem/ram_reg_0_255_18_18/RAMS64E_B/WADR7 (clocked by sys_clk). Large setup violations at the end of those stages might be difficult to fix during the post-placement implementation flow and could be the result of non-optimal XDC constraints or non-optimal design architecture
Related violations: <none>

TIMING-16#863 Warning
Large setup violation  
There is a large setup violation of -2.401 ns between cpu/u_pc/pc_reg[18]/C (clocked by sys_clk) and cpu/u_dmem/ram_reg_0_255_18_18/RAMS64E_C/WADR7 (clocked by sys_clk). Large setup violations at the end of those stages might be difficult to fix during the post-placement implementation flow and could be the result of non-optimal XDC constraints or non-optimal design architecture
Related violations: <none>

TIMING-16#864 Warning
Large setup violation  
There is a large setup violation of -2.401 ns between cpu/u_pc/pc_reg[18]/C (clocked by sys_clk) and cpu/u_dmem/ram_reg_0_255_18_18/RAMS64E_D/WADR7 (clocked by sys_clk). Large setup violations at the end of those stages might be difficult to fix during the post-placement implementation flow and could be the result of non-optimal XDC constraints or non-optimal design architecture
Related violations: <none>

TIMING-16#865 Warning
Large setup violation  
There is a large setup violation of -2.411 ns between cpu/u_pc/pc_reg[18]/C (clocked by sys_clk) and cpu/u_dmem/ram_reg_0_255_19_19/RAMS64E_A/WADR7 (clocked by sys_clk). Large setup violations at the end of those stages might be difficult to fix during the post-placement implementation flow and could be the result of non-optimal XDC constraints or non-optimal design architecture
Related violations: <none>

TIMING-16#866 Warning
Large setup violation  
There is a large setup violation of -2.411 ns between cpu/u_pc/pc_reg[18]/C (clocked by sys_clk) and cpu/u_dmem/ram_reg_0_255_19_19/RAMS64E_B/WADR7 (clocked by sys_clk). Large setup violations at the end of those stages might be difficult to fix during the post-placement implementation flow and could be the result of non-optimal XDC constraints or non-optimal design architecture
Related violations: <none>

TIMING-16#867 Warning
Large setup violation  
There is a large setup violation of -2.411 ns between cpu/u_pc/pc_reg[18]/C (clocked by sys_clk) and cpu/u_dmem/ram_reg_0_255_19_19/RAMS64E_C/WADR7 (clocked by sys_clk). Large setup violations at the end of those stages might be difficult to fix during the post-placement implementation flow and could be the result of non-optimal XDC constraints or non-optimal design architecture
Related violations: <none>

TIMING-16#868 Warning
Large setup violation  
There is a large setup violation of -2.411 ns between cpu/u_pc/pc_reg[18]/C (clocked by sys_clk) and cpu/u_dmem/ram_reg_0_255_19_19/RAMS64E_D/WADR7 (clocked by sys_clk). Large setup violations at the end of those stages might be difficult to fix during the post-placement implementation flow and could be the result of non-optimal XDC constraints or non-optimal design architecture
Related violations: <none>

TIMING-16#869 Warning
Large setup violation  
There is a large setup violation of -2.415 ns between cpu/u_pc/pc_reg[18]/C (clocked by sys_clk) and cpu/u_dmem/ram_reg_0_255_0_0/RAMS64E_A/WADR7 (clocked by sys_clk). Large setup violations at the end of those stages might be difficult to fix during the post-placement implementation flow and could be the result of non-optimal XDC constraints or non-optimal design architecture
Related violations: <none>

TIMING-16#870 Warning
Large setup violation  
There is a large setup violation of -2.415 ns between cpu/u_pc/pc_reg[18]/C (clocked by sys_clk) and cpu/u_dmem/ram_reg_0_255_0_0/RAMS64E_B/WADR7 (clocked by sys_clk). Large setup violations at the end of those stages might be difficult to fix during the post-placement implementation flow and could be the result of non-optimal XDC constraints or non-optimal design architecture
Related violations: <none>

TIMING-16#871 Warning
Large setup violation  
There is a large setup violation of -2.415 ns between cpu/u_pc/pc_reg[18]/C (clocked by sys_clk) and cpu/u_dmem/ram_reg_0_255_0_0/RAMS64E_C/WADR7 (clocked by sys_clk). Large setup violations at the end of those stages might be difficult to fix during the post-placement implementation flow and could be the result of non-optimal XDC constraints or non-optimal design architecture
Related violations: <none>

TIMING-16#872 Warning
Large setup violation  
There is a large setup violation of -2.415 ns between cpu/u_pc/pc_reg[18]/C (clocked by sys_clk) and cpu/u_dmem/ram_reg_0_255_0_0/RAMS64E_D/WADR7 (clocked by sys_clk). Large setup violations at the end of those stages might be difficult to fix during the post-placement implementation flow and could be the result of non-optimal XDC constraints or non-optimal design architecture
Related violations: <none>

TIMING-16#873 Warning
Large setup violation  
There is a large setup violation of -2.483 ns between cpu/u_pc/pc_reg[18]/C (clocked by sys_clk) and cpu/u_dmem/ram_reg_0_255_5_5/RAMS64E_A/WADR7 (clocked by sys_clk). Large setup violations at the end of those stages might be difficult to fix during the post-placement implementation flow and could be the result of non-optimal XDC constraints or non-optimal design architecture
Related violations: <none>

TIMING-16#874 Warning
Large setup violation  
There is a large setup violation of -2.483 ns between cpu/u_pc/pc_reg[18]/C (clocked by sys_clk) and cpu/u_dmem/ram_reg_0_255_5_5/RAMS64E_B/WADR7 (clocked by sys_clk). Large setup violations at the end of those stages might be difficult to fix during the post-placement implementation flow and could be the result of non-optimal XDC constraints or non-optimal design architecture
Related violations: <none>

TIMING-16#875 Warning
Large setup violation  
There is a large setup violation of -2.483 ns between cpu/u_pc/pc_reg[18]/C (clocked by sys_clk) and cpu/u_dmem/ram_reg_0_255_5_5/RAMS64E_C/WADR7 (clocked by sys_clk). Large setup violations at the end of those stages might be difficult to fix during the post-placement implementation flow and could be the result of non-optimal XDC constraints or non-optimal design architecture
Related violations: <none>

TIMING-16#876 Warning
Large setup violation  
There is a large setup violation of -2.483 ns between cpu/u_pc/pc_reg[18]/C (clocked by sys_clk) and cpu/u_dmem/ram_reg_0_255_5_5/RAMS64E_D/WADR7 (clocked by sys_clk). Large setup violations at the end of those stages might be difficult to fix during the post-placement implementation flow and could be the result of non-optimal XDC constraints or non-optimal design architecture
Related violations: <none>

TIMING-16#877 Warning
Large setup violation  
There is a large setup violation of -2.505 ns between cpu/u_pc/pc_reg[18]/C (clocked by sys_clk) and cpu/u_dmem/ram_reg_0_255_2_2/RAMS64E_A/WADR7 (clocked by sys_clk). Large setup violations at the end of those stages might be difficult to fix during the post-placement implementation flow and could be the result of non-optimal XDC constraints or non-optimal design architecture
Related violations: <none>

TIMING-16#878 Warning
Large setup violation  
There is a large setup violation of -2.505 ns between cpu/u_pc/pc_reg[18]/C (clocked by sys_clk) and cpu/u_dmem/ram_reg_0_255_2_2/RAMS64E_B/WADR7 (clocked by sys_clk). Large setup violations at the end of those stages might be difficult to fix during the post-placement implementation flow and could be the result of non-optimal XDC constraints or non-optimal design architecture
Related violations: <none>

TIMING-16#879 Warning
Large setup violation  
There is a large setup violation of -2.505 ns between cpu/u_pc/pc_reg[18]/C (clocked by sys_clk) and cpu/u_dmem/ram_reg_0_255_2_2/RAMS64E_C/WADR7 (clocked by sys_clk). Large setup violations at the end of those stages might be difficult to fix during the post-placement implementation flow and could be the result of non-optimal XDC constraints or non-optimal design architecture
Related violations: <none>

TIMING-16#880 Warning
Large setup violation  
There is a large setup violation of -2.505 ns between cpu/u_pc/pc_reg[18]/C (clocked by sys_clk) and cpu/u_dmem/ram_reg_0_255_2_2/RAMS64E_D/WADR7 (clocked by sys_clk). Large setup violations at the end of those stages might be difficult to fix during the post-placement implementation flow and could be the result of non-optimal XDC constraints or non-optimal design architecture
Related violations: <none>

TIMING-16#881 Warning
Large setup violation  
There is a large setup violation of -2.537 ns between cpu/u_pc/pc_reg[18]/C (clocked by sys_clk) and cpu/u_dmem/ram_reg_0_255_10_10/RAMS64E_A/WADR6 (clocked by sys_clk). Large setup violations at the end of those stages might be difficult to fix during the post-placement implementation flow and could be the result of non-optimal XDC constraints or non-optimal design architecture
Related violations: <none>

TIMING-16#882 Warning
Large setup violation  
There is a large setup violation of -2.537 ns between cpu/u_pc/pc_reg[18]/C (clocked by sys_clk) and cpu/u_dmem/ram_reg_0_255_10_10/RAMS64E_B/WADR6 (clocked by sys_clk). Large setup violations at the end of those stages might be difficult to fix during the post-placement implementation flow and could be the result of non-optimal XDC constraints or non-optimal design architecture
Related violations: <none>

TIMING-16#883 Warning
Large setup violation  
There is a large setup violation of -2.537 ns between cpu/u_pc/pc_reg[18]/C (clocked by sys_clk) and cpu/u_dmem/ram_reg_0_255_10_10/RAMS64E_C/WADR6 (clocked by sys_clk). Large setup violations at the end of those stages might be difficult to fix during the post-placement implementation flow and could be the result of non-optimal XDC constraints or non-optimal design architecture
Related violations: <none>

TIMING-16#884 Warning
Large setup violation  
There is a large setup violation of -2.537 ns between cpu/u_pc/pc_reg[18]/C (clocked by sys_clk) and cpu/u_dmem/ram_reg_0_255_10_10/RAMS64E_D/WADR6 (clocked by sys_clk). Large setup violations at the end of those stages might be difficult to fix during the post-placement implementation flow and could be the result of non-optimal XDC constraints or non-optimal design architecture
Related violations: <none>

TIMING-16#885 Warning
Large setup violation  
There is a large setup violation of -2.609 ns between cpu/u_pc/pc_reg[18]/C (clocked by sys_clk) and cpu/u_dmem/ram_reg_0_255_10_10/RAMS64E_A/WADR7 (clocked by sys_clk). Large setup violations at the end of those stages might be difficult to fix during the post-placement implementation flow and could be the result of non-optimal XDC constraints or non-optimal design architecture
Related violations: <none>

TIMING-16#886 Warning
Large setup violation  
There is a large setup violation of -2.609 ns between cpu/u_pc/pc_reg[18]/C (clocked by sys_clk) and cpu/u_dmem/ram_reg_0_255_10_10/RAMS64E_B/WADR7 (clocked by sys_clk). Large setup violations at the end of those stages might be difficult to fix during the post-placement implementation flow and could be the result of non-optimal XDC constraints or non-optimal design architecture
Related violations: <none>

TIMING-16#887 Warning
Large setup violation  
There is a large setup violation of -2.609 ns between cpu/u_pc/pc_reg[18]/C (clocked by sys_clk) and cpu/u_dmem/ram_reg_0_255_10_10/RAMS64E_C/WADR7 (clocked by sys_clk). Large setup violations at the end of those stages might be difficult to fix during the post-placement implementation flow and could be the result of non-optimal XDC constraints or non-optimal design architecture
Related violations: <none>

TIMING-16#888 Warning
Large setup violation  
There is a large setup violation of -2.609 ns between cpu/u_pc/pc_reg[18]/C (clocked by sys_clk) and cpu/u_dmem/ram_reg_0_255_10_10/RAMS64E_D/WADR7 (clocked by sys_clk). Large setup violations at the end of those stages might be difficult to fix during the post-placement implementation flow and could be the result of non-optimal XDC constraints or non-optimal design architecture
Related violations: <none>

TIMING-16#889 Warning
Large setup violation  
There is a large setup violation of -2.861 ns between cpu/u_pc/pc_reg[18]/C (clocked by sys_clk) and cpu/u_dmem/ram_reg_0_255_14_14/RAMS64E_A/WE (clocked by sys_clk). Large setup violations at the end of those stages might be difficult to fix during the post-placement implementation flow and could be the result of non-optimal XDC constraints or non-optimal design architecture
Related violations: <none>

TIMING-16#890 Warning
Large setup violation  
There is a large setup violation of -2.861 ns between cpu/u_pc/pc_reg[18]/C (clocked by sys_clk) and cpu/u_dmem/ram_reg_0_255_14_14/RAMS64E_B/WE (clocked by sys_clk). Large setup violations at the end of those stages might be difficult to fix during the post-placement implementation flow and could be the result of non-optimal XDC constraints or non-optimal design architecture
Related violations: <none>

TIMING-16#891 Warning
Large setup violation  
There is a large setup violation of -2.861 ns between cpu/u_pc/pc_reg[18]/C (clocked by sys_clk) and cpu/u_dmem/ram_reg_0_255_14_14/RAMS64E_C/WE (clocked by sys_clk). Large setup violations at the end of those stages might be difficult to fix during the post-placement implementation flow and could be the result of non-optimal XDC constraints or non-optimal design architecture
Related violations: <none>

TIMING-16#892 Warning
Large setup violation  
There is a large setup violation of -2.861 ns between cpu/u_pc/pc_reg[18]/C (clocked by sys_clk) and cpu/u_dmem/ram_reg_0_255_14_14/RAMS64E_D/WE (clocked by sys_clk). Large setup violations at the end of those stages might be difficult to fix during the post-placement implementation flow and could be the result of non-optimal XDC constraints or non-optimal design architecture
Related violations: <none>

TIMING-16#893 Warning
Large setup violation  
There is a large setup violation of -3.025 ns between cpu/u_pc/pc_reg[18]/C (clocked by sys_clk) and cpu/u_dmem/ram_reg_0_255_17_17/RAMS64E_A/WE (clocked by sys_clk). Large setup violations at the end of those stages might be difficult to fix during the post-placement implementation flow and could be the result of non-optimal XDC constraints or non-optimal design architecture
Related violations: <none>

TIMING-16#894 Warning
Large setup violation  
There is a large setup violation of -3.025 ns between cpu/u_pc/pc_reg[18]/C (clocked by sys_clk) and cpu/u_dmem/ram_reg_0_255_17_17/RAMS64E_B/WE (clocked by sys_clk). Large setup violations at the end of those stages might be difficult to fix during the post-placement implementation flow and could be the result of non-optimal XDC constraints or non-optimal design architecture
Related violations: <none>

TIMING-16#895 Warning
Large setup violation  
There is a large setup violation of -3.025 ns between cpu/u_pc/pc_reg[18]/C (clocked by sys_clk) and cpu/u_dmem/ram_reg_0_255_17_17/RAMS64E_C/WE (clocked by sys_clk). Large setup violations at the end of those stages might be difficult to fix during the post-placement implementation flow and could be the result of non-optimal XDC constraints or non-optimal design architecture
Related violations: <none>

TIMING-16#896 Warning
Large setup violation  
There is a large setup violation of -3.025 ns between cpu/u_pc/pc_reg[18]/C (clocked by sys_clk) and cpu/u_dmem/ram_reg_0_255_17_17/RAMS64E_D/WE (clocked by sys_clk). Large setup violations at the end of those stages might be difficult to fix during the post-placement implementation flow and could be the result of non-optimal XDC constraints or non-optimal design architecture
Related violations: <none>

TIMING-16#897 Warning
Large setup violation  
There is a large setup violation of -3.037 ns between cpu/u_pc/pc_reg[18]/C (clocked by sys_clk) and cpu/u_dmem/ram_reg_0_255_12_12/RAMS64E_A/WE (clocked by sys_clk). Large setup violations at the end of those stages might be difficult to fix during the post-placement implementation flow and could be the result of non-optimal XDC constraints or non-optimal design architecture
Related violations: <none>

TIMING-16#898 Warning
Large setup violation  
There is a large setup violation of -3.037 ns between cpu/u_pc/pc_reg[18]/C (clocked by sys_clk) and cpu/u_dmem/ram_reg_0_255_12_12/RAMS64E_B/WE (clocked by sys_clk). Large setup violations at the end of those stages might be difficult to fix during the post-placement implementation flow and could be the result of non-optimal XDC constraints or non-optimal design architecture
Related violations: <none>

TIMING-16#899 Warning
Large setup violation  
There is a large setup violation of -3.037 ns between cpu/u_pc/pc_reg[18]/C (clocked by sys_clk) and cpu/u_dmem/ram_reg_0_255_12_12/RAMS64E_C/WE (clocked by sys_clk). Large setup violations at the end of those stages might be difficult to fix during the post-placement implementation flow and could be the result of non-optimal XDC constraints or non-optimal design architecture
Related violations: <none>

TIMING-16#900 Warning
Large setup violation  
There is a large setup violation of -3.037 ns between cpu/u_pc/pc_reg[18]/C (clocked by sys_clk) and cpu/u_dmem/ram_reg_0_255_12_12/RAMS64E_D/WE (clocked by sys_clk). Large setup violations at the end of those stages might be difficult to fix during the post-placement implementation flow and could be the result of non-optimal XDC constraints or non-optimal design architecture
Related violations: <none>

TIMING-16#901 Warning
Large setup violation  
There is a large setup violation of -3.037 ns between cpu/u_pc/pc_reg[18]/C (clocked by sys_clk) and cpu/u_dmem/ram_reg_0_255_20_20/RAMS64E_A/WE (clocked by sys_clk). Large setup violations at the end of those stages might be difficult to fix during the post-placement implementation flow and could be the result of non-optimal XDC constraints or non-optimal design architecture
Related violations: <none>

TIMING-16#902 Warning
Large setup violation  
There is a large setup violation of -3.037 ns between cpu/u_pc/pc_reg[18]/C (clocked by sys_clk) and cpu/u_dmem/ram_reg_0_255_20_20/RAMS64E_B/WE (clocked by sys_clk). Large setup violations at the end of those stages might be difficult to fix during the post-placement implementation flow and could be the result of non-optimal XDC constraints or non-optimal design architecture
Related violations: <none>

TIMING-16#903 Warning
Large setup violation  
There is a large setup violation of -3.037 ns between cpu/u_pc/pc_reg[18]/C (clocked by sys_clk) and cpu/u_dmem/ram_reg_0_255_20_20/RAMS64E_C/WE (clocked by sys_clk). Large setup violations at the end of those stages might be difficult to fix during the post-placement implementation flow and could be the result of non-optimal XDC constraints or non-optimal design architecture
Related violations: <none>

TIMING-16#904 Warning
Large setup violation  
There is a large setup violation of -3.037 ns between cpu/u_pc/pc_reg[18]/C (clocked by sys_clk) and cpu/u_dmem/ram_reg_0_255_20_20/RAMS64E_D/WE (clocked by sys_clk). Large setup violations at the end of those stages might be difficult to fix during the post-placement implementation flow and could be the result of non-optimal XDC constraints or non-optimal design architecture
Related violations: <none>

TIMING-16#905 Warning
Large setup violation  
There is a large setup violation of -3.178 ns between cpu/u_pc/pc_reg[18]/C (clocked by sys_clk) and cpu/u_dmem/ram_reg_0_255_21_21/RAMS64E_A/WE (clocked by sys_clk). Large setup violations at the end of those stages might be difficult to fix during the post-placement implementation flow and could be the result of non-optimal XDC constraints or non-optimal design architecture
Related violations: <none>

TIMING-16#906 Warning
Large setup violation  
There is a large setup violation of -3.178 ns between cpu/u_pc/pc_reg[18]/C (clocked by sys_clk) and cpu/u_dmem/ram_reg_0_255_21_21/RAMS64E_B/WE (clocked by sys_clk). Large setup violations at the end of those stages might be difficult to fix during the post-placement implementation flow and could be the result of non-optimal XDC constraints or non-optimal design architecture
Related violations: <none>

TIMING-16#907 Warning
Large setup violation  
There is a large setup violation of -3.178 ns between cpu/u_pc/pc_reg[18]/C (clocked by sys_clk) and cpu/u_dmem/ram_reg_0_255_21_21/RAMS64E_C/WE (clocked by sys_clk). Large setup violations at the end of those stages might be difficult to fix during the post-placement implementation flow and could be the result of non-optimal XDC constraints or non-optimal design architecture
Related violations: <none>

TIMING-16#908 Warning
Large setup violation  
There is a large setup violation of -3.178 ns between cpu/u_pc/pc_reg[18]/C (clocked by sys_clk) and cpu/u_dmem/ram_reg_0_255_21_21/RAMS64E_D/WE (clocked by sys_clk). Large setup violations at the end of those stages might be difficult to fix during the post-placement implementation flow and could be the result of non-optimal XDC constraints or non-optimal design architecture
Related violations: <none>

TIMING-16#909 Warning
Large setup violation  
There is a large setup violation of -3.184 ns between cpu/u_pc/pc_reg[18]/C (clocked by sys_clk) and cpu/u_dmem/ram_reg_0_255_1_1/RAMS64E_A/WE (clocked by sys_clk). Large setup violations at the end of those stages might be difficult to fix during the post-placement implementation flow and could be the result of non-optimal XDC constraints or non-optimal design architecture
Related violations: <none>

TIMING-16#910 Warning
Large setup violation  
There is a large setup violation of -3.184 ns between cpu/u_pc/pc_reg[18]/C (clocked by sys_clk) and cpu/u_dmem/ram_reg_0_255_1_1/RAMS64E_B/WE (clocked by sys_clk). Large setup violations at the end of those stages might be difficult to fix during the post-placement implementation flow and could be the result of non-optimal XDC constraints or non-optimal design architecture
Related violations: <none>

TIMING-16#911 Warning
Large setup violation  
There is a large setup violation of -3.184 ns between cpu/u_pc/pc_reg[18]/C (clocked by sys_clk) and cpu/u_dmem/ram_reg_0_255_1_1/RAMS64E_C/WE (clocked by sys_clk). Large setup violations at the end of those stages might be difficult to fix during the post-placement implementation flow and could be the result of non-optimal XDC constraints or non-optimal design architecture
Related violations: <none>

TIMING-16#912 Warning
Large setup violation  
There is a large setup violation of -3.184 ns between cpu/u_pc/pc_reg[18]/C (clocked by sys_clk) and cpu/u_dmem/ram_reg_0_255_1_1/RAMS64E_D/WE (clocked by sys_clk). Large setup violations at the end of those stages might be difficult to fix during the post-placement implementation flow and could be the result of non-optimal XDC constraints or non-optimal design architecture
Related violations: <none>

TIMING-16#913 Warning
Large setup violation  
There is a large setup violation of -3.190 ns between cpu/u_pc/pc_reg[18]/C (clocked by sys_clk) and cpu/u_dmem/ram_reg_0_255_13_13/RAMS64E_A/WE (clocked by sys_clk). Large setup violations at the end of those stages might be difficult to fix during the post-placement implementation flow and could be the result of non-optimal XDC constraints or non-optimal design architecture
Related violations: <none>

TIMING-16#914 Warning
Large setup violation  
There is a large setup violation of -3.190 ns between cpu/u_pc/pc_reg[18]/C (clocked by sys_clk) and cpu/u_dmem/ram_reg_0_255_13_13/RAMS64E_B/WE (clocked by sys_clk). Large setup violations at the end of those stages might be difficult to fix during the post-placement implementation flow and could be the result of non-optimal XDC constraints or non-optimal design architecture
Related violations: <none>

TIMING-16#915 Warning
Large setup violation  
There is a large setup violation of -3.190 ns between cpu/u_pc/pc_reg[18]/C (clocked by sys_clk) and cpu/u_dmem/ram_reg_0_255_13_13/RAMS64E_C/WE (clocked by sys_clk). Large setup violations at the end of those stages might be difficult to fix during the post-placement implementation flow and could be the result of non-optimal XDC constraints or non-optimal design architecture
Related violations: <none>

TIMING-16#916 Warning
Large setup violation  
There is a large setup violation of -3.190 ns between cpu/u_pc/pc_reg[18]/C (clocked by sys_clk) and cpu/u_dmem/ram_reg_0_255_13_13/RAMS64E_D/WE (clocked by sys_clk). Large setup violations at the end of those stages might be difficult to fix during the post-placement implementation flow and could be the result of non-optimal XDC constraints or non-optimal design architecture
Related violations: <none>

TIMING-16#917 Warning
Large setup violation  
There is a large setup violation of -3.258 ns between cpu/u_pc/pc_reg[18]/C (clocked by sys_clk) and cpu/u_dmem/ram_reg_0_255_11_11/RAMS64E_A/WE (clocked by sys_clk). Large setup violations at the end of those stages might be difficult to fix during the post-placement implementation flow and could be the result of non-optimal XDC constraints or non-optimal design architecture
Related violations: <none>

TIMING-16#918 Warning
Large setup violation  
There is a large setup violation of -3.258 ns between cpu/u_pc/pc_reg[18]/C (clocked by sys_clk) and cpu/u_dmem/ram_reg_0_255_11_11/RAMS64E_B/WE (clocked by sys_clk). Large setup violations at the end of those stages might be difficult to fix during the post-placement implementation flow and could be the result of non-optimal XDC constraints or non-optimal design architecture
Related violations: <none>

TIMING-16#919 Warning
Large setup violation  
There is a large setup violation of -3.258 ns between cpu/u_pc/pc_reg[18]/C (clocked by sys_clk) and cpu/u_dmem/ram_reg_0_255_11_11/RAMS64E_C/WE (clocked by sys_clk). Large setup violations at the end of those stages might be difficult to fix during the post-placement implementation flow and could be the result of non-optimal XDC constraints or non-optimal design architecture
Related violations: <none>

TIMING-16#920 Warning
Large setup violation  
There is a large setup violation of -3.258 ns between cpu/u_pc/pc_reg[18]/C (clocked by sys_clk) and cpu/u_dmem/ram_reg_0_255_11_11/RAMS64E_D/WE (clocked by sys_clk). Large setup violations at the end of those stages might be difficult to fix during the post-placement implementation flow and could be the result of non-optimal XDC constraints or non-optimal design architecture
Related violations: <none>

TIMING-16#921 Warning
Large setup violation  
There is a large setup violation of -3.264 ns between cpu/u_pc/pc_reg[18]/C (clocked by sys_clk) and cpu/u_dmem/ram_reg_0_255_4_4/RAMS64E_A/WE (clocked by sys_clk). Large setup violations at the end of those stages might be difficult to fix during the post-placement implementation flow and could be the result of non-optimal XDC constraints or non-optimal design architecture
Related violations: <none>

TIMING-16#922 Warning
Large setup violation  
There is a large setup violation of -3.264 ns between cpu/u_pc/pc_reg[18]/C (clocked by sys_clk) and cpu/u_dmem/ram_reg_0_255_4_4/RAMS64E_B/WE (clocked by sys_clk). Large setup violations at the end of those stages might be difficult to fix during the post-placement implementation flow and could be the result of non-optimal XDC constraints or non-optimal design architecture
Related violations: <none>

TIMING-16#923 Warning
Large setup violation  
There is a large setup violation of -3.264 ns between cpu/u_pc/pc_reg[18]/C (clocked by sys_clk) and cpu/u_dmem/ram_reg_0_255_4_4/RAMS64E_C/WE (clocked by sys_clk). Large setup violations at the end of those stages might be difficult to fix during the post-placement implementation flow and could be the result of non-optimal XDC constraints or non-optimal design architecture
Related violations: <none>

TIMING-16#924 Warning
Large setup violation  
There is a large setup violation of -3.264 ns between cpu/u_pc/pc_reg[18]/C (clocked by sys_clk) and cpu/u_dmem/ram_reg_0_255_4_4/RAMS64E_D/WE (clocked by sys_clk). Large setup violations at the end of those stages might be difficult to fix during the post-placement implementation flow and could be the result of non-optimal XDC constraints or non-optimal design architecture
Related violations: <none>

TIMING-16#925 Warning
Large setup violation  
There is a large setup violation of -3.324 ns between cpu/u_pc/pc_reg[18]/C (clocked by sys_clk) and cpu/u_dmem/ram_reg_0_255_3_3/RAMS64E_A/WE (clocked by sys_clk). Large setup violations at the end of those stages might be difficult to fix during the post-placement implementation flow and could be the result of non-optimal XDC constraints or non-optimal design architecture
Related violations: <none>

TIMING-16#926 Warning
Large setup violation  
There is a large setup violation of -3.324 ns between cpu/u_pc/pc_reg[18]/C (clocked by sys_clk) and cpu/u_dmem/ram_reg_0_255_3_3/RAMS64E_B/WE (clocked by sys_clk). Large setup violations at the end of those stages might be difficult to fix during the post-placement implementation flow and could be the result of non-optimal XDC constraints or non-optimal design architecture
Related violations: <none>

TIMING-16#927 Warning
Large setup violation  
There is a large setup violation of -3.324 ns between cpu/u_pc/pc_reg[18]/C (clocked by sys_clk) and cpu/u_dmem/ram_reg_0_255_3_3/RAMS64E_C/WE (clocked by sys_clk). Large setup violations at the end of those stages might be difficult to fix during the post-placement implementation flow and could be the result of non-optimal XDC constraints or non-optimal design architecture
Related violations: <none>

TIMING-16#928 Warning
Large setup violation  
There is a large setup violation of -3.324 ns between cpu/u_pc/pc_reg[18]/C (clocked by sys_clk) and cpu/u_dmem/ram_reg_0_255_3_3/RAMS64E_D/WE (clocked by sys_clk). Large setup violations at the end of those stages might be difficult to fix during the post-placement implementation flow and could be the result of non-optimal XDC constraints or non-optimal design architecture
Related violations: <none>

TIMING-16#929 Warning
Large setup violation  
There is a large setup violation of -3.348 ns between cpu/u_pc/pc_reg[18]/C (clocked by sys_clk) and cpu/u_dmem/ram_reg_0_255_30_30/RAMS64E_A/WE (clocked by sys_clk). Large setup violations at the end of those stages might be difficult to fix during the post-placement implementation flow and could be the result of non-optimal XDC constraints or non-optimal design architecture
Related violations: <none>

TIMING-16#930 Warning
Large setup violation  
There is a large setup violation of -3.348 ns between cpu/u_pc/pc_reg[18]/C (clocked by sys_clk) and cpu/u_dmem/ram_reg_0_255_30_30/RAMS64E_B/WE (clocked by sys_clk). Large setup violations at the end of those stages might be difficult to fix during the post-placement implementation flow and could be the result of non-optimal XDC constraints or non-optimal design architecture
Related violations: <none>

TIMING-16#931 Warning
Large setup violation  
There is a large setup violation of -3.348 ns between cpu/u_pc/pc_reg[18]/C (clocked by sys_clk) and cpu/u_dmem/ram_reg_0_255_30_30/RAMS64E_C/WE (clocked by sys_clk). Large setup violations at the end of those stages might be difficult to fix during the post-placement implementation flow and could be the result of non-optimal XDC constraints or non-optimal design architecture
Related violations: <none>

TIMING-16#932 Warning
Large setup violation  
There is a large setup violation of -3.348 ns between cpu/u_pc/pc_reg[18]/C (clocked by sys_clk) and cpu/u_dmem/ram_reg_0_255_30_30/RAMS64E_D/WE (clocked by sys_clk). Large setup violations at the end of those stages might be difficult to fix during the post-placement implementation flow and could be the result of non-optimal XDC constraints or non-optimal design architecture
Related violations: <none>

TIMING-16#933 Warning
Large setup violation  
There is a large setup violation of -3.403 ns between cpu/u_pc/pc_reg[18]/C (clocked by sys_clk) and cpu/u_dmem/ram_reg_0_255_2_2/RAMS64E_A/WE (clocked by sys_clk). Large setup violations at the end of those stages might be difficult to fix during the post-placement implementation flow and could be the result of non-optimal XDC constraints or non-optimal design architecture
Related violations: <none>

TIMING-16#934 Warning
Large setup violation  
There is a large setup violation of -3.403 ns between cpu/u_pc/pc_reg[18]/C (clocked by sys_clk) and cpu/u_dmem/ram_reg_0_255_2_2/RAMS64E_B/WE (clocked by sys_clk). Large setup violations at the end of those stages might be difficult to fix during the post-placement implementation flow and could be the result of non-optimal XDC constraints or non-optimal design architecture
Related violations: <none>

TIMING-16#935 Warning
Large setup violation  
There is a large setup violation of -3.403 ns between cpu/u_pc/pc_reg[18]/C (clocked by sys_clk) and cpu/u_dmem/ram_reg_0_255_2_2/RAMS64E_C/WE (clocked by sys_clk). Large setup violations at the end of those stages might be difficult to fix during the post-placement implementation flow and could be the result of non-optimal XDC constraints or non-optimal design architecture
Related violations: <none>

TIMING-16#936 Warning
Large setup violation  
There is a large setup violation of -3.403 ns between cpu/u_pc/pc_reg[18]/C (clocked by sys_clk) and cpu/u_dmem/ram_reg_0_255_2_2/RAMS64E_D/WE (clocked by sys_clk). Large setup violations at the end of those stages might be difficult to fix during the post-placement implementation flow and could be the result of non-optimal XDC constraints or non-optimal design architecture
Related violations: <none>

TIMING-16#937 Warning
Large setup violation  
There is a large setup violation of -3.429 ns between cpu/u_pc/pc_reg[18]/C (clocked by sys_clk) and cpu/u_dmem/ram_reg_0_255_15_15/RAMS64E_A/WE (clocked by sys_clk). Large setup violations at the end of those stages might be difficult to fix during the post-placement implementation flow and could be the result of non-optimal XDC constraints or non-optimal design architecture
Related violations: <none>

TIMING-16#938 Warning
Large setup violation  
There is a large setup violation of -3.429 ns between cpu/u_pc/pc_reg[18]/C (clocked by sys_clk) and cpu/u_dmem/ram_reg_0_255_15_15/RAMS64E_B/WE (clocked by sys_clk). Large setup violations at the end of those stages might be difficult to fix during the post-placement implementation flow and could be the result of non-optimal XDC constraints or non-optimal design architecture
Related violations: <none>

TIMING-16#939 Warning
Large setup violation  
There is a large setup violation of -3.429 ns between cpu/u_pc/pc_reg[18]/C (clocked by sys_clk) and cpu/u_dmem/ram_reg_0_255_15_15/RAMS64E_C/WE (clocked by sys_clk). Large setup violations at the end of those stages might be difficult to fix during the post-placement implementation flow and could be the result of non-optimal XDC constraints or non-optimal design architecture
Related violations: <none>

TIMING-16#940 Warning
Large setup violation  
There is a large setup violation of -3.429 ns between cpu/u_pc/pc_reg[18]/C (clocked by sys_clk) and cpu/u_dmem/ram_reg_0_255_15_15/RAMS64E_D/WE (clocked by sys_clk). Large setup violations at the end of those stages might be difficult to fix during the post-placement implementation flow and could be the result of non-optimal XDC constraints or non-optimal design architecture
Related violations: <none>

TIMING-16#941 Warning
Large setup violation  
There is a large setup violation of -3.450 ns between cpu/u_pc/pc_reg[18]/C (clocked by sys_clk) and cpu/u_dmem/ram_reg_0_255_27_27/RAMS64E_A/WE (clocked by sys_clk). Large setup violations at the end of those stages might be difficult to fix during the post-placement implementation flow and could be the result of non-optimal XDC constraints or non-optimal design architecture
Related violations: <none>

TIMING-16#942 Warning
Large setup violation  
There is a large setup violation of -3.450 ns between cpu/u_pc/pc_reg[18]/C (clocked by sys_clk) and cpu/u_dmem/ram_reg_0_255_27_27/RAMS64E_B/WE (clocked by sys_clk). Large setup violations at the end of those stages might be difficult to fix during the post-placement implementation flow and could be the result of non-optimal XDC constraints or non-optimal design architecture
Related violations: <none>

TIMING-16#943 Warning
Large setup violation  
There is a large setup violation of -3.450 ns between cpu/u_pc/pc_reg[18]/C (clocked by sys_clk) and cpu/u_dmem/ram_reg_0_255_27_27/RAMS64E_C/WE (clocked by sys_clk). Large setup violations at the end of those stages might be difficult to fix during the post-placement implementation flow and could be the result of non-optimal XDC constraints or non-optimal design architecture
Related violations: <none>

TIMING-16#944 Warning
Large setup violation  
There is a large setup violation of -3.450 ns between cpu/u_pc/pc_reg[18]/C (clocked by sys_clk) and cpu/u_dmem/ram_reg_0_255_27_27/RAMS64E_D/WE (clocked by sys_clk). Large setup violations at the end of those stages might be difficult to fix during the post-placement implementation flow and could be the result of non-optimal XDC constraints or non-optimal design architecture
Related violations: <none>

TIMING-16#945 Warning
Large setup violation  
There is a large setup violation of -3.468 ns between cpu/u_pc/pc_reg[18]/C (clocked by sys_clk) and cpu/u_dmem/ram_reg_0_255_22_22/RAMS64E_A/WE (clocked by sys_clk). Large setup violations at the end of those stages might be difficult to fix during the post-placement implementation flow and could be the result of non-optimal XDC constraints or non-optimal design architecture
Related violations: <none>

TIMING-16#946 Warning
Large setup violation  
There is a large setup violation of -3.468 ns between cpu/u_pc/pc_reg[18]/C (clocked by sys_clk) and cpu/u_dmem/ram_reg_0_255_22_22/RAMS64E_B/WE (clocked by sys_clk). Large setup violations at the end of those stages might be difficult to fix during the post-placement implementation flow and could be the result of non-optimal XDC constraints or non-optimal design architecture
Related violations: <none>

TIMING-16#947 Warning
Large setup violation  
There is a large setup violation of -3.468 ns between cpu/u_pc/pc_reg[18]/C (clocked by sys_clk) and cpu/u_dmem/ram_reg_0_255_22_22/RAMS64E_C/WE (clocked by sys_clk). Large setup violations at the end of those stages might be difficult to fix during the post-placement implementation flow and could be the result of non-optimal XDC constraints or non-optimal design architecture
Related violations: <none>

TIMING-16#948 Warning
Large setup violation  
There is a large setup violation of -3.468 ns between cpu/u_pc/pc_reg[18]/C (clocked by sys_clk) and cpu/u_dmem/ram_reg_0_255_22_22/RAMS64E_D/WE (clocked by sys_clk). Large setup violations at the end of those stages might be difficult to fix during the post-placement implementation flow and could be the result of non-optimal XDC constraints or non-optimal design architecture
Related violations: <none>

TIMING-16#949 Warning
Large setup violation  
There is a large setup violation of -3.501 ns between cpu/u_pc/pc_reg[18]/C (clocked by sys_clk) and cpu/u_dmem/ram_reg_0_255_29_29/RAMS64E_A/WE (clocked by sys_clk). Large setup violations at the end of those stages might be difficult to fix during the post-placement implementation flow and could be the result of non-optimal XDC constraints or non-optimal design architecture
Related violations: <none>

TIMING-16#950 Warning
Large setup violation  
There is a large setup violation of -3.501 ns between cpu/u_pc/pc_reg[18]/C (clocked by sys_clk) and cpu/u_dmem/ram_reg_0_255_29_29/RAMS64E_B/WE (clocked by sys_clk). Large setup violations at the end of those stages might be difficult to fix during the post-placement implementation flow and could be the result of non-optimal XDC constraints or non-optimal design architecture
Related violations: <none>

TIMING-16#951 Warning
Large setup violation  
There is a large setup violation of -3.501 ns between cpu/u_pc/pc_reg[18]/C (clocked by sys_clk) and cpu/u_dmem/ram_reg_0_255_29_29/RAMS64E_C/WE (clocked by sys_clk). Large setup violations at the end of those stages might be difficult to fix during the post-placement implementation flow and could be the result of non-optimal XDC constraints or non-optimal design architecture
Related violations: <none>

TIMING-16#952 Warning
Large setup violation  
There is a large setup violation of -3.501 ns between cpu/u_pc/pc_reg[18]/C (clocked by sys_clk) and cpu/u_dmem/ram_reg_0_255_29_29/RAMS64E_D/WE (clocked by sys_clk). Large setup violations at the end of those stages might be difficult to fix during the post-placement implementation flow and could be the result of non-optimal XDC constraints or non-optimal design architecture
Related violations: <none>

TIMING-16#953 Warning
Large setup violation  
There is a large setup violation of -3.520 ns between cpu/u_pc/pc_reg[18]/C (clocked by sys_clk) and cpu/u_dmem/ram_reg_0_255_25_25/RAMS64E_A/WE (clocked by sys_clk). Large setup violations at the end of those stages might be difficult to fix during the post-placement implementation flow and could be the result of non-optimal XDC constraints or non-optimal design architecture
Related violations: <none>

TIMING-16#954 Warning
Large setup violation  
There is a large setup violation of -3.520 ns between cpu/u_pc/pc_reg[18]/C (clocked by sys_clk) and cpu/u_dmem/ram_reg_0_255_25_25/RAMS64E_B/WE (clocked by sys_clk). Large setup violations at the end of those stages might be difficult to fix during the post-placement implementation flow and could be the result of non-optimal XDC constraints or non-optimal design architecture
Related violations: <none>

TIMING-16#955 Warning
Large setup violation  
There is a large setup violation of -3.520 ns between cpu/u_pc/pc_reg[18]/C (clocked by sys_clk) and cpu/u_dmem/ram_reg_0_255_25_25/RAMS64E_C/WE (clocked by sys_clk). Large setup violations at the end of those stages might be difficult to fix during the post-placement implementation flow and could be the result of non-optimal XDC constraints or non-optimal design architecture
Related violations: <none>

TIMING-16#956 Warning
Large setup violation  
There is a large setup violation of -3.520 ns between cpu/u_pc/pc_reg[18]/C (clocked by sys_clk) and cpu/u_dmem/ram_reg_0_255_25_25/RAMS64E_D/WE (clocked by sys_clk). Large setup violations at the end of those stages might be difficult to fix during the post-placement implementation flow and could be the result of non-optimal XDC constraints or non-optimal design architecture
Related violations: <none>

TIMING-16#957 Warning
Large setup violation  
There is a large setup violation of -3.521 ns between cpu/u_pc/pc_reg[18]/C (clocked by sys_clk) and cpu/u_dmem/ram_reg_0_255_31_31/RAMS64E_A/WE (clocked by sys_clk). Large setup violations at the end of those stages might be difficult to fix during the post-placement implementation flow and could be the result of non-optimal XDC constraints or non-optimal design architecture
Related violations: <none>

TIMING-16#958 Warning
Large setup violation  
There is a large setup violation of -3.521 ns between cpu/u_pc/pc_reg[18]/C (clocked by sys_clk) and cpu/u_dmem/ram_reg_0_255_31_31/RAMS64E_B/WE (clocked by sys_clk). Large setup violations at the end of those stages might be difficult to fix during the post-placement implementation flow and could be the result of non-optimal XDC constraints or non-optimal design architecture
Related violations: <none>

TIMING-16#959 Warning
Large setup violation  
There is a large setup violation of -3.521 ns between cpu/u_pc/pc_reg[18]/C (clocked by sys_clk) and cpu/u_dmem/ram_reg_0_255_31_31/RAMS64E_C/WE (clocked by sys_clk). Large setup violations at the end of those stages might be difficult to fix during the post-placement implementation flow and could be the result of non-optimal XDC constraints or non-optimal design architecture
Related violations: <none>

TIMING-16#960 Warning
Large setup violation  
There is a large setup violation of -3.521 ns between cpu/u_pc/pc_reg[18]/C (clocked by sys_clk) and cpu/u_dmem/ram_reg_0_255_31_31/RAMS64E_D/WE (clocked by sys_clk). Large setup violations at the end of those stages might be difficult to fix during the post-placement implementation flow and could be the result of non-optimal XDC constraints or non-optimal design architecture
Related violations: <none>

TIMING-16#961 Warning
Large setup violation  
There is a large setup violation of -3.570 ns between cpu/u_pc/pc_reg[18]/C (clocked by sys_clk) and cpu/u_dmem/ram_reg_0_255_19_19/RAMS64E_A/WE (clocked by sys_clk). Large setup violations at the end of those stages might be difficult to fix during the post-placement implementation flow and could be the result of non-optimal XDC constraints or non-optimal design architecture
Related violations: <none>

TIMING-16#962 Warning
Large setup violation  
There is a large setup violation of -3.570 ns between cpu/u_pc/pc_reg[18]/C (clocked by sys_clk) and cpu/u_dmem/ram_reg_0_255_19_19/RAMS64E_B/WE (clocked by sys_clk). Large setup violations at the end of those stages might be difficult to fix during the post-placement implementation flow and could be the result of non-optimal XDC constraints or non-optimal design architecture
Related violations: <none>

TIMING-16#963 Warning
Large setup violation  
There is a large setup violation of -3.570 ns between cpu/u_pc/pc_reg[18]/C (clocked by sys_clk) and cpu/u_dmem/ram_reg_0_255_19_19/RAMS64E_C/WE (clocked by sys_clk). Large setup violations at the end of those stages might be difficult to fix during the post-placement implementation flow and could be the result of non-optimal XDC constraints or non-optimal design architecture
Related violations: <none>

TIMING-16#964 Warning
Large setup violation  
There is a large setup violation of -3.570 ns between cpu/u_pc/pc_reg[18]/C (clocked by sys_clk) and cpu/u_dmem/ram_reg_0_255_19_19/RAMS64E_D/WE (clocked by sys_clk). Large setup violations at the end of those stages might be difficult to fix during the post-placement implementation flow and could be the result of non-optimal XDC constraints or non-optimal design architecture
Related violations: <none>

TIMING-16#965 Warning
Large setup violation  
There is a large setup violation of -3.608 ns between cpu/u_pc/pc_reg[18]/C (clocked by sys_clk) and cpu/u_dmem/ram_reg_0_255_16_16/RAMS64E_A/WE (clocked by sys_clk). Large setup violations at the end of those stages might be difficult to fix during the post-placement implementation flow and could be the result of non-optimal XDC constraints or non-optimal design architecture
Related violations: <none>

TIMING-16#966 Warning
Large setup violation  
There is a large setup violation of -3.608 ns between cpu/u_pc/pc_reg[18]/C (clocked by sys_clk) and cpu/u_dmem/ram_reg_0_255_16_16/RAMS64E_B/WE (clocked by sys_clk). Large setup violations at the end of those stages might be difficult to fix during the post-placement implementation flow and could be the result of non-optimal XDC constraints or non-optimal design architecture
Related violations: <none>

TIMING-16#967 Warning
Large setup violation  
There is a large setup violation of -3.608 ns between cpu/u_pc/pc_reg[18]/C (clocked by sys_clk) and cpu/u_dmem/ram_reg_0_255_16_16/RAMS64E_C/WE (clocked by sys_clk). Large setup violations at the end of those stages might be difficult to fix during the post-placement implementation flow and could be the result of non-optimal XDC constraints or non-optimal design architecture
Related violations: <none>

TIMING-16#968 Warning
Large setup violation  
There is a large setup violation of -3.608 ns between cpu/u_pc/pc_reg[18]/C (clocked by sys_clk) and cpu/u_dmem/ram_reg_0_255_16_16/RAMS64E_D/WE (clocked by sys_clk). Large setup violations at the end of those stages might be difficult to fix during the post-placement implementation flow and could be the result of non-optimal XDC constraints or non-optimal design architecture
Related violations: <none>

TIMING-16#969 Warning
Large setup violation  
There is a large setup violation of -3.609 ns between cpu/u_pc/pc_reg[18]/C (clocked by sys_clk) and cpu/u_dmem/ram_reg_0_255_24_24/RAMS64E_A/WE (clocked by sys_clk). Large setup violations at the end of those stages might be difficult to fix during the post-placement implementation flow and could be the result of non-optimal XDC constraints or non-optimal design architecture
Related violations: <none>

TIMING-16#970 Warning
Large setup violation  
There is a large setup violation of -3.609 ns between cpu/u_pc/pc_reg[18]/C (clocked by sys_clk) and cpu/u_dmem/ram_reg_0_255_24_24/RAMS64E_B/WE (clocked by sys_clk). Large setup violations at the end of those stages might be difficult to fix during the post-placement implementation flow and could be the result of non-optimal XDC constraints or non-optimal design architecture
Related violations: <none>

TIMING-16#971 Warning
Large setup violation  
There is a large setup violation of -3.609 ns between cpu/u_pc/pc_reg[18]/C (clocked by sys_clk) and cpu/u_dmem/ram_reg_0_255_24_24/RAMS64E_C/WE (clocked by sys_clk). Large setup violations at the end of those stages might be difficult to fix during the post-placement implementation flow and could be the result of non-optimal XDC constraints or non-optimal design architecture
Related violations: <none>

TIMING-16#972 Warning
Large setup violation  
There is a large setup violation of -3.609 ns between cpu/u_pc/pc_reg[18]/C (clocked by sys_clk) and cpu/u_dmem/ram_reg_0_255_24_24/RAMS64E_D/WE (clocked by sys_clk). Large setup violations at the end of those stages might be difficult to fix during the post-placement implementation flow and could be the result of non-optimal XDC constraints or non-optimal design architecture
Related violations: <none>

TIMING-16#973 Warning
Large setup violation  
There is a large setup violation of -3.612 ns between cpu/u_pc/pc_reg[18]/C (clocked by sys_clk) and cpu/u_dmem/ram_reg_0_255_26_26/RAMS64E_A/WE (clocked by sys_clk). Large setup violations at the end of those stages might be difficult to fix during the post-placement implementation flow and could be the result of non-optimal XDC constraints or non-optimal design architecture
Related violations: <none>

TIMING-16#974 Warning
Large setup violation  
There is a large setup violation of -3.612 ns between cpu/u_pc/pc_reg[18]/C (clocked by sys_clk) and cpu/u_dmem/ram_reg_0_255_26_26/RAMS64E_B/WE (clocked by sys_clk). Large setup violations at the end of those stages might be difficult to fix during the post-placement implementation flow and could be the result of non-optimal XDC constraints or non-optimal design architecture
Related violations: <none>

TIMING-16#975 Warning
Large setup violation  
There is a large setup violation of -3.612 ns between cpu/u_pc/pc_reg[18]/C (clocked by sys_clk) and cpu/u_dmem/ram_reg_0_255_26_26/RAMS64E_C/WE (clocked by sys_clk). Large setup violations at the end of those stages might be difficult to fix during the post-placement implementation flow and could be the result of non-optimal XDC constraints or non-optimal design architecture
Related violations: <none>

TIMING-16#976 Warning
Large setup violation  
There is a large setup violation of -3.612 ns between cpu/u_pc/pc_reg[18]/C (clocked by sys_clk) and cpu/u_dmem/ram_reg_0_255_26_26/RAMS64E_D/WE (clocked by sys_clk). Large setup violations at the end of those stages might be difficult to fix during the post-placement implementation flow and could be the result of non-optimal XDC constraints or non-optimal design architecture
Related violations: <none>

TIMING-16#977 Warning
Large setup violation  
There is a large setup violation of -3.615 ns between cpu/u_pc/pc_reg[18]/C (clocked by sys_clk) and cpu/u_dmem/ram_reg_0_255_5_5/RAMS64E_A/WE (clocked by sys_clk). Large setup violations at the end of those stages might be difficult to fix during the post-placement implementation flow and could be the result of non-optimal XDC constraints or non-optimal design architecture
Related violations: <none>

TIMING-16#978 Warning
Large setup violation  
There is a large setup violation of -3.615 ns between cpu/u_pc/pc_reg[18]/C (clocked by sys_clk) and cpu/u_dmem/ram_reg_0_255_5_5/RAMS64E_B/WE (clocked by sys_clk). Large setup violations at the end of those stages might be difficult to fix during the post-placement implementation flow and could be the result of non-optimal XDC constraints or non-optimal design architecture
Related violations: <none>

TIMING-16#979 Warning
Large setup violation  
There is a large setup violation of -3.615 ns between cpu/u_pc/pc_reg[18]/C (clocked by sys_clk) and cpu/u_dmem/ram_reg_0_255_5_5/RAMS64E_C/WE (clocked by sys_clk). Large setup violations at the end of those stages might be difficult to fix during the post-placement implementation flow and could be the result of non-optimal XDC constraints or non-optimal design architecture
Related violations: <none>

TIMING-16#980 Warning
Large setup violation  
There is a large setup violation of -3.615 ns between cpu/u_pc/pc_reg[18]/C (clocked by sys_clk) and cpu/u_dmem/ram_reg_0_255_5_5/RAMS64E_D/WE (clocked by sys_clk). Large setup violations at the end of those stages might be difficult to fix during the post-placement implementation flow and could be the result of non-optimal XDC constraints or non-optimal design architecture
Related violations: <none>

TIMING-16#981 Warning
Large setup violation  
There is a large setup violation of -3.674 ns between cpu/u_pc/pc_reg[18]/C (clocked by sys_clk) and cpu/u_dmem/ram_reg_0_255_23_23/RAMS64E_A/WE (clocked by sys_clk). Large setup violations at the end of those stages might be difficult to fix during the post-placement implementation flow and could be the result of non-optimal XDC constraints or non-optimal design architecture
Related violations: <none>

TIMING-16#982 Warning
Large setup violation  
There is a large setup violation of -3.674 ns between cpu/u_pc/pc_reg[18]/C (clocked by sys_clk) and cpu/u_dmem/ram_reg_0_255_23_23/RAMS64E_B/WE (clocked by sys_clk). Large setup violations at the end of those stages might be difficult to fix during the post-placement implementation flow and could be the result of non-optimal XDC constraints or non-optimal design architecture
Related violations: <none>

TIMING-16#983 Warning
Large setup violation  
There is a large setup violation of -3.674 ns between cpu/u_pc/pc_reg[18]/C (clocked by sys_clk) and cpu/u_dmem/ram_reg_0_255_23_23/RAMS64E_C/WE (clocked by sys_clk). Large setup violations at the end of those stages might be difficult to fix during the post-placement implementation flow and could be the result of non-optimal XDC constraints or non-optimal design architecture
Related violations: <none>

TIMING-16#984 Warning
Large setup violation  
There is a large setup violation of -3.674 ns between cpu/u_pc/pc_reg[18]/C (clocked by sys_clk) and cpu/u_dmem/ram_reg_0_255_23_23/RAMS64E_D/WE (clocked by sys_clk). Large setup violations at the end of those stages might be difficult to fix during the post-placement implementation flow and could be the result of non-optimal XDC constraints or non-optimal design architecture
Related violations: <none>

TIMING-16#985 Warning
Large setup violation  
There is a large setup violation of -3.701 ns between cpu/u_pc/pc_reg[18]/C (clocked by sys_clk) and cpu/u_dmem/ram_reg_0_255_28_28/RAMS64E_A/WE (clocked by sys_clk). Large setup violations at the end of those stages might be difficult to fix during the post-placement implementation flow and could be the result of non-optimal XDC constraints or non-optimal design architecture
Related violations: <none>

TIMING-16#986 Warning
Large setup violation  
There is a large setup violation of -3.701 ns between cpu/u_pc/pc_reg[18]/C (clocked by sys_clk) and cpu/u_dmem/ram_reg_0_255_28_28/RAMS64E_B/WE (clocked by sys_clk). Large setup violations at the end of those stages might be difficult to fix during the post-placement implementation flow and could be the result of non-optimal XDC constraints or non-optimal design architecture
Related violations: <none>

TIMING-16#987 Warning
Large setup violation  
There is a large setup violation of -3.701 ns between cpu/u_pc/pc_reg[18]/C (clocked by sys_clk) and cpu/u_dmem/ram_reg_0_255_28_28/RAMS64E_C/WE (clocked by sys_clk). Large setup violations at the end of those stages might be difficult to fix during the post-placement implementation flow and could be the result of non-optimal XDC constraints or non-optimal design architecture
Related violations: <none>

TIMING-16#988 Warning
Large setup violation  
There is a large setup violation of -3.701 ns between cpu/u_pc/pc_reg[18]/C (clocked by sys_clk) and cpu/u_dmem/ram_reg_0_255_28_28/RAMS64E_D/WE (clocked by sys_clk). Large setup violations at the end of those stages might be difficult to fix during the post-placement implementation flow and could be the result of non-optimal XDC constraints or non-optimal design architecture
Related violations: <none>

TIMING-16#989 Warning
Large setup violation  
There is a large setup violation of -3.703 ns between cpu/u_pc/pc_reg[18]/C (clocked by sys_clk) and cpu/u_dmem/ram_reg_0_255_18_18/RAMS64E_A/WE (clocked by sys_clk). Large setup violations at the end of those stages might be difficult to fix during the post-placement implementation flow and could be the result of non-optimal XDC constraints or non-optimal design architecture
Related violations: <none>

TIMING-16#990 Warning
Large setup violation  
There is a large setup violation of -3.703 ns between cpu/u_pc/pc_reg[18]/C (clocked by sys_clk) and cpu/u_dmem/ram_reg_0_255_18_18/RAMS64E_B/WE (clocked by sys_clk). Large setup violations at the end of those stages might be difficult to fix during the post-placement implementation flow and could be the result of non-optimal XDC constraints or non-optimal design architecture
Related violations: <none>

TIMING-16#991 Warning
Large setup violation  
There is a large setup violation of -3.703 ns between cpu/u_pc/pc_reg[18]/C (clocked by sys_clk) and cpu/u_dmem/ram_reg_0_255_18_18/RAMS64E_C/WE (clocked by sys_clk). Large setup violations at the end of those stages might be difficult to fix during the post-placement implementation flow and could be the result of non-optimal XDC constraints or non-optimal design architecture
Related violations: <none>

TIMING-16#992 Warning
Large setup violation  
There is a large setup violation of -3.703 ns between cpu/u_pc/pc_reg[18]/C (clocked by sys_clk) and cpu/u_dmem/ram_reg_0_255_18_18/RAMS64E_D/WE (clocked by sys_clk). Large setup violations at the end of those stages might be difficult to fix during the post-placement implementation flow and could be the result of non-optimal XDC constraints or non-optimal design architecture
Related violations: <none>

TIMING-16#993 Warning
Large setup violation  
There is a large setup violation of -3.723 ns between cpu/u_pc/pc_reg[18]/C (clocked by sys_clk) and cpu/u_dmem/ram_reg_0_255_0_0/RAMS64E_A/WE (clocked by sys_clk). Large setup violations at the end of those stages might be difficult to fix during the post-placement implementation flow and could be the result of non-optimal XDC constraints or non-optimal design architecture
Related violations: <none>

TIMING-16#994 Warning
Large setup violation  
There is a large setup violation of -3.723 ns between cpu/u_pc/pc_reg[18]/C (clocked by sys_clk) and cpu/u_dmem/ram_reg_0_255_0_0/RAMS64E_B/WE (clocked by sys_clk). Large setup violations at the end of those stages might be difficult to fix during the post-placement implementation flow and could be the result of non-optimal XDC constraints or non-optimal design architecture
Related violations: <none>

TIMING-16#995 Warning
Large setup violation  
There is a large setup violation of -3.723 ns between cpu/u_pc/pc_reg[18]/C (clocked by sys_clk) and cpu/u_dmem/ram_reg_0_255_0_0/RAMS64E_C/WE (clocked by sys_clk). Large setup violations at the end of those stages might be difficult to fix during the post-placement implementation flow and could be the result of non-optimal XDC constraints or non-optimal design architecture
Related violations: <none>

TIMING-16#996 Warning
Large setup violation  
There is a large setup violation of -3.723 ns between cpu/u_pc/pc_reg[18]/C (clocked by sys_clk) and cpu/u_dmem/ram_reg_0_255_0_0/RAMS64E_D/WE (clocked by sys_clk). Large setup violations at the end of those stages might be difficult to fix during the post-placement implementation flow and could be the result of non-optimal XDC constraints or non-optimal design architecture
Related violations: <none>

TIMING-16#997 Warning
Large setup violation  
There is a large setup violation of -3.842 ns between cpu/u_pc/pc_reg[18]/C (clocked by sys_clk) and cpu/u_dmem/ram_reg_0_255_10_10/RAMS64E_A/WE (clocked by sys_clk). Large setup violations at the end of those stages might be difficult to fix during the post-placement implementation flow and could be the result of non-optimal XDC constraints or non-optimal design architecture
Related violations: <none>

TIMING-16#998 Warning
Large setup violation  
There is a large setup violation of -3.842 ns between cpu/u_pc/pc_reg[18]/C (clocked by sys_clk) and cpu/u_dmem/ram_reg_0_255_10_10/RAMS64E_B/WE (clocked by sys_clk). Large setup violations at the end of those stages might be difficult to fix during the post-placement implementation flow and could be the result of non-optimal XDC constraints or non-optimal design architecture
Related violations: <none>

TIMING-16#999 Warning
Large setup violation  
There is a large setup violation of -3.842 ns between cpu/u_pc/pc_reg[18]/C (clocked by sys_clk) and cpu/u_dmem/ram_reg_0_255_10_10/RAMS64E_C/WE (clocked by sys_clk). Large setup violations at the end of those stages might be difficult to fix during the post-placement implementation flow and could be the result of non-optimal XDC constraints or non-optimal design architecture
Related violations: <none>

TIMING-16#1000 Warning
Large setup violation  
There is a large setup violation of -3.842 ns between cpu/u_pc/pc_reg[18]/C (clocked by sys_clk) and cpu/u_dmem/ram_reg_0_255_10_10/RAMS64E_D/WE (clocked by sys_clk). Large setup violations at the end of those stages might be difficult to fix during the post-placement implementation flow and could be the result of non-optimal XDC constraints or non-optimal design architecture
Related violations: <none>

TIMING-18#1 Warning
Missing input or output delay  
An input delay is missing on I_rst_n relative to clock(s) sys_clk
Related violations: <none>

TIMING-18#2 Warning
Missing input or output delay  
An output delay is missing on O_led[0] relative to clock(s) sys_clk
Related violations: <none>

TIMING-18#3 Warning
Missing input or output delay  
An output delay is missing on O_led[1] relative to clock(s) sys_clk
Related violations: <none>

TIMING-18#4 Warning
Missing input or output delay  
An output delay is missing on O_led[2] relative to clock(s) sys_clk
Related violations: <none>

TIMING-18#5 Warning
Missing input or output delay  
An output delay is missing on O_led[3] relative to clock(s) sys_clk
Related violations: <none>

TIMING-18#6 Warning
Missing input or output delay  
An output delay is missing on O_led[4] relative to clock(s) sys_clk
Related violations: <none>

TIMING-18#7 Warning
Missing input or output delay  
An output delay is missing on O_led[5] relative to clock(s) sys_clk
Related violations: <none>

TIMING-18#8 Warning
Missing input or output delay  
An output delay is missing on O_led[6] relative to clock(s) sys_clk
Related violations: <none>

TIMING-18#9 Warning
Missing input or output delay  
An output delay is missing on O_led_high[0] relative to clock(s) sys_clk
Related violations: <none>

TIMING-18#10 Warning
Missing input or output delay  
An output delay is missing on O_led_high[1] relative to clock(s) sys_clk
Related violations: <none>

TIMING-18#11 Warning
Missing input or output delay  
An output delay is missing on O_led_high[2] relative to clock(s) sys_clk
Related violations: <none>

TIMING-18#12 Warning
Missing input or output delay  
An output delay is missing on O_led_high[3] relative to clock(s) sys_clk
Related violations: <none>

TIMING-18#13 Warning
Missing input or output delay  
An output delay is missing on O_led_high[4] relative to clock(s) sys_clk
Related violations: <none>

TIMING-18#14 Warning
Missing input or output delay  
An output delay is missing on O_led_high[5] relative to clock(s) sys_clk
Related violations: <none>

TIMING-18#15 Warning
Missing input or output delay  
An output delay is missing on O_led_high[6] relative to clock(s) sys_clk
Related violations: <none>

TIMING-18#16 Warning
Missing input or output delay  
An output delay is missing on O_px[0] relative to clock(s) sys_clk
Related violations: <none>

TIMING-18#17 Warning
Missing input or output delay  
An output delay is missing on O_px[1] relative to clock(s) sys_clk
Related violations: <none>

TIMING-18#18 Warning
Missing input or output delay  
An output delay is missing on O_px[2] relative to clock(s) sys_clk
Related violations: <none>

TIMING-18#19 Warning
Missing input or output delay  
An output delay is missing on O_px[3] relative to clock(s) sys_clk
Related violations: <none>

TIMING-18#20 Warning
Missing input or output delay  
An output delay is missing on O_px[4] relative to clock(s) sys_clk
Related violations: <none>

TIMING-18#21 Warning
Missing input or output delay  
An output delay is missing on O_px[5] relative to clock(s) sys_clk
Related violations: <none>

TIMING-18#22 Warning
Missing input or output delay  
An output delay is missing on O_px[6] relative to clock(s) sys_clk
Related violations: <none>

TIMING-18#23 Warning
Missing input or output delay  
An output delay is missing on O_px[7] relative to clock(s) sys_clk
Related violations: <none>


