Copyright 1986-2019 Xilinx, Inc. All Rights Reserved.
--------------------------------------------------------------------------------------------------------------------------------------------------------------------------------
| Tool Version : Vivado v.2019.2 (win64) Build 2708876 Wed Nov  6 21:40:23 MST 2019
| Date         : Tue Sep  8 15:24:14 2026
| Host         : liuxinhao running 64-bit major release  (build 9200)
| Command      : report_timing_summary -max_paths 10 -file top_timing_summary_routed.rpt -pb top_timing_summary_routed.pb -rpx top_timing_summary_routed.rpx -warn_on_violation
| Design       : top
| Device       : 7a35t-csg324
| Speed File   : -1  PRODUCTION 1.23 2018-06-13
--------------------------------------------------------------------------------------------------------------------------------------------------------------------------------

Timing Summary Report

------------------------------------------------------------------------------------------------
| Timer Settings
| --------------
------------------------------------------------------------------------------------------------

  Enable Multi Corner Analysis               :  Yes
  Enable Pessimism Removal                   :  Yes
  Pessimism Removal Resolution               :  Nearest Common Node
  Enable Input Delay Default Clock           :  No
  Enable Preset / Clear Arcs                 :  No
  Disable Flight Delays                      :  No
  Ignore I/O Paths                           :  No
  Timing Early Launch at Borrowing Latches   :  No
  Borrow Time for Max Delay Exceptions       :  Yes
  Merge Timing Exceptions                    :  Yes

  Corner  Analyze    Analyze    
  Name    Max Paths  Min Paths  
  ------  ---------  ---------  
  Slow    Yes        Yes        
  Fast    Yes        Yes        



check_timing report

Table of Contents
-----------------
1. checking no_clock
2. checking constant_clock
3. checking pulse_width_clock
4. checking unconstrained_internal_endpoints
5. checking no_input_delay
6. checking no_output_delay
7. checking multiple_clock
8. checking generated_clocks
9. checking loops
10. checking partial_input_delay
11. checking partial_output_delay
12. checking latch_loops

1. checking no_clock
--------------------
 There are 0 register/latch pins with no clock.


2. checking constant_clock
--------------------------
 There are 0 register/latch pins with constant_clock.


3. checking pulse_width_clock
-----------------------------
 There are 0 register/latch pins which need pulse_width check


4. checking unconstrained_internal_endpoints
--------------------------------------------
 There are 0 pins that are not constrained for maximum delay.

 There are 0 pins that are not constrained for maximum delay due to constant clock.


5. checking no_input_delay
--------------------------
 There is 1 input port with no input delay specified. (HIGH)

 There are 0 input ports with no input delay but user has a false path constraint.


6. checking no_output_delay
---------------------------
 There are 22 ports with no output delay specified. (HIGH)

 There are 0 ports with no output delay but user has a false path constraint

 There are 0 ports with no output delay but with a timing clock defined on it or propagating through it


7. checking multiple_clock
--------------------------
 There are 0 register/latch pins with multiple clocks.


8. checking generated_clocks
----------------------------
 There are 0 generated clocks that are not connected to a clock source.


9. checking loops
-----------------
 There are 0 combinational loops in the design.


10. checking partial_input_delay
--------------------------------
 There are 0 input ports with partial input delay specified.


11. checking partial_output_delay
---------------------------------
 There are 0 ports with partial output delay specified.


12. checking latch_loops
------------------------
 There are 0 combinational latch loops in the design through latch input



------------------------------------------------------------------------------------------------
| Design Timing Summary
| ---------------------
------------------------------------------------------------------------------------------------

    WNS(ns)      TNS(ns)  TNS Failing Endpoints  TNS Total Endpoints      WHS(ns)      THS(ns)  THS Failing Endpoints  THS Total Endpoints     WPWS(ns)     TPWS(ns)  TPWS Failing Endpoints  TPWS Total Endpoints  
    -------      -------  ---------------------  -------------------      -------      -------  ---------------------  -------------------     --------     --------  ----------------------  --------------------  
      0.122        0.000                      0                 7704        0.095        0.000                      0                 7704        3.750        0.000                       0                  2011  


All user specified timing constraints are met.


------------------------------------------------------------------------------------------------
| Clock Summary
| -------------
------------------------------------------------------------------------------------------------

Clock    Waveform(ns)       Period(ns)      Frequency(MHz)
-----    ------------       ----------      --------------
sys_clk  {0.000 5.000}      10.000          100.000         


------------------------------------------------------------------------------------------------
| Intra Clock Table
| -----------------
------------------------------------------------------------------------------------------------

Clock             WNS(ns)      TNS(ns)  TNS Failing Endpoints  TNS Total Endpoints      WHS(ns)      THS(ns)  THS Failing Endpoints  THS Total Endpoints     WPWS(ns)     TPWS(ns)  TPWS Failing Endpoints  TPWS Total Endpoints  
-----             -------      -------  ---------------------  -------------------      -------      -------  ---------------------  -------------------     --------     --------  ----------------------  --------------------  
sys_clk             0.122        0.000                      0                 5952        0.095        0.000                      0                 5952        3.750        0.000                       0                  2011  


------------------------------------------------------------------------------------------------
| Inter Clock Table
| -----------------
------------------------------------------------------------------------------------------------

From Clock    To Clock          WNS(ns)      TNS(ns)  TNS Failing Endpoints  TNS Total Endpoints      WHS(ns)      THS(ns)  THS Failing Endpoints  THS Total Endpoints  
----------    --------          -------      -------  ---------------------  -------------------      -------      -------  ---------------------  -------------------  


------------------------------------------------------------------------------------------------
| Other Path Groups Table
| -----------------------
------------------------------------------------------------------------------------------------

Path Group         From Clock         To Clock               WNS(ns)      TNS(ns)  TNS Failing Endpoints  TNS Total Endpoints      WHS(ns)      THS(ns)  THS Failing Endpoints  THS Total Endpoints  
----------         ----------         --------               -------      -------  ---------------------  -------------------      -------      -------  ---------------------  -------------------  
**async_default**  sys_clk            sys_clk                  1.333        0.000                      0                 1752        0.940        0.000                      0                 1752  


------------------------------------------------------------------------------------------------
| Timing Details
| --------------
------------------------------------------------------------------------------------------------


---------------------------------------------------------------------------------------------------
From Clock:  sys_clk
  To Clock:  sys_clk

Setup :            0  Failing Endpoints,  Worst Slack        0.122ns,  Total Violation        0.000ns
Hold  :            0  Failing Endpoints,  Worst Slack        0.095ns,  Total Violation        0.000ns
PW    :            0  Failing Endpoints,  Worst Slack        3.750ns,  Total Violation        0.000ns
---------------------------------------------------------------------------------------------------


Max Delay Paths
--------------------------------------------------------------------------------------
Slack (MET) :             0.122ns  (required time - arrival time)
  Source:                 gen_pipeline_cpu.cpu/u_ex_mem/reg_we_out_reg/C
                            (rising edge-triggered cell FDCE clocked by sys_clk  {rise@0.000ns fall@5.000ns period=10.000ns})
  Destination:            gen_pipeline_cpu.cpu/instr_e_reg[15]/D
                            (rising edge-triggered cell FDCE clocked by sys_clk  {rise@0.000ns fall@5.000ns period=10.000ns})
  Path Group:             sys_clk
  Path Type:              Setup (Max at Slow Process Corner)
  Requirement:            10.000ns  (sys_clk rise@10.000ns - sys_clk rise@0.000ns)
  Data Path Delay:        9.852ns  (logic 2.511ns (25.486%)  route 7.341ns (74.513%))
  Logic Levels:           11  (CARRY4=3 LUT2=2 LUT3=1 LUT6=5)
  Clock Path Skew:        -0.021ns (DCD - SCD + CPR)
    Destination Clock Delay (DCD):    4.805ns = ( 14.805 - 10.000 ) 
    Source Clock Delay      (SCD):    5.098ns
    Clock Pessimism Removal (CPR):    0.272ns
  Clock Uncertainty:      0.035ns  ((TSJ^2 + TIJ^2)^1/2 + DJ) / 2 + PE
    Total System Jitter     (TSJ):    0.071ns
    Total Input Jitter      (TIJ):    0.000ns
    Discrete Jitter          (DJ):    0.000ns
    Phase Error              (PE):    0.000ns

    Location             Delay type                Incr(ns)  Path(ns)    Netlist Resource(s)
  -------------------------------------------------------------------    -------------------
                         (clock sys_clk rise edge)    0.000     0.000 r  
    T5                                                0.000     0.000 r  I_clk (IN)
                         net (fo=0)                   0.000     0.000    I_clk
    T5                   IBUF (Prop_ibuf_I_O)         1.486     1.486 r  I_clk_IBUF_inst/O
                         net (fo=1, routed)           1.967     3.452    I_clk_IBUF
    BUFGCTRL_X0Y0        BUFG (Prop_bufg_I_O)         0.096     3.548 r  I_clk_IBUF_BUFG_inst/O
                         net (fo=2010, routed)        1.550     5.098    gen_pipeline_cpu.cpu/u_ex_mem/I_clk_IBUF_BUFG
    SLICE_X55Y82         FDCE                                         r  gen_pipeline_cpu.cpu/u_ex_mem/reg_we_out_reg/C
  -------------------------------------------------------------------    -------------------
    SLICE_X55Y82         FDCE (Prop_fdce_C_Q)         0.456     5.554 f  gen_pipeline_cpu.cpu/u_ex_mem/reg_we_out_reg/Q
                         net (fo=2, routed)           0.823     6.378    gen_pipeline_cpu.cpu/u_ex_mem/reg_we_in
    SLICE_X55Y83         LUT6 (Prop_lut6_I0_O)        0.124     6.502 f  gen_pipeline_cpu.cpu/u_ex_mem/store_out[31]_i_6/O
                         net (fo=6, routed)           0.984     7.486    gen_pipeline_cpu.cpu/u_ex_mem/p_7_in
    SLICE_X53Y84         LUT6 (Prop_lut6_I1_O)        0.124     7.610 f  gen_pipeline_cpu.cpu/u_ex_mem/alu_y_out[10]_i_10/O
                         net (fo=32, routed)          1.155     8.765    gen_pipeline_cpu.cpu/u_ex_mem/alu_y_out[10]_i_10_n_0
    SLICE_X55Y79         LUT6 (Prop_lut6_I3_O)        0.124     8.889 r  gen_pipeline_cpu.cpu/u_ex_mem/wb_val_out[3]_i_10/O
                         net (fo=26, routed)          0.873     9.762    gen_pipeline_cpu.cpu/u_ex_mem/fwd_a[1]
    SLICE_X53Y78         LUT6 (Prop_lut6_I5_O)        0.124     9.886 r  gen_pipeline_cpu.cpu/u_ex_mem/pc_out[31]_i_56/O
                         net (fo=1, routed)           0.000     9.886    gen_pipeline_cpu.cpu/u_ex_mem/pc_out[31]_i_56_n_0
    SLICE_X53Y78         CARRY4 (Prop_carry4_S[0]_CO[3])
                                                      0.532    10.418 r  gen_pipeline_cpu.cpu/u_ex_mem/pc_out_reg[31]_i_34/CO[3]
                         net (fo=1, routed)           0.000    10.418    gen_pipeline_cpu.cpu/u_ex_mem/pc_out_reg[31]_i_34_n_0
    SLICE_X53Y79         CARRY4 (Prop_carry4_CI_CO[3])
                                                      0.114    10.532 r  gen_pipeline_cpu.cpu/u_ex_mem/pc_out_reg[31]_i_17/CO[3]
                         net (fo=1, routed)           0.000    10.532    gen_pipeline_cpu.cpu/u_ex_mem/pc_out_reg[31]_i_17_n_0
    SLICE_X53Y80         CARRY4 (Prop_carry4_CI_CO[2])
                                                      0.228    10.760 f  gen_pipeline_cpu.cpu/u_ex_mem/pc_out_reg[31]_i_10/CO[2]
                         net (fo=1, routed)           0.829    11.589    gen_pipeline_cpu.cpu/u_ex_mem/u_br_unit/data0
    SLICE_X54Y81         LUT6 (Prop_lut6_I0_O)        0.313    11.902 f  gen_pipeline_cpu.cpu/u_ex_mem/pc_out[31]_i_6__0/O
                         net (fo=2, routed)           0.318    12.221    gen_pipeline_cpu.cpu/u_id_ex/pc_reg[0]
    SLICE_X54Y79         LUT3 (Prop_lut3_I0_O)        0.124    12.345 f  gen_pipeline_cpu.cpu/u_id_ex/pc_out[31]_i_4/O
                         net (fo=98, routed)          1.017    13.362    gen_pipeline_cpu.cpu/u_id_ex/ex_redirect
    SLICE_X47Y81         LUT2 (Prop_lut2_I0_O)        0.124    13.486 f  gen_pipeline_cpu.cpu/u_id_ex/pc_out[31]_i_6/O
                         net (fo=99, routed)          1.341    14.827    gen_pipeline_cpu.cpu/u_if_id/pc4_out_reg[29]
    SLICE_X55Y86         LUT2 (Prop_lut2_I1_O)        0.124    14.951 r  gen_pipeline_cpu.cpu/u_if_id/instr_e[15]_i_1/O
                         net (fo=1, routed)           0.000    14.951    gen_pipeline_cpu.cpu/u_if_id_n_37
    SLICE_X55Y86         FDCE                                         r  gen_pipeline_cpu.cpu/instr_e_reg[15]/D
  -------------------------------------------------------------------    -------------------

                         (clock sys_clk rise edge)   10.000    10.000 r  
    T5                                                0.000    10.000 r  I_clk (IN)
                         net (fo=0)                   0.000    10.000    I_clk
    T5                   IBUF (Prop_ibuf_I_O)         1.415    11.415 r  I_clk_IBUF_inst/O
                         net (fo=1, routed)           1.862    13.277    I_clk_IBUF
    BUFGCTRL_X0Y0        BUFG (Prop_bufg_I_O)         0.091    13.368 r  I_clk_IBUF_BUFG_inst/O
                         net (fo=2010, routed)        1.437    14.805    gen_pipeline_cpu.cpu/I_clk_IBUF_BUFG
    SLICE_X55Y86         FDCE                                         r  gen_pipeline_cpu.cpu/instr_e_reg[15]/C
                         clock pessimism              0.272    15.077    
                         clock uncertainty           -0.035    15.042    
    SLICE_X55Y86         FDCE (Setup_fdce_C_D)        0.031    15.073    gen_pipeline_cpu.cpu/instr_e_reg[15]
  -------------------------------------------------------------------
                         required time                         15.073    
                         arrival time                         -14.951    
  -------------------------------------------------------------------
                         slack                                  0.122    

Slack (MET) :             0.171ns  (required time - arrival time)
  Source:                 gen_pipeline_cpu.cpu/u_ex_mem/reg_we_out_reg/C
                            (rising edge-triggered cell FDCE clocked by sys_clk  {rise@0.000ns fall@5.000ns period=10.000ns})
  Destination:            gen_pipeline_cpu.cpu/u_id_ex/pc_out_reg[28]/D
                            (rising edge-triggered cell FDCE clocked by sys_clk  {rise@0.000ns fall@5.000ns period=10.000ns})
  Path Group:             sys_clk
  Path Type:              Setup (Max at Slow Process Corner)
  Requirement:            10.000ns  (sys_clk rise@10.000ns - sys_clk rise@0.000ns)
  Data Path Delay:        9.847ns  (logic 2.506ns (25.449%)  route 7.341ns (74.551%))
  Logic Levels:           11  (CARRY4=3 LUT2=2 LUT3=1 LUT6=5)
  Clock Path Skew:        -0.021ns (DCD - SCD + CPR)
    Destination Clock Delay (DCD):    4.805ns = ( 14.805 - 10.000 ) 
    Source Clock Delay      (SCD):    5.098ns
    Clock Pessimism Removal (CPR):    0.272ns
  Clock Uncertainty:      0.035ns  ((TSJ^2 + TIJ^2)^1/2 + DJ) / 2 + PE
    Total System Jitter     (TSJ):    0.071ns
    Total Input Jitter      (TIJ):    0.000ns
    Discrete Jitter          (DJ):    0.000ns
    Phase Error              (PE):    0.000ns

    Location             Delay type                Incr(ns)  Path(ns)    Netlist Resource(s)
  -------------------------------------------------------------------    -------------------
                         (clock sys_clk rise edge)    0.000     0.000 r  
    T5                                                0.000     0.000 r  I_clk (IN)
                         net (fo=0)                   0.000     0.000    I_clk
    T5                   IBUF (Prop_ibuf_I_O)         1.486     1.486 r  I_clk_IBUF_inst/O
                         net (fo=1, routed)           1.967     3.452    I_clk_IBUF
    BUFGCTRL_X0Y0        BUFG (Prop_bufg_I_O)         0.096     3.548 r  I_clk_IBUF_BUFG_inst/O
                         net (fo=2010, routed)        1.550     5.098    gen_pipeline_cpu.cpu/u_ex_mem/I_clk_IBUF_BUFG
    SLICE_X55Y82         FDCE                                         r  gen_pipeline_cpu.cpu/u_ex_mem/reg_we_out_reg/C
  -------------------------------------------------------------------    -------------------
    SLICE_X55Y82         FDCE (Prop_fdce_C_Q)         0.456     5.554 f  gen_pipeline_cpu.cpu/u_ex_mem/reg_we_out_reg/Q
                         net (fo=2, routed)           0.823     6.378    gen_pipeline_cpu.cpu/u_ex_mem/reg_we_in
    SLICE_X55Y83         LUT6 (Prop_lut6_I0_O)        0.124     6.502 f  gen_pipeline_cpu.cpu/u_ex_mem/store_out[31]_i_6/O
                         net (fo=6, routed)           0.984     7.486    gen_pipeline_cpu.cpu/u_ex_mem/p_7_in
    SLICE_X53Y84         LUT6 (Prop_lut6_I1_O)        0.124     7.610 f  gen_pipeline_cpu.cpu/u_ex_mem/alu_y_out[10]_i_10/O
                         net (fo=32, routed)          1.155     8.765    gen_pipeline_cpu.cpu/u_ex_mem/alu_y_out[10]_i_10_n_0
    SLICE_X55Y79         LUT6 (Prop_lut6_I3_O)        0.124     8.889 r  gen_pipeline_cpu.cpu/u_ex_mem/wb_val_out[3]_i_10/O
                         net (fo=26, routed)          0.873     9.762    gen_pipeline_cpu.cpu/u_ex_mem/fwd_a[1]
    SLICE_X53Y78         LUT6 (Prop_lut6_I5_O)        0.124     9.886 r  gen_pipeline_cpu.cpu/u_ex_mem/pc_out[31]_i_56/O
                         net (fo=1, routed)           0.000     9.886    gen_pipeline_cpu.cpu/u_ex_mem/pc_out[31]_i_56_n_0
    SLICE_X53Y78         CARRY4 (Prop_carry4_S[0]_CO[3])
                                                      0.532    10.418 r  gen_pipeline_cpu.cpu/u_ex_mem/pc_out_reg[31]_i_34/CO[3]
                         net (fo=1, routed)           0.000    10.418    gen_pipeline_cpu.cpu/u_ex_mem/pc_out_reg[31]_i_34_n_0
    SLICE_X53Y79         CARRY4 (Prop_carry4_CI_CO[3])
                                                      0.114    10.532 r  gen_pipeline_cpu.cpu/u_ex_mem/pc_out_reg[31]_i_17/CO[3]
                         net (fo=1, routed)           0.000    10.532    gen_pipeline_cpu.cpu/u_ex_mem/pc_out_reg[31]_i_17_n_0
    SLICE_X53Y80         CARRY4 (Prop_carry4_CI_CO[2])
                                                      0.228    10.760 f  gen_pipeline_cpu.cpu/u_ex_mem/pc_out_reg[31]_i_10/CO[2]
                         net (fo=1, routed)           0.829    11.589    gen_pipeline_cpu.cpu/u_ex_mem/u_br_unit/data0
    SLICE_X54Y81         LUT6 (Prop_lut6_I0_O)        0.313    11.902 f  gen_pipeline_cpu.cpu/u_ex_mem/pc_out[31]_i_6__0/O
                         net (fo=2, routed)           0.318    12.221    gen_pipeline_cpu.cpu/u_id_ex/pc_reg[0]
    SLICE_X54Y79         LUT3 (Prop_lut3_I0_O)        0.124    12.345 f  gen_pipeline_cpu.cpu/u_id_ex/pc_out[31]_i_4/O
                         net (fo=98, routed)          1.017    13.362    gen_pipeline_cpu.cpu/u_id_ex/ex_redirect
    SLICE_X47Y81         LUT2 (Prop_lut2_I0_O)        0.124    13.486 f  gen_pipeline_cpu.cpu/u_id_ex/pc_out[31]_i_6/O
                         net (fo=99, routed)          1.341    14.827    gen_pipeline_cpu.cpu/u_if_id/pc4_out_reg[29]
    SLICE_X55Y86         LUT2 (Prop_lut2_I1_O)        0.119    14.946 r  gen_pipeline_cpu.cpu/u_if_id/pc_out[28]_i_1__0/O
                         net (fo=1, routed)           0.000    14.946    gen_pipeline_cpu.cpu/u_id_ex/D[27]
    SLICE_X55Y86         FDCE                                         r  gen_pipeline_cpu.cpu/u_id_ex/pc_out_reg[28]/D
  -------------------------------------------------------------------    -------------------

                         (clock sys_clk rise edge)   10.000    10.000 r  
    T5                                                0.000    10.000 r  I_clk (IN)
                         net (fo=0)                   0.000    10.000    I_clk
    T5                   IBUF (Prop_ibuf_I_O)         1.415    11.415 r  I_clk_IBUF_inst/O
                         net (fo=1, routed)           1.862    13.277    I_clk_IBUF
    BUFGCTRL_X0Y0        BUFG (Prop_bufg_I_O)         0.091    13.368 r  I_clk_IBUF_BUFG_inst/O
                         net (fo=2010, routed)        1.437    14.805    gen_pipeline_cpu.cpu/u_id_ex/I_clk_IBUF_BUFG
    SLICE_X55Y86         FDCE                                         r  gen_pipeline_cpu.cpu/u_id_ex/pc_out_reg[28]/C
                         clock pessimism              0.272    15.077    
                         clock uncertainty           -0.035    15.042    
    SLICE_X55Y86         FDCE (Setup_fdce_C_D)        0.075    15.117    gen_pipeline_cpu.cpu/u_id_ex/pc_out_reg[28]
  -------------------------------------------------------------------
                         required time                         15.117    
                         arrival time                         -14.946    
  -------------------------------------------------------------------
                         slack                                  0.171    

Slack (MET) :             0.194ns  (required time - arrival time)
  Source:                 gen_pipeline_cpu.cpu/u_ex_mem/reg_we_out_reg/C
                            (rising edge-triggered cell FDCE clocked by sys_clk  {rise@0.000ns fall@5.000ns period=10.000ns})
  Destination:            gen_pipeline_cpu.cpu/u_pc/pc_reg[30]/D
                            (rising edge-triggered cell FDCE clocked by sys_clk  {rise@0.000ns fall@5.000ns period=10.000ns})
  Path Group:             sys_clk
  Path Type:              Setup (Max at Slow Process Corner)
  Requirement:            10.000ns  (sys_clk rise@10.000ns - sys_clk rise@0.000ns)
  Data Path Delay:        9.796ns  (logic 3.912ns (39.933%)  route 5.884ns (60.067%))
  Logic Levels:           18  (CARRY4=11 LUT3=1 LUT6=6)
  Clock Path Skew:        -0.036ns (DCD - SCD + CPR)
    Destination Clock Delay (DCD):    4.804ns = ( 14.804 - 10.000 ) 
    Source Clock Delay      (SCD):    5.098ns
    Clock Pessimism Removal (CPR):    0.258ns
  Clock Uncertainty:      0.035ns  ((TSJ^2 + TIJ^2)^1/2 + DJ) / 2 + PE
    Total System Jitter     (TSJ):    0.071ns
    Total Input Jitter      (TIJ):    0.000ns
    Discrete Jitter          (DJ):    0.000ns
    Phase Error              (PE):    0.000ns

    Location             Delay type                Incr(ns)  Path(ns)    Netlist Resource(s)
  -------------------------------------------------------------------    -------------------
                         (clock sys_clk rise edge)    0.000     0.000 r  
    T5                                                0.000     0.000 r  I_clk (IN)
                         net (fo=0)                   0.000     0.000    I_clk
    T5                   IBUF (Prop_ibuf_I_O)         1.486     1.486 r  I_clk_IBUF_inst/O
                         net (fo=1, routed)           1.967     3.452    I_clk_IBUF
    BUFGCTRL_X0Y0        BUFG (Prop_bufg_I_O)         0.096     3.548 r  I_clk_IBUF_BUFG_inst/O
                         net (fo=2010, routed)        1.550     5.098    gen_pipeline_cpu.cpu/u_ex_mem/I_clk_IBUF_BUFG
    SLICE_X55Y82         FDCE                                         r  gen_pipeline_cpu.cpu/u_ex_mem/reg_we_out_reg/C
  -------------------------------------------------------------------    -------------------
    SLICE_X55Y82         FDCE (Prop_fdce_C_Q)         0.456     5.554 f  gen_pipeline_cpu.cpu/u_ex_mem/reg_we_out_reg/Q
                         net (fo=2, routed)           0.823     6.378    gen_pipeline_cpu.cpu/u_ex_mem/reg_we_in
    SLICE_X55Y83         LUT6 (Prop_lut6_I0_O)        0.124     6.502 f  gen_pipeline_cpu.cpu/u_ex_mem/store_out[31]_i_6/O
                         net (fo=6, routed)           0.984     7.486    gen_pipeline_cpu.cpu/u_ex_mem/p_7_in
    SLICE_X53Y84         LUT6 (Prop_lut6_I1_O)        0.124     7.610 f  gen_pipeline_cpu.cpu/u_ex_mem/alu_y_out[10]_i_10/O
                         net (fo=32, routed)          1.155     8.765    gen_pipeline_cpu.cpu/u_ex_mem/alu_y_out[10]_i_10_n_0
    SLICE_X55Y79         LUT6 (Prop_lut6_I3_O)        0.124     8.889 r  gen_pipeline_cpu.cpu/u_ex_mem/wb_val_out[3]_i_10/O
                         net (fo=26, routed)          0.873     9.762    gen_pipeline_cpu.cpu/u_ex_mem/fwd_a[1]
    SLICE_X53Y78         LUT6 (Prop_lut6_I5_O)        0.124     9.886 r  gen_pipeline_cpu.cpu/u_ex_mem/pc_out[31]_i_56/O
                         net (fo=1, routed)           0.000     9.886    gen_pipeline_cpu.cpu/u_ex_mem/pc_out[31]_i_56_n_0
    SLICE_X53Y78         CARRY4 (Prop_carry4_S[0]_CO[3])
                                                      0.532    10.418 r  gen_pipeline_cpu.cpu/u_ex_mem/pc_out_reg[31]_i_34/CO[3]
                         net (fo=1, routed)           0.000    10.418    gen_pipeline_cpu.cpu/u_ex_mem/pc_out_reg[31]_i_34_n_0
    SLICE_X53Y79         CARRY4 (Prop_carry4_CI_CO[3])
                                                      0.114    10.532 r  gen_pipeline_cpu.cpu/u_ex_mem/pc_out_reg[31]_i_17/CO[3]
                         net (fo=1, routed)           0.000    10.532    gen_pipeline_cpu.cpu/u_ex_mem/pc_out_reg[31]_i_17_n_0
    SLICE_X53Y80         CARRY4 (Prop_carry4_CI_CO[2])
                                                      0.228    10.760 r  gen_pipeline_cpu.cpu/u_ex_mem/pc_out_reg[31]_i_10/CO[2]
                         net (fo=1, routed)           0.829    11.589    gen_pipeline_cpu.cpu/u_ex_mem/u_br_unit/data0
    SLICE_X54Y81         LUT6 (Prop_lut6_I0_O)        0.313    11.902 r  gen_pipeline_cpu.cpu/u_ex_mem/pc_out[31]_i_6__0/O
                         net (fo=2, routed)           0.318    12.221    gen_pipeline_cpu.cpu/u_id_ex/pc_reg[0]
    SLICE_X54Y79         LUT3 (Prop_lut3_I0_O)        0.124    12.345 r  gen_pipeline_cpu.cpu/u_id_ex/pc_out[31]_i_4/O
                         net (fo=98, routed)          0.578    12.923    gen_pipeline_cpu.cpu/u_id_ex/ex_redirect
    SLICE_X53Y77         LUT6 (Prop_lut6_I4_O)        0.124    13.047 r  gen_pipeline_cpu.cpu/u_id_ex/pc[1]_i_2/O
                         net (fo=1, routed)           0.323    13.370    gen_pipeline_cpu.cpu/u_id_ex/pc[1]_i_2_n_0
    SLICE_X51Y77         CARRY4 (Prop_carry4_DI[1]_CO[3])
                                                      0.507    13.877 r  gen_pipeline_cpu.cpu/u_id_ex/pc_reg[1]_i_1/CO[3]
                         net (fo=1, routed)           0.000    13.877    gen_pipeline_cpu.cpu/u_id_ex/pc_reg[1]_i_1_n_0
    SLICE_X51Y78         CARRY4 (Prop_carry4_CI_CO[3])
                                                      0.114    13.991 r  gen_pipeline_cpu.cpu/u_id_ex/pc_reg[5]_i_1/CO[3]
                         net (fo=1, routed)           0.000    13.991    gen_pipeline_cpu.cpu/u_id_ex/pc_reg[5]_i_1_n_0
    SLICE_X51Y79         CARRY4 (Prop_carry4_CI_CO[3])
                                                      0.114    14.105 r  gen_pipeline_cpu.cpu/u_id_ex/pc_reg[9]_i_1/CO[3]
                         net (fo=1, routed)           0.000    14.105    gen_pipeline_cpu.cpu/u_id_ex/pc_reg[9]_i_1_n_0
    SLICE_X51Y80         CARRY4 (Prop_carry4_CI_CO[3])
                                                      0.114    14.219 r  gen_pipeline_cpu.cpu/u_id_ex/pc_reg[13]_i_1/CO[3]
                         net (fo=1, routed)           0.000    14.219    gen_pipeline_cpu.cpu/u_id_ex/pc_reg[13]_i_1_n_0
    SLICE_X51Y81         CARRY4 (Prop_carry4_CI_CO[3])
                                                      0.114    14.333 r  gen_pipeline_cpu.cpu/u_id_ex/pc_reg[17]_i_1/CO[3]
                         net (fo=1, routed)           0.000    14.333    gen_pipeline_cpu.cpu/u_id_ex/pc_reg[17]_i_1_n_0
    SLICE_X51Y82         CARRY4 (Prop_carry4_CI_CO[3])
                                                      0.114    14.447 r  gen_pipeline_cpu.cpu/u_id_ex/pc_reg[21]_i_1/CO[3]
                         net (fo=1, routed)           0.000    14.447    gen_pipeline_cpu.cpu/u_id_ex/pc_reg[21]_i_1_n_0
    SLICE_X51Y83         CARRY4 (Prop_carry4_CI_CO[3])
                                                      0.114    14.561 r  gen_pipeline_cpu.cpu/u_id_ex/pc_reg[25]_i_1/CO[3]
                         net (fo=1, routed)           0.000    14.561    gen_pipeline_cpu.cpu/u_id_ex/pc_reg[25]_i_1_n_0
    SLICE_X51Y84         CARRY4 (Prop_carry4_CI_O[1])
                                                      0.334    14.895 r  gen_pipeline_cpu.cpu/u_id_ex/pc_reg[29]_i_1/O[1]
                         net (fo=1, routed)           0.000    14.895    gen_pipeline_cpu.cpu/u_pc/pc_reg[31]_2[1]
    SLICE_X51Y84         FDCE                                         r  gen_pipeline_cpu.cpu/u_pc/pc_reg[30]/D
  -------------------------------------------------------------------    -------------------

                         (clock sys_clk rise edge)   10.000    10.000 r  
    T5                                                0.000    10.000 r  I_clk (IN)
                         net (fo=0)                   0.000    10.000    I_clk
    T5                   IBUF (Prop_ibuf_I_O)         1.415    11.415 r  I_clk_IBUF_inst/O
                         net (fo=1, routed)           1.862    13.277    I_clk_IBUF
    BUFGCTRL_X0Y0        BUFG (Prop_bufg_I_O)         0.091    13.368 r  I_clk_IBUF_BUFG_inst/O
                         net (fo=2010, routed)        1.436    14.804    gen_pipeline_cpu.cpu/u_pc/I_clk_IBUF_BUFG
    SLICE_X51Y84         FDCE                                         r  gen_pipeline_cpu.cpu/u_pc/pc_reg[30]/C
                         clock pessimism              0.258    15.062    
                         clock uncertainty           -0.035    15.027    
    SLICE_X51Y84         FDCE (Setup_fdce_C_D)        0.062    15.089    gen_pipeline_cpu.cpu/u_pc/pc_reg[30]
  -------------------------------------------------------------------
                         required time                         15.089    
                         arrival time                         -14.895    
  -------------------------------------------------------------------
                         slack                                  0.194    

Slack (MET) :             0.234ns  (required time - arrival time)
  Source:                 gen_pipeline_cpu.cpu/u_ex_mem/reg_we_out_reg/C
                            (rising edge-triggered cell FDCE clocked by sys_clk  {rise@0.000ns fall@5.000ns period=10.000ns})
  Destination:            gen_pipeline_cpu.cpu/instr_e_reg[23]/D
                            (rising edge-triggered cell FDCE clocked by sys_clk  {rise@0.000ns fall@5.000ns period=10.000ns})
  Path Group:             sys_clk
  Path Type:              Setup (Max at Slow Process Corner)
  Requirement:            10.000ns  (sys_clk rise@10.000ns - sys_clk rise@0.000ns)
  Data Path Delay:        9.722ns  (logic 2.511ns (25.827%)  route 7.211ns (74.173%))
  Logic Levels:           11  (CARRY4=3 LUT2=2 LUT3=1 LUT6=5)
  Clock Path Skew:        -0.039ns (DCD - SCD + CPR)
    Destination Clock Delay (DCD):    4.801ns = ( 14.801 - 10.000 ) 
    Source Clock Delay      (SCD):    5.098ns
    Clock Pessimism Removal (CPR):    0.258ns
  Clock Uncertainty:      0.035ns  ((TSJ^2 + TIJ^2)^1/2 + DJ) / 2 + PE
    Total System Jitter     (TSJ):    0.071ns
    Total Input Jitter      (TIJ):    0.000ns
    Discrete Jitter          (DJ):    0.000ns
    Phase Error              (PE):    0.000ns

    Location             Delay type                Incr(ns)  Path(ns)    Netlist Resource(s)
  -------------------------------------------------------------------    -------------------
                         (clock sys_clk rise edge)    0.000     0.000 r  
    T5                                                0.000     0.000 r  I_clk (IN)
                         net (fo=0)                   0.000     0.000    I_clk
    T5                   IBUF (Prop_ibuf_I_O)         1.486     1.486 r  I_clk_IBUF_inst/O
                         net (fo=1, routed)           1.967     3.452    I_clk_IBUF
    BUFGCTRL_X0Y0        BUFG (Prop_bufg_I_O)         0.096     3.548 r  I_clk_IBUF_BUFG_inst/O
                         net (fo=2010, routed)        1.550     5.098    gen_pipeline_cpu.cpu/u_ex_mem/I_clk_IBUF_BUFG
    SLICE_X55Y82         FDCE                                         r  gen_pipeline_cpu.cpu/u_ex_mem/reg_we_out_reg/C
  -------------------------------------------------------------------    -------------------
    SLICE_X55Y82         FDCE (Prop_fdce_C_Q)         0.456     5.554 f  gen_pipeline_cpu.cpu/u_ex_mem/reg_we_out_reg/Q
                         net (fo=2, routed)           0.823     6.378    gen_pipeline_cpu.cpu/u_ex_mem/reg_we_in
    SLICE_X55Y83         LUT6 (Prop_lut6_I0_O)        0.124     6.502 f  gen_pipeline_cpu.cpu/u_ex_mem/store_out[31]_i_6/O
                         net (fo=6, routed)           0.984     7.486    gen_pipeline_cpu.cpu/u_ex_mem/p_7_in
    SLICE_X53Y84         LUT6 (Prop_lut6_I1_O)        0.124     7.610 f  gen_pipeline_cpu.cpu/u_ex_mem/alu_y_out[10]_i_10/O
                         net (fo=32, routed)          1.155     8.765    gen_pipeline_cpu.cpu/u_ex_mem/alu_y_out[10]_i_10_n_0
    SLICE_X55Y79         LUT6 (Prop_lut6_I3_O)        0.124     8.889 r  gen_pipeline_cpu.cpu/u_ex_mem/wb_val_out[3]_i_10/O
                         net (fo=26, routed)          0.873     9.762    gen_pipeline_cpu.cpu/u_ex_mem/fwd_a[1]
    SLICE_X53Y78         LUT6 (Prop_lut6_I5_O)        0.124     9.886 r  gen_pipeline_cpu.cpu/u_ex_mem/pc_out[31]_i_56/O
                         net (fo=1, routed)           0.000     9.886    gen_pipeline_cpu.cpu/u_ex_mem/pc_out[31]_i_56_n_0
    SLICE_X53Y78         CARRY4 (Prop_carry4_S[0]_CO[3])
                                                      0.532    10.418 r  gen_pipeline_cpu.cpu/u_ex_mem/pc_out_reg[31]_i_34/CO[3]
                         net (fo=1, routed)           0.000    10.418    gen_pipeline_cpu.cpu/u_ex_mem/pc_out_reg[31]_i_34_n_0
    SLICE_X53Y79         CARRY4 (Prop_carry4_CI_CO[3])
                                                      0.114    10.532 r  gen_pipeline_cpu.cpu/u_ex_mem/pc_out_reg[31]_i_17/CO[3]
                         net (fo=1, routed)           0.000    10.532    gen_pipeline_cpu.cpu/u_ex_mem/pc_out_reg[31]_i_17_n_0
    SLICE_X53Y80         CARRY4 (Prop_carry4_CI_CO[2])
                                                      0.228    10.760 f  gen_pipeline_cpu.cpu/u_ex_mem/pc_out_reg[31]_i_10/CO[2]
                         net (fo=1, routed)           0.829    11.589    gen_pipeline_cpu.cpu/u_ex_mem/u_br_unit/data0
    SLICE_X54Y81         LUT6 (Prop_lut6_I0_O)        0.313    11.902 f  gen_pipeline_cpu.cpu/u_ex_mem/pc_out[31]_i_6__0/O
                         net (fo=2, routed)           0.318    12.221    gen_pipeline_cpu.cpu/u_id_ex/pc_reg[0]
    SLICE_X54Y79         LUT3 (Prop_lut3_I0_O)        0.124    12.345 f  gen_pipeline_cpu.cpu/u_id_ex/pc_out[31]_i_4/O
                         net (fo=98, routed)          1.017    13.362    gen_pipeline_cpu.cpu/u_id_ex/ex_redirect
    SLICE_X47Y81         LUT2 (Prop_lut2_I0_O)        0.124    13.486 f  gen_pipeline_cpu.cpu/u_id_ex/pc_out[31]_i_6/O
                         net (fo=99, routed)          1.211    14.697    gen_pipeline_cpu.cpu/u_if_id/pc4_out_reg[29]
    SLICE_X57Y81         LUT2 (Prop_lut2_I1_O)        0.124    14.821 r  gen_pipeline_cpu.cpu/u_if_id/instr_e[23]_i_1/O
                         net (fo=1, routed)           0.000    14.821    gen_pipeline_cpu.cpu/u_if_id_n_45
    SLICE_X57Y81         FDCE                                         r  gen_pipeline_cpu.cpu/instr_e_reg[23]/D
  -------------------------------------------------------------------    -------------------

                         (clock sys_clk rise edge)   10.000    10.000 r  
    T5                                                0.000    10.000 r  I_clk (IN)
                         net (fo=0)                   0.000    10.000    I_clk
    T5                   IBUF (Prop_ibuf_I_O)         1.415    11.415 r  I_clk_IBUF_inst/O
                         net (fo=1, routed)           1.862    13.277    I_clk_IBUF
    BUFGCTRL_X0Y0        BUFG (Prop_bufg_I_O)         0.091    13.368 r  I_clk_IBUF_BUFG_inst/O
                         net (fo=2010, routed)        1.433    14.801    gen_pipeline_cpu.cpu/I_clk_IBUF_BUFG
    SLICE_X57Y81         FDCE                                         r  gen_pipeline_cpu.cpu/instr_e_reg[23]/C
                         clock pessimism              0.258    15.059    
                         clock uncertainty           -0.035    15.024    
    SLICE_X57Y81         FDCE (Setup_fdce_C_D)        0.031    15.055    gen_pipeline_cpu.cpu/instr_e_reg[23]
  -------------------------------------------------------------------
                         required time                         15.055    
                         arrival time                         -14.821    
  -------------------------------------------------------------------
                         slack                                  0.234    

Slack (MET) :             0.236ns  (required time - arrival time)
  Source:                 gen_pipeline_cpu.cpu/u_ex_mem/reg_we_out_reg/C
                            (rising edge-triggered cell FDCE clocked by sys_clk  {rise@0.000ns fall@5.000ns period=10.000ns})
  Destination:            gen_pipeline_cpu.cpu/instr_e_reg[21]/D
                            (rising edge-triggered cell FDCE clocked by sys_clk  {rise@0.000ns fall@5.000ns period=10.000ns})
  Path Group:             sys_clk
  Path Type:              Setup (Max at Slow Process Corner)
  Requirement:            10.000ns  (sys_clk rise@10.000ns - sys_clk rise@0.000ns)
  Data Path Delay:        9.718ns  (logic 2.511ns (25.838%)  route 7.207ns (74.162%))
  Logic Levels:           11  (CARRY4=3 LUT2=2 LUT3=1 LUT6=5)
  Clock Path Skew:        -0.039ns (DCD - SCD + CPR)
    Destination Clock Delay (DCD):    4.801ns = ( 14.801 - 10.000 ) 
    Source Clock Delay      (SCD):    5.098ns
    Clock Pessimism Removal (CPR):    0.258ns
  Clock Uncertainty:      0.035ns  ((TSJ^2 + TIJ^2)^1/2 + DJ) / 2 + PE
    Total System Jitter     (TSJ):    0.071ns
    Total Input Jitter      (TIJ):    0.000ns
    Discrete Jitter          (DJ):    0.000ns
    Phase Error              (PE):    0.000ns

    Location             Delay type                Incr(ns)  Path(ns)    Netlist Resource(s)
  -------------------------------------------------------------------    -------------------
                         (clock sys_clk rise edge)    0.000     0.000 r  
    T5                                                0.000     0.000 r  I_clk (IN)
                         net (fo=0)                   0.000     0.000    I_clk
    T5                   IBUF (Prop_ibuf_I_O)         1.486     1.486 r  I_clk_IBUF_inst/O
                         net (fo=1, routed)           1.967     3.452    I_clk_IBUF
    BUFGCTRL_X0Y0        BUFG (Prop_bufg_I_O)         0.096     3.548 r  I_clk_IBUF_BUFG_inst/O
                         net (fo=2010, routed)        1.550     5.098    gen_pipeline_cpu.cpu/u_ex_mem/I_clk_IBUF_BUFG
    SLICE_X55Y82         FDCE                                         r  gen_pipeline_cpu.cpu/u_ex_mem/reg_we_out_reg/C
  -------------------------------------------------------------------    -------------------
    SLICE_X55Y82         FDCE (Prop_fdce_C_Q)         0.456     5.554 f  gen_pipeline_cpu.cpu/u_ex_mem/reg_we_out_reg/Q
                         net (fo=2, routed)           0.823     6.378    gen_pipeline_cpu.cpu/u_ex_mem/reg_we_in
    SLICE_X55Y83         LUT6 (Prop_lut6_I0_O)        0.124     6.502 f  gen_pipeline_cpu.cpu/u_ex_mem/store_out[31]_i_6/O
                         net (fo=6, routed)           0.984     7.486    gen_pipeline_cpu.cpu/u_ex_mem/p_7_in
    SLICE_X53Y84         LUT6 (Prop_lut6_I1_O)        0.124     7.610 f  gen_pipeline_cpu.cpu/u_ex_mem/alu_y_out[10]_i_10/O
                         net (fo=32, routed)          1.155     8.765    gen_pipeline_cpu.cpu/u_ex_mem/alu_y_out[10]_i_10_n_0
    SLICE_X55Y79         LUT6 (Prop_lut6_I3_O)        0.124     8.889 r  gen_pipeline_cpu.cpu/u_ex_mem/wb_val_out[3]_i_10/O
                         net (fo=26, routed)          0.873     9.762    gen_pipeline_cpu.cpu/u_ex_mem/fwd_a[1]
    SLICE_X53Y78         LUT6 (Prop_lut6_I5_O)        0.124     9.886 r  gen_pipeline_cpu.cpu/u_ex_mem/pc_out[31]_i_56/O
                         net (fo=1, routed)           0.000     9.886    gen_pipeline_cpu.cpu/u_ex_mem/pc_out[31]_i_56_n_0
    SLICE_X53Y78         CARRY4 (Prop_carry4_S[0]_CO[3])
                                                      0.532    10.418 r  gen_pipeline_cpu.cpu/u_ex_mem/pc_out_reg[31]_i_34/CO[3]
                         net (fo=1, routed)           0.000    10.418    gen_pipeline_cpu.cpu/u_ex_mem/pc_out_reg[31]_i_34_n_0
    SLICE_X53Y79         CARRY4 (Prop_carry4_CI_CO[3])
                                                      0.114    10.532 r  gen_pipeline_cpu.cpu/u_ex_mem/pc_out_reg[31]_i_17/CO[3]
                         net (fo=1, routed)           0.000    10.532    gen_pipeline_cpu.cpu/u_ex_mem/pc_out_reg[31]_i_17_n_0
    SLICE_X53Y80         CARRY4 (Prop_carry4_CI_CO[2])
                                                      0.228    10.760 f  gen_pipeline_cpu.cpu/u_ex_mem/pc_out_reg[31]_i_10/CO[2]
                         net (fo=1, routed)           0.829    11.589    gen_pipeline_cpu.cpu/u_ex_mem/u_br_unit/data0
    SLICE_X54Y81         LUT6 (Prop_lut6_I0_O)        0.313    11.902 f  gen_pipeline_cpu.cpu/u_ex_mem/pc_out[31]_i_6__0/O
                         net (fo=2, routed)           0.318    12.221    gen_pipeline_cpu.cpu/u_id_ex/pc_reg[0]
    SLICE_X54Y79         LUT3 (Prop_lut3_I0_O)        0.124    12.345 f  gen_pipeline_cpu.cpu/u_id_ex/pc_out[31]_i_4/O
                         net (fo=98, routed)          1.017    13.362    gen_pipeline_cpu.cpu/u_id_ex/ex_redirect
    SLICE_X47Y81         LUT2 (Prop_lut2_I0_O)        0.124    13.486 f  gen_pipeline_cpu.cpu/u_id_ex/pc_out[31]_i_6/O
                         net (fo=99, routed)          1.207    14.693    gen_pipeline_cpu.cpu/u_if_id/pc4_out_reg[29]
    SLICE_X57Y81         LUT2 (Prop_lut2_I1_O)        0.124    14.817 r  gen_pipeline_cpu.cpu/u_if_id/instr_e[21]_i_1/O
                         net (fo=1, routed)           0.000    14.817    gen_pipeline_cpu.cpu/u_if_id_n_43
    SLICE_X57Y81         FDCE                                         r  gen_pipeline_cpu.cpu/instr_e_reg[21]/D
  -------------------------------------------------------------------    -------------------

                         (clock sys_clk rise edge)   10.000    10.000 r  
    T5                                                0.000    10.000 r  I_clk (IN)
                         net (fo=0)                   0.000    10.000    I_clk
    T5                   IBUF (Prop_ibuf_I_O)         1.415    11.415 r  I_clk_IBUF_inst/O
                         net (fo=1, routed)           1.862    13.277    I_clk_IBUF
    BUFGCTRL_X0Y0        BUFG (Prop_bufg_I_O)         0.091    13.368 r  I_clk_IBUF_BUFG_inst/O
                         net (fo=2010, routed)        1.433    14.801    gen_pipeline_cpu.cpu/I_clk_IBUF_BUFG
    SLICE_X57Y81         FDCE                                         r  gen_pipeline_cpu.cpu/instr_e_reg[21]/C
                         clock pessimism              0.258    15.059    
                         clock uncertainty           -0.035    15.024    
    SLICE_X57Y81         FDCE (Setup_fdce_C_D)        0.029    15.053    gen_pipeline_cpu.cpu/instr_e_reg[21]
  -------------------------------------------------------------------
                         required time                         15.053    
                         arrival time                         -14.817    
  -------------------------------------------------------------------
                         slack                                  0.236    

Slack (MET) :             0.265ns  (required time - arrival time)
  Source:                 gen_pipeline_cpu.cpu/u_ex_mem/reg_we_out_reg/C
                            (rising edge-triggered cell FDCE clocked by sys_clk  {rise@0.000ns fall@5.000ns period=10.000ns})
  Destination:            gen_pipeline_cpu.cpu/instr_e_reg[17]/D
                            (rising edge-triggered cell FDCE clocked by sys_clk  {rise@0.000ns fall@5.000ns period=10.000ns})
  Path Group:             sys_clk
  Path Type:              Setup (Max at Slow Process Corner)
  Requirement:            10.000ns  (sys_clk rise@10.000ns - sys_clk rise@0.000ns)
  Data Path Delay:        9.706ns  (logic 2.511ns (25.870%)  route 7.195ns (74.130%))
  Logic Levels:           11  (CARRY4=3 LUT2=2 LUT3=1 LUT6=5)
  Clock Path Skew:        -0.022ns (DCD - SCD + CPR)
    Destination Clock Delay (DCD):    4.804ns = ( 14.804 - 10.000 ) 
    Source Clock Delay      (SCD):    5.098ns
    Clock Pessimism Removal (CPR):    0.272ns
  Clock Uncertainty:      0.035ns  ((TSJ^2 + TIJ^2)^1/2 + DJ) / 2 + PE
    Total System Jitter     (TSJ):    0.071ns
    Total Input Jitter      (TIJ):    0.000ns
    Discrete Jitter          (DJ):    0.000ns
    Phase Error              (PE):    0.000ns

    Location             Delay type                Incr(ns)  Path(ns)    Netlist Resource(s)
  -------------------------------------------------------------------    -------------------
                         (clock sys_clk rise edge)    0.000     0.000 r  
    T5                                                0.000     0.000 r  I_clk (IN)
                         net (fo=0)                   0.000     0.000    I_clk
    T5                   IBUF (Prop_ibuf_I_O)         1.486     1.486 r  I_clk_IBUF_inst/O
                         net (fo=1, routed)           1.967     3.452    I_clk_IBUF
    BUFGCTRL_X0Y0        BUFG (Prop_bufg_I_O)         0.096     3.548 r  I_clk_IBUF_BUFG_inst/O
                         net (fo=2010, routed)        1.550     5.098    gen_pipeline_cpu.cpu/u_ex_mem/I_clk_IBUF_BUFG
    SLICE_X55Y82         FDCE                                         r  gen_pipeline_cpu.cpu/u_ex_mem/reg_we_out_reg/C
  -------------------------------------------------------------------    -------------------
    SLICE_X55Y82         FDCE (Prop_fdce_C_Q)         0.456     5.554 f  gen_pipeline_cpu.cpu/u_ex_mem/reg_we_out_reg/Q
                         net (fo=2, routed)           0.823     6.378    gen_pipeline_cpu.cpu/u_ex_mem/reg_we_in
    SLICE_X55Y83         LUT6 (Prop_lut6_I0_O)        0.124     6.502 f  gen_pipeline_cpu.cpu/u_ex_mem/store_out[31]_i_6/O
                         net (fo=6, routed)           0.984     7.486    gen_pipeline_cpu.cpu/u_ex_mem/p_7_in
    SLICE_X53Y84         LUT6 (Prop_lut6_I1_O)        0.124     7.610 f  gen_pipeline_cpu.cpu/u_ex_mem/alu_y_out[10]_i_10/O
                         net (fo=32, routed)          1.155     8.765    gen_pipeline_cpu.cpu/u_ex_mem/alu_y_out[10]_i_10_n_0
    SLICE_X55Y79         LUT6 (Prop_lut6_I3_O)        0.124     8.889 r  gen_pipeline_cpu.cpu/u_ex_mem/wb_val_out[3]_i_10/O
                         net (fo=26, routed)          0.873     9.762    gen_pipeline_cpu.cpu/u_ex_mem/fwd_a[1]
    SLICE_X53Y78         LUT6 (Prop_lut6_I5_O)        0.124     9.886 r  gen_pipeline_cpu.cpu/u_ex_mem/pc_out[31]_i_56/O
                         net (fo=1, routed)           0.000     9.886    gen_pipeline_cpu.cpu/u_ex_mem/pc_out[31]_i_56_n_0
    SLICE_X53Y78         CARRY4 (Prop_carry4_S[0]_CO[3])
                                                      0.532    10.418 r  gen_pipeline_cpu.cpu/u_ex_mem/pc_out_reg[31]_i_34/CO[3]
                         net (fo=1, routed)           0.000    10.418    gen_pipeline_cpu.cpu/u_ex_mem/pc_out_reg[31]_i_34_n_0
    SLICE_X53Y79         CARRY4 (Prop_carry4_CI_CO[3])
                                                      0.114    10.532 r  gen_pipeline_cpu.cpu/u_ex_mem/pc_out_reg[31]_i_17/CO[3]
                         net (fo=1, routed)           0.000    10.532    gen_pipeline_cpu.cpu/u_ex_mem/pc_out_reg[31]_i_17_n_0
    SLICE_X53Y80         CARRY4 (Prop_carry4_CI_CO[2])
                                                      0.228    10.760 f  gen_pipeline_cpu.cpu/u_ex_mem/pc_out_reg[31]_i_10/CO[2]
                         net (fo=1, routed)           0.829    11.589    gen_pipeline_cpu.cpu/u_ex_mem/u_br_unit/data0
    SLICE_X54Y81         LUT6 (Prop_lut6_I0_O)        0.313    11.902 f  gen_pipeline_cpu.cpu/u_ex_mem/pc_out[31]_i_6__0/O
                         net (fo=2, routed)           0.318    12.221    gen_pipeline_cpu.cpu/u_id_ex/pc_reg[0]
    SLICE_X54Y79         LUT3 (Prop_lut3_I0_O)        0.124    12.345 f  gen_pipeline_cpu.cpu/u_id_ex/pc_out[31]_i_4/O
                         net (fo=98, routed)          1.017    13.362    gen_pipeline_cpu.cpu/u_id_ex/ex_redirect
    SLICE_X47Y81         LUT2 (Prop_lut2_I0_O)        0.124    13.486 f  gen_pipeline_cpu.cpu/u_id_ex/pc_out[31]_i_6/O
                         net (fo=99, routed)          1.195    14.681    gen_pipeline_cpu.cpu/u_if_id/pc4_out_reg[29]
    SLICE_X55Y84         LUT2 (Prop_lut2_I1_O)        0.124    14.805 r  gen_pipeline_cpu.cpu/u_if_id/instr_e[17]_i_1/O
                         net (fo=1, routed)           0.000    14.805    gen_pipeline_cpu.cpu/u_if_id_n_39
    SLICE_X55Y84         FDCE                                         r  gen_pipeline_cpu.cpu/instr_e_reg[17]/D
  -------------------------------------------------------------------    -------------------

                         (clock sys_clk rise edge)   10.000    10.000 r  
    T5                                                0.000    10.000 r  I_clk (IN)
                         net (fo=0)                   0.000    10.000    I_clk
    T5                   IBUF (Prop_ibuf_I_O)         1.415    11.415 r  I_clk_IBUF_inst/O
                         net (fo=1, routed)           1.862    13.277    I_clk_IBUF
    BUFGCTRL_X0Y0        BUFG (Prop_bufg_I_O)         0.091    13.368 r  I_clk_IBUF_BUFG_inst/O
                         net (fo=2010, routed)        1.436    14.804    gen_pipeline_cpu.cpu/I_clk_IBUF_BUFG
    SLICE_X55Y84         FDCE                                         r  gen_pipeline_cpu.cpu/instr_e_reg[17]/C
                         clock pessimism              0.272    15.076    
                         clock uncertainty           -0.035    15.041    
    SLICE_X55Y84         FDCE (Setup_fdce_C_D)        0.029    15.070    gen_pipeline_cpu.cpu/instr_e_reg[17]
  -------------------------------------------------------------------
                         required time                         15.070    
                         arrival time                         -14.805    
  -------------------------------------------------------------------
                         slack                                  0.265    

Slack (MET) :             0.283ns  (required time - arrival time)
  Source:                 gen_pipeline_cpu.cpu/u_ex_mem/reg_we_out_reg/C
                            (rising edge-triggered cell FDCE clocked by sys_clk  {rise@0.000ns fall@5.000ns period=10.000ns})
  Destination:            gen_pipeline_cpu.cpu/instr_e_reg[28]/D
                            (rising edge-triggered cell FDCE clocked by sys_clk  {rise@0.000ns fall@5.000ns period=10.000ns})
  Path Group:             sys_clk
  Path Type:              Setup (Max at Slow Process Corner)
  Requirement:            10.000ns  (sys_clk rise@10.000ns - sys_clk rise@0.000ns)
  Data Path Delay:        9.717ns  (logic 2.506ns (25.789%)  route 7.211ns (74.211%))
  Logic Levels:           11  (CARRY4=3 LUT2=2 LUT3=1 LUT6=5)
  Clock Path Skew:        -0.039ns (DCD - SCD + CPR)
    Destination Clock Delay (DCD):    4.801ns = ( 14.801 - 10.000 ) 
    Source Clock Delay      (SCD):    5.098ns
    Clock Pessimism Removal (CPR):    0.258ns
  Clock Uncertainty:      0.035ns  ((TSJ^2 + TIJ^2)^1/2 + DJ) / 2 + PE
    Total System Jitter     (TSJ):    0.071ns
    Total Input Jitter      (TIJ):    0.000ns
    Discrete Jitter          (DJ):    0.000ns
    Phase Error              (PE):    0.000ns

    Location             Delay type                Incr(ns)  Path(ns)    Netlist Resource(s)
  -------------------------------------------------------------------    -------------------
                         (clock sys_clk rise edge)    0.000     0.000 r  
    T5                                                0.000     0.000 r  I_clk (IN)
                         net (fo=0)                   0.000     0.000    I_clk
    T5                   IBUF (Prop_ibuf_I_O)         1.486     1.486 r  I_clk_IBUF_inst/O
                         net (fo=1, routed)           1.967     3.452    I_clk_IBUF
    BUFGCTRL_X0Y0        BUFG (Prop_bufg_I_O)         0.096     3.548 r  I_clk_IBUF_BUFG_inst/O
                         net (fo=2010, routed)        1.550     5.098    gen_pipeline_cpu.cpu/u_ex_mem/I_clk_IBUF_BUFG
    SLICE_X55Y82         FDCE                                         r  gen_pipeline_cpu.cpu/u_ex_mem/reg_we_out_reg/C
  -------------------------------------------------------------------    -------------------
    SLICE_X55Y82         FDCE (Prop_fdce_C_Q)         0.456     5.554 f  gen_pipeline_cpu.cpu/u_ex_mem/reg_we_out_reg/Q
                         net (fo=2, routed)           0.823     6.378    gen_pipeline_cpu.cpu/u_ex_mem/reg_we_in
    SLICE_X55Y83         LUT6 (Prop_lut6_I0_O)        0.124     6.502 f  gen_pipeline_cpu.cpu/u_ex_mem/store_out[31]_i_6/O
                         net (fo=6, routed)           0.984     7.486    gen_pipeline_cpu.cpu/u_ex_mem/p_7_in
    SLICE_X53Y84         LUT6 (Prop_lut6_I1_O)        0.124     7.610 f  gen_pipeline_cpu.cpu/u_ex_mem/alu_y_out[10]_i_10/O
                         net (fo=32, routed)          1.155     8.765    gen_pipeline_cpu.cpu/u_ex_mem/alu_y_out[10]_i_10_n_0
    SLICE_X55Y79         LUT6 (Prop_lut6_I3_O)        0.124     8.889 r  gen_pipeline_cpu.cpu/u_ex_mem/wb_val_out[3]_i_10/O
                         net (fo=26, routed)          0.873     9.762    gen_pipeline_cpu.cpu/u_ex_mem/fwd_a[1]
    SLICE_X53Y78         LUT6 (Prop_lut6_I5_O)        0.124     9.886 r  gen_pipeline_cpu.cpu/u_ex_mem/pc_out[31]_i_56/O
                         net (fo=1, routed)           0.000     9.886    gen_pipeline_cpu.cpu/u_ex_mem/pc_out[31]_i_56_n_0
    SLICE_X53Y78         CARRY4 (Prop_carry4_S[0]_CO[3])
                                                      0.532    10.418 r  gen_pipeline_cpu.cpu/u_ex_mem/pc_out_reg[31]_i_34/CO[3]
                         net (fo=1, routed)           0.000    10.418    gen_pipeline_cpu.cpu/u_ex_mem/pc_out_reg[31]_i_34_n_0
    SLICE_X53Y79         CARRY4 (Prop_carry4_CI_CO[3])
                                                      0.114    10.532 r  gen_pipeline_cpu.cpu/u_ex_mem/pc_out_reg[31]_i_17/CO[3]
                         net (fo=1, routed)           0.000    10.532    gen_pipeline_cpu.cpu/u_ex_mem/pc_out_reg[31]_i_17_n_0
    SLICE_X53Y80         CARRY4 (Prop_carry4_CI_CO[2])
                                                      0.228    10.760 f  gen_pipeline_cpu.cpu/u_ex_mem/pc_out_reg[31]_i_10/CO[2]
                         net (fo=1, routed)           0.829    11.589    gen_pipeline_cpu.cpu/u_ex_mem/u_br_unit/data0
    SLICE_X54Y81         LUT6 (Prop_lut6_I0_O)        0.313    11.902 f  gen_pipeline_cpu.cpu/u_ex_mem/pc_out[31]_i_6__0/O
                         net (fo=2, routed)           0.318    12.221    gen_pipeline_cpu.cpu/u_id_ex/pc_reg[0]
    SLICE_X54Y79         LUT3 (Prop_lut3_I0_O)        0.124    12.345 f  gen_pipeline_cpu.cpu/u_id_ex/pc_out[31]_i_4/O
                         net (fo=98, routed)          1.017    13.362    gen_pipeline_cpu.cpu/u_id_ex/ex_redirect
    SLICE_X47Y81         LUT2 (Prop_lut2_I0_O)        0.124    13.486 f  gen_pipeline_cpu.cpu/u_id_ex/pc_out[31]_i_6/O
                         net (fo=99, routed)          1.211    14.697    gen_pipeline_cpu.cpu/u_if_id/pc4_out_reg[29]
    SLICE_X57Y81         LUT2 (Prop_lut2_I1_O)        0.119    14.816 r  gen_pipeline_cpu.cpu/u_if_id/instr_e[28]_i_1/O
                         net (fo=1, routed)           0.000    14.816    gen_pipeline_cpu.cpu/u_if_id_n_89
    SLICE_X57Y81         FDCE                                         r  gen_pipeline_cpu.cpu/instr_e_reg[28]/D
  -------------------------------------------------------------------    -------------------

                         (clock sys_clk rise edge)   10.000    10.000 r  
    T5                                                0.000    10.000 r  I_clk (IN)
                         net (fo=0)                   0.000    10.000    I_clk
    T5                   IBUF (Prop_ibuf_I_O)         1.415    11.415 r  I_clk_IBUF_inst/O
                         net (fo=1, routed)           1.862    13.277    I_clk_IBUF
    BUFGCTRL_X0Y0        BUFG (Prop_bufg_I_O)         0.091    13.368 r  I_clk_IBUF_BUFG_inst/O
                         net (fo=2010, routed)        1.433    14.801    gen_pipeline_cpu.cpu/I_clk_IBUF_BUFG
    SLICE_X57Y81         FDCE                                         r  gen_pipeline_cpu.cpu/instr_e_reg[28]/C
                         clock pessimism              0.258    15.059    
                         clock uncertainty           -0.035    15.024    
    SLICE_X57Y81         FDCE (Setup_fdce_C_D)        0.075    15.099    gen_pipeline_cpu.cpu/instr_e_reg[28]
  -------------------------------------------------------------------
                         required time                         15.099    
                         arrival time                         -14.816    
  -------------------------------------------------------------------
                         slack                                  0.283    

Slack (MET) :             0.288ns  (required time - arrival time)
  Source:                 gen_pipeline_cpu.cpu/u_ex_mem/reg_we_out_reg/C
                            (rising edge-triggered cell FDCE clocked by sys_clk  {rise@0.000ns fall@5.000ns period=10.000ns})
  Destination:            gen_pipeline_cpu.cpu/u_id_ex/pc_out_reg[2]/D
                            (rising edge-triggered cell FDCE clocked by sys_clk  {rise@0.000ns fall@5.000ns period=10.000ns})
  Path Group:             sys_clk
  Path Type:              Setup (Max at Slow Process Corner)
  Requirement:            10.000ns  (sys_clk rise@10.000ns - sys_clk rise@0.000ns)
  Data Path Delay:        9.712ns  (logic 2.505ns (25.792%)  route 7.207ns (74.208%))
  Logic Levels:           11  (CARRY4=3 LUT2=2 LUT3=1 LUT6=5)
  Clock Path Skew:        -0.039ns (DCD - SCD + CPR)
    Destination Clock Delay (DCD):    4.801ns = ( 14.801 - 10.000 ) 
    Source Clock Delay      (SCD):    5.098ns
    Clock Pessimism Removal (CPR):    0.258ns
  Clock Uncertainty:      0.035ns  ((TSJ^2 + TIJ^2)^1/2 + DJ) / 2 + PE
    Total System Jitter     (TSJ):    0.071ns
    Total Input Jitter      (TIJ):    0.000ns
    Discrete Jitter          (DJ):    0.000ns
    Phase Error              (PE):    0.000ns

    Location             Delay type                Incr(ns)  Path(ns)    Netlist Resource(s)
  -------------------------------------------------------------------    -------------------
                         (clock sys_clk rise edge)    0.000     0.000 r  
    T5                                                0.000     0.000 r  I_clk (IN)
                         net (fo=0)                   0.000     0.000    I_clk
    T5                   IBUF (Prop_ibuf_I_O)         1.486     1.486 r  I_clk_IBUF_inst/O
                         net (fo=1, routed)           1.967     3.452    I_clk_IBUF
    BUFGCTRL_X0Y0        BUFG (Prop_bufg_I_O)         0.096     3.548 r  I_clk_IBUF_BUFG_inst/O
                         net (fo=2010, routed)        1.550     5.098    gen_pipeline_cpu.cpu/u_ex_mem/I_clk_IBUF_BUFG
    SLICE_X55Y82         FDCE                                         r  gen_pipeline_cpu.cpu/u_ex_mem/reg_we_out_reg/C
  -------------------------------------------------------------------    -------------------
    SLICE_X55Y82         FDCE (Prop_fdce_C_Q)         0.456     5.554 f  gen_pipeline_cpu.cpu/u_ex_mem/reg_we_out_reg/Q
                         net (fo=2, routed)           0.823     6.378    gen_pipeline_cpu.cpu/u_ex_mem/reg_we_in
    SLICE_X55Y83         LUT6 (Prop_lut6_I0_O)        0.124     6.502 f  gen_pipeline_cpu.cpu/u_ex_mem/store_out[31]_i_6/O
                         net (fo=6, routed)           0.984     7.486    gen_pipeline_cpu.cpu/u_ex_mem/p_7_in
    SLICE_X53Y84         LUT6 (Prop_lut6_I1_O)        0.124     7.610 f  gen_pipeline_cpu.cpu/u_ex_mem/alu_y_out[10]_i_10/O
                         net (fo=32, routed)          1.155     8.765    gen_pipeline_cpu.cpu/u_ex_mem/alu_y_out[10]_i_10_n_0
    SLICE_X55Y79         LUT6 (Prop_lut6_I3_O)        0.124     8.889 r  gen_pipeline_cpu.cpu/u_ex_mem/wb_val_out[3]_i_10/O
                         net (fo=26, routed)          0.873     9.762    gen_pipeline_cpu.cpu/u_ex_mem/fwd_a[1]
    SLICE_X53Y78         LUT6 (Prop_lut6_I5_O)        0.124     9.886 r  gen_pipeline_cpu.cpu/u_ex_mem/pc_out[31]_i_56/O
                         net (fo=1, routed)           0.000     9.886    gen_pipeline_cpu.cpu/u_ex_mem/pc_out[31]_i_56_n_0
    SLICE_X53Y78         CARRY4 (Prop_carry4_S[0]_CO[3])
                                                      0.532    10.418 r  gen_pipeline_cpu.cpu/u_ex_mem/pc_out_reg[31]_i_34/CO[3]
                         net (fo=1, routed)           0.000    10.418    gen_pipeline_cpu.cpu/u_ex_mem/pc_out_reg[31]_i_34_n_0
    SLICE_X53Y79         CARRY4 (Prop_carry4_CI_CO[3])
                                                      0.114    10.532 r  gen_pipeline_cpu.cpu/u_ex_mem/pc_out_reg[31]_i_17/CO[3]
                         net (fo=1, routed)           0.000    10.532    gen_pipeline_cpu.cpu/u_ex_mem/pc_out_reg[31]_i_17_n_0
    SLICE_X53Y80         CARRY4 (Prop_carry4_CI_CO[2])
                                                      0.228    10.760 f  gen_pipeline_cpu.cpu/u_ex_mem/pc_out_reg[31]_i_10/CO[2]
                         net (fo=1, routed)           0.829    11.589    gen_pipeline_cpu.cpu/u_ex_mem/u_br_unit/data0
    SLICE_X54Y81         LUT6 (Prop_lut6_I0_O)        0.313    11.902 f  gen_pipeline_cpu.cpu/u_ex_mem/pc_out[31]_i_6__0/O
                         net (fo=2, routed)           0.318    12.221    gen_pipeline_cpu.cpu/u_id_ex/pc_reg[0]
    SLICE_X54Y79         LUT3 (Prop_lut3_I0_O)        0.124    12.345 f  gen_pipeline_cpu.cpu/u_id_ex/pc_out[31]_i_4/O
                         net (fo=98, routed)          1.017    13.362    gen_pipeline_cpu.cpu/u_id_ex/ex_redirect
    SLICE_X47Y81         LUT2 (Prop_lut2_I0_O)        0.124    13.486 f  gen_pipeline_cpu.cpu/u_id_ex/pc_out[31]_i_6/O
                         net (fo=99, routed)          1.207    14.693    gen_pipeline_cpu.cpu/u_if_id/pc4_out_reg[29]
    SLICE_X57Y81         LUT2 (Prop_lut2_I1_O)        0.118    14.811 r  gen_pipeline_cpu.cpu/u_if_id/pc_out[2]_i_1__0/O
                         net (fo=1, routed)           0.000    14.811    gen_pipeline_cpu.cpu/u_id_ex/D[1]
    SLICE_X57Y81         FDCE                                         r  gen_pipeline_cpu.cpu/u_id_ex/pc_out_reg[2]/D
  -------------------------------------------------------------------    -------------------

                         (clock sys_clk rise edge)   10.000    10.000 r  
    T5                                                0.000    10.000 r  I_clk (IN)
                         net (fo=0)                   0.000    10.000    I_clk
    T5                   IBUF (Prop_ibuf_I_O)         1.415    11.415 r  I_clk_IBUF_inst/O
                         net (fo=1, routed)           1.862    13.277    I_clk_IBUF
    BUFGCTRL_X0Y0        BUFG (Prop_bufg_I_O)         0.091    13.368 r  I_clk_IBUF_BUFG_inst/O
                         net (fo=2010, routed)        1.433    14.801    gen_pipeline_cpu.cpu/u_id_ex/I_clk_IBUF_BUFG
    SLICE_X57Y81         FDCE                                         r  gen_pipeline_cpu.cpu/u_id_ex/pc_out_reg[2]/C
                         clock pessimism              0.258    15.059    
                         clock uncertainty           -0.035    15.024    
    SLICE_X57Y81         FDCE (Setup_fdce_C_D)        0.075    15.099    gen_pipeline_cpu.cpu/u_id_ex/pc_out_reg[2]
  -------------------------------------------------------------------
                         required time                         15.099    
                         arrival time                         -14.811    
  -------------------------------------------------------------------
                         slack                                  0.288    

Slack (MET) :             0.289ns  (required time - arrival time)
  Source:                 gen_pipeline_cpu.cpu/u_ex_mem/reg_we_out_reg/C
                            (rising edge-triggered cell FDCE clocked by sys_clk  {rise@0.000ns fall@5.000ns period=10.000ns})
  Destination:            gen_pipeline_cpu.cpu/u_pc/pc_reg[31]/D
                            (rising edge-triggered cell FDCE clocked by sys_clk  {rise@0.000ns fall@5.000ns period=10.000ns})
  Path Group:             sys_clk
  Path Type:              Setup (Max at Slow Process Corner)
  Requirement:            10.000ns  (sys_clk rise@10.000ns - sys_clk rise@0.000ns)
  Data Path Delay:        9.701ns  (logic 3.817ns (39.345%)  route 5.884ns (60.655%))
  Logic Levels:           18  (CARRY4=11 LUT3=1 LUT6=6)
  Clock Path Skew:        -0.036ns (DCD - SCD + CPR)
    Destination Clock Delay (DCD):    4.804ns = ( 14.804 - 10.000 ) 
    Source Clock Delay      (SCD):    5.098ns
    Clock Pessimism Removal (CPR):    0.258ns
  Clock Uncertainty:      0.035ns  ((TSJ^2 + TIJ^2)^1/2 + DJ) / 2 + PE
    Total System Jitter     (TSJ):    0.071ns
    Total Input Jitter      (TIJ):    0.000ns
    Discrete Jitter          (DJ):    0.000ns
    Phase Error              (PE):    0.000ns

    Location             Delay type                Incr(ns)  Path(ns)    Netlist Resource(s)
  -------------------------------------------------------------------    -------------------
                         (clock sys_clk rise edge)    0.000     0.000 r  
    T5                                                0.000     0.000 r  I_clk (IN)
                         net (fo=0)                   0.000     0.000    I_clk
    T5                   IBUF (Prop_ibuf_I_O)         1.486     1.486 r  I_clk_IBUF_inst/O
                         net (fo=1, routed)           1.967     3.452    I_clk_IBUF
    BUFGCTRL_X0Y0        BUFG (Prop_bufg_I_O)         0.096     3.548 r  I_clk_IBUF_BUFG_inst/O
                         net (fo=2010, routed)        1.550     5.098    gen_pipeline_cpu.cpu/u_ex_mem/I_clk_IBUF_BUFG
    SLICE_X55Y82         FDCE                                         r  gen_pipeline_cpu.cpu/u_ex_mem/reg_we_out_reg/C
  -------------------------------------------------------------------    -------------------
    SLICE_X55Y82         FDCE (Prop_fdce_C_Q)         0.456     5.554 f  gen_pipeline_cpu.cpu/u_ex_mem/reg_we_out_reg/Q
                         net (fo=2, routed)           0.823     6.378    gen_pipeline_cpu.cpu/u_ex_mem/reg_we_in
    SLICE_X55Y83         LUT6 (Prop_lut6_I0_O)        0.124     6.502 f  gen_pipeline_cpu.cpu/u_ex_mem/store_out[31]_i_6/O
                         net (fo=6, routed)           0.984     7.486    gen_pipeline_cpu.cpu/u_ex_mem/p_7_in
    SLICE_X53Y84         LUT6 (Prop_lut6_I1_O)        0.124     7.610 f  gen_pipeline_cpu.cpu/u_ex_mem/alu_y_out[10]_i_10/O
                         net (fo=32, routed)          1.155     8.765    gen_pipeline_cpu.cpu/u_ex_mem/alu_y_out[10]_i_10_n_0
    SLICE_X55Y79         LUT6 (Prop_lut6_I3_O)        0.124     8.889 r  gen_pipeline_cpu.cpu/u_ex_mem/wb_val_out[3]_i_10/O
                         net (fo=26, routed)          0.873     9.762    gen_pipeline_cpu.cpu/u_ex_mem/fwd_a[1]
    SLICE_X53Y78         LUT6 (Prop_lut6_I5_O)        0.124     9.886 r  gen_pipeline_cpu.cpu/u_ex_mem/pc_out[31]_i_56/O
                         net (fo=1, routed)           0.000     9.886    gen_pipeline_cpu.cpu/u_ex_mem/pc_out[31]_i_56_n_0
    SLICE_X53Y78         CARRY4 (Prop_carry4_S[0]_CO[3])
                                                      0.532    10.418 r  gen_pipeline_cpu.cpu/u_ex_mem/pc_out_reg[31]_i_34/CO[3]
                         net (fo=1, routed)           0.000    10.418    gen_pipeline_cpu.cpu/u_ex_mem/pc_out_reg[31]_i_34_n_0
    SLICE_X53Y79         CARRY4 (Prop_carry4_CI_CO[3])
                                                      0.114    10.532 r  gen_pipeline_cpu.cpu/u_ex_mem/pc_out_reg[31]_i_17/CO[3]
                         net (fo=1, routed)           0.000    10.532    gen_pipeline_cpu.cpu/u_ex_mem/pc_out_reg[31]_i_17_n_0
    SLICE_X53Y80         CARRY4 (Prop_carry4_CI_CO[2])
                                                      0.228    10.760 r  gen_pipeline_cpu.cpu/u_ex_mem/pc_out_reg[31]_i_10/CO[2]
                         net (fo=1, routed)           0.829    11.589    gen_pipeline_cpu.cpu/u_ex_mem/u_br_unit/data0
    SLICE_X54Y81         LUT6 (Prop_lut6_I0_O)        0.313    11.902 r  gen_pipeline_cpu.cpu/u_ex_mem/pc_out[31]_i_6__0/O
                         net (fo=2, routed)           0.318    12.221    gen_pipeline_cpu.cpu/u_id_ex/pc_reg[0]
    SLICE_X54Y79         LUT3 (Prop_lut3_I0_O)        0.124    12.345 r  gen_pipeline_cpu.cpu/u_id_ex/pc_out[31]_i_4/O
                         net (fo=98, routed)          0.578    12.923    gen_pipeline_cpu.cpu/u_id_ex/ex_redirect
    SLICE_X53Y77         LUT6 (Prop_lut6_I4_O)        0.124    13.047 r  gen_pipeline_cpu.cpu/u_id_ex/pc[1]_i_2/O
                         net (fo=1, routed)           0.323    13.370    gen_pipeline_cpu.cpu/u_id_ex/pc[1]_i_2_n_0
    SLICE_X51Y77         CARRY4 (Prop_carry4_DI[1]_CO[3])
                                                      0.507    13.877 r  gen_pipeline_cpu.cpu/u_id_ex/pc_reg[1]_i_1/CO[3]
                         net (fo=1, routed)           0.000    13.877    gen_pipeline_cpu.cpu/u_id_ex/pc_reg[1]_i_1_n_0
    SLICE_X51Y78         CARRY4 (Prop_carry4_CI_CO[3])
                                                      0.114    13.991 r  gen_pipeline_cpu.cpu/u_id_ex/pc_reg[5]_i_1/CO[3]
                         net (fo=1, routed)           0.000    13.991    gen_pipeline_cpu.cpu/u_id_ex/pc_reg[5]_i_1_n_0
    SLICE_X51Y79         CARRY4 (Prop_carry4_CI_CO[3])
                                                      0.114    14.105 r  gen_pipeline_cpu.cpu/u_id_ex/pc_reg[9]_i_1/CO[3]
                         net (fo=1, routed)           0.000    14.105    gen_pipeline_cpu.cpu/u_id_ex/pc_reg[9]_i_1_n_0
    SLICE_X51Y80         CARRY4 (Prop_carry4_CI_CO[3])
                                                      0.114    14.219 r  gen_pipeline_cpu.cpu/u_id_ex/pc_reg[13]_i_1/CO[3]
                         net (fo=1, routed)           0.000    14.219    gen_pipeline_cpu.cpu/u_id_ex/pc_reg[13]_i_1_n_0
    SLICE_X51Y81         CARRY4 (Prop_carry4_CI_CO[3])
                                                      0.114    14.333 r  gen_pipeline_cpu.cpu/u_id_ex/pc_reg[17]_i_1/CO[3]
                         net (fo=1, routed)           0.000    14.333    gen_pipeline_cpu.cpu/u_id_ex/pc_reg[17]_i_1_n_0
    SLICE_X51Y82         CARRY4 (Prop_carry4_CI_CO[3])
                                                      0.114    14.447 r  gen_pipeline_cpu.cpu/u_id_ex/pc_reg[21]_i_1/CO[3]
                         net (fo=1, routed)           0.000    14.447    gen_pipeline_cpu.cpu/u_id_ex/pc_reg[21]_i_1_n_0
    SLICE_X51Y83         CARRY4 (Prop_carry4_CI_CO[3])
                                                      0.114    14.561 r  gen_pipeline_cpu.cpu/u_id_ex/pc_reg[25]_i_1/CO[3]
                         net (fo=1, routed)           0.000    14.561    gen_pipeline_cpu.cpu/u_id_ex/pc_reg[25]_i_1_n_0
    SLICE_X51Y84         CARRY4 (Prop_carry4_CI_O[2])
                                                      0.239    14.800 r  gen_pipeline_cpu.cpu/u_id_ex/pc_reg[29]_i_1/O[2]
                         net (fo=1, routed)           0.000    14.800    gen_pipeline_cpu.cpu/u_pc/pc_reg[31]_2[2]
    SLICE_X51Y84         FDCE                                         r  gen_pipeline_cpu.cpu/u_pc/pc_reg[31]/D
  -------------------------------------------------------------------    -------------------

                         (clock sys_clk rise edge)   10.000    10.000 r  
    T5                                                0.000    10.000 r  I_clk (IN)
                         net (fo=0)                   0.000    10.000    I_clk
    T5                   IBUF (Prop_ibuf_I_O)         1.415    11.415 r  I_clk_IBUF_inst/O
                         net (fo=1, routed)           1.862    13.277    I_clk_IBUF
    BUFGCTRL_X0Y0        BUFG (Prop_bufg_I_O)         0.091    13.368 r  I_clk_IBUF_BUFG_inst/O
                         net (fo=2010, routed)        1.436    14.804    gen_pipeline_cpu.cpu/u_pc/I_clk_IBUF_BUFG
    SLICE_X51Y84         FDCE                                         r  gen_pipeline_cpu.cpu/u_pc/pc_reg[31]/C
                         clock pessimism              0.258    15.062    
                         clock uncertainty           -0.035    15.027    
    SLICE_X51Y84         FDCE (Setup_fdce_C_D)        0.062    15.089    gen_pipeline_cpu.cpu/u_pc/pc_reg[31]
  -------------------------------------------------------------------
                         required time                         15.089    
                         arrival time                         -14.800    
  -------------------------------------------------------------------
                         slack                                  0.289    

Slack (MET) :             0.290ns  (required time - arrival time)
  Source:                 gen_pipeline_cpu.cpu/u_ex_mem/reg_we_out_reg/C
                            (rising edge-triggered cell FDCE clocked by sys_clk  {rise@0.000ns fall@5.000ns period=10.000ns})
  Destination:            gen_pipeline_cpu.cpu/instr_e_reg[22]/D
                            (rising edge-triggered cell FDCE clocked by sys_clk  {rise@0.000ns fall@5.000ns period=10.000ns})
  Path Group:             sys_clk
  Path Type:              Setup (Max at Slow Process Corner)
  Requirement:            10.000ns  (sys_clk rise@10.000ns - sys_clk rise@0.000ns)
  Data Path Delay:        9.679ns  (logic 2.511ns (25.942%)  route 7.168ns (74.058%))
  Logic Levels:           11  (CARRY4=3 LUT2=2 LUT3=1 LUT6=5)
  Clock Path Skew:        -0.027ns (DCD - SCD + CPR)
    Destination Clock Delay (DCD):    4.799ns = ( 14.799 - 10.000 ) 
    Source Clock Delay      (SCD):    5.098ns
    Clock Pessimism Removal (CPR):    0.272ns
  Clock Uncertainty:      0.035ns  ((TSJ^2 + TIJ^2)^1/2 + DJ) / 2 + PE
    Total System Jitter     (TSJ):    0.071ns
    Total Input Jitter      (TIJ):    0.000ns
    Discrete Jitter          (DJ):    0.000ns
    Phase Error              (PE):    0.000ns

    Location             Delay type                Incr(ns)  Path(ns)    Netlist Resource(s)
  -------------------------------------------------------------------    -------------------
                         (clock sys_clk rise edge)    0.000     0.000 r  
    T5                                                0.000     0.000 r  I_clk (IN)
                         net (fo=0)                   0.000     0.000    I_clk
    T5                   IBUF (Prop_ibuf_I_O)         1.486     1.486 r  I_clk_IBUF_inst/O
                         net (fo=1, routed)           1.967     3.452    I_clk_IBUF
    BUFGCTRL_X0Y0        BUFG (Prop_bufg_I_O)         0.096     3.548 r  I_clk_IBUF_BUFG_inst/O
                         net (fo=2010, routed)        1.550     5.098    gen_pipeline_cpu.cpu/u_ex_mem/I_clk_IBUF_BUFG
    SLICE_X55Y82         FDCE                                         r  gen_pipeline_cpu.cpu/u_ex_mem/reg_we_out_reg/C
  -------------------------------------------------------------------    -------------------
    SLICE_X55Y82         FDCE (Prop_fdce_C_Q)         0.456     5.554 f  gen_pipeline_cpu.cpu/u_ex_mem/reg_we_out_reg/Q
                         net (fo=2, routed)           0.823     6.378    gen_pipeline_cpu.cpu/u_ex_mem/reg_we_in
    SLICE_X55Y83         LUT6 (Prop_lut6_I0_O)        0.124     6.502 f  gen_pipeline_cpu.cpu/u_ex_mem/store_out[31]_i_6/O
                         net (fo=6, routed)           0.984     7.486    gen_pipeline_cpu.cpu/u_ex_mem/p_7_in
    SLICE_X53Y84         LUT6 (Prop_lut6_I1_O)        0.124     7.610 f  gen_pipeline_cpu.cpu/u_ex_mem/alu_y_out[10]_i_10/O
                         net (fo=32, routed)          1.155     8.765    gen_pipeline_cpu.cpu/u_ex_mem/alu_y_out[10]_i_10_n_0
    SLICE_X55Y79         LUT6 (Prop_lut6_I3_O)        0.124     8.889 r  gen_pipeline_cpu.cpu/u_ex_mem/wb_val_out[3]_i_10/O
                         net (fo=26, routed)          0.873     9.762    gen_pipeline_cpu.cpu/u_ex_mem/fwd_a[1]
    SLICE_X53Y78         LUT6 (Prop_lut6_I5_O)        0.124     9.886 r  gen_pipeline_cpu.cpu/u_ex_mem/pc_out[31]_i_56/O
                         net (fo=1, routed)           0.000     9.886    gen_pipeline_cpu.cpu/u_ex_mem/pc_out[31]_i_56_n_0
    SLICE_X53Y78         CARRY4 (Prop_carry4_S[0]_CO[3])
                                                      0.532    10.418 r  gen_pipeline_cpu.cpu/u_ex_mem/pc_out_reg[31]_i_34/CO[3]
                         net (fo=1, routed)           0.000    10.418    gen_pipeline_cpu.cpu/u_ex_mem/pc_out_reg[31]_i_34_n_0
    SLICE_X53Y79         CARRY4 (Prop_carry4_CI_CO[3])
                                                      0.114    10.532 r  gen_pipeline_cpu.cpu/u_ex_mem/pc_out_reg[31]_i_17/CO[3]
                         net (fo=1, routed)           0.000    10.532    gen_pipeline_cpu.cpu/u_ex_mem/pc_out_reg[31]_i_17_n_0
    SLICE_X53Y80         CARRY4 (Prop_carry4_CI_CO[2])
                                                      0.228    10.760 f  gen_pipeline_cpu.cpu/u_ex_mem/pc_out_reg[31]_i_10/CO[2]
                         net (fo=1, routed)           0.829    11.589    gen_pipeline_cpu.cpu/u_ex_mem/u_br_unit/data0
    SLICE_X54Y81         LUT6 (Prop_lut6_I0_O)        0.313    11.902 f  gen_pipeline_cpu.cpu/u_ex_mem/pc_out[31]_i_6__0/O
                         net (fo=2, routed)           0.318    12.221    gen_pipeline_cpu.cpu/u_id_ex/pc_reg[0]
    SLICE_X54Y79         LUT3 (Prop_lut3_I0_O)        0.124    12.345 f  gen_pipeline_cpu.cpu/u_id_ex/pc_out[31]_i_4/O
                         net (fo=98, routed)          1.017    13.362    gen_pipeline_cpu.cpu/u_id_ex/ex_redirect
    SLICE_X47Y81         LUT2 (Prop_lut2_I0_O)        0.124    13.486 f  gen_pipeline_cpu.cpu/u_id_ex/pc_out[31]_i_6/O
                         net (fo=99, routed)          1.168    14.654    gen_pipeline_cpu.cpu/u_if_id/pc4_out_reg[29]
    SLICE_X55Y80         LUT2 (Prop_lut2_I1_O)        0.124    14.778 r  gen_pipeline_cpu.cpu/u_if_id/instr_e[22]_i_1/O
                         net (fo=1, routed)           0.000    14.778    gen_pipeline_cpu.cpu/u_if_id_n_44
    SLICE_X55Y80         FDCE                                         r  gen_pipeline_cpu.cpu/instr_e_reg[22]/D
  -------------------------------------------------------------------    -------------------

                         (clock sys_clk rise edge)   10.000    10.000 r  
    T5                                                0.000    10.000 r  I_clk (IN)
                         net (fo=0)                   0.000    10.000    I_clk
    T5                   IBUF (Prop_ibuf_I_O)         1.415    11.415 r  I_clk_IBUF_inst/O
                         net (fo=1, routed)           1.862    13.277    I_clk_IBUF
    BUFGCTRL_X0Y0        BUFG (Prop_bufg_I_O)         0.091    13.368 r  I_clk_IBUF_BUFG_inst/O
                         net (fo=2010, routed)        1.431    14.799    gen_pipeline_cpu.cpu/I_clk_IBUF_BUFG
    SLICE_X55Y80         FDCE                                         r  gen_pipeline_cpu.cpu/instr_e_reg[22]/C
                         clock pessimism              0.272    15.071    
                         clock uncertainty           -0.035    15.036    
    SLICE_X55Y80         FDCE (Setup_fdce_C_D)        0.032    15.068    gen_pipeline_cpu.cpu/instr_e_reg[22]
  -------------------------------------------------------------------
                         required time                         15.068    
                         arrival time                         -14.778    
  -------------------------------------------------------------------
                         slack                                  0.290    





Min Delay Paths
--------------------------------------------------------------------------------------
Slack (MET) :             0.095ns  (arrival time - required time)
  Source:                 gen_pipeline_cpu.cpu/u_ex_mem/store_out_reg[12]/C
                            (rising edge-triggered cell FDCE clocked by sys_clk  {rise@0.000ns fall@5.000ns period=10.000ns})
  Destination:            gen_pipeline_cpu.cpu/u_dmem/ram_reg_0_255_12_12/RAMS64E_D/I
                            (rising edge-triggered cell RAMS64E clocked by sys_clk  {rise@0.000ns fall@5.000ns period=10.000ns})
  Path Group:             sys_clk
  Path Type:              Hold (Min at Fast Process Corner)
  Requirement:            0.000ns  (sys_clk rise@0.000ns - sys_clk rise@0.000ns)
  Data Path Delay:        0.254ns  (logic 0.141ns (55.481%)  route 0.113ns (44.519%))
  Logic Levels:           0  
  Clock Path Skew:        0.015ns (DCD - SCD - CPR)
    Destination Clock Delay (DCD):    2.011ns
    Source Clock Delay      (SCD):    1.497ns
    Clock Pessimism Removal (CPR):    0.498ns

    Location             Delay type                Incr(ns)  Path(ns)    Netlist Resource(s)
  -------------------------------------------------------------------    -------------------
                         (clock sys_clk rise edge)    0.000     0.000 r  
    T5                                                0.000     0.000 r  I_clk (IN)
                         net (fo=0)                   0.000     0.000    I_clk
    T5                   IBUF (Prop_ibuf_I_O)         0.254     0.254 r  I_clk_IBUF_inst/O
                         net (fo=1, routed)           0.631     0.885    I_clk_IBUF
    BUFGCTRL_X0Y0        BUFG (Prop_bufg_I_O)         0.026     0.911 r  I_clk_IBUF_BUFG_inst/O
                         net (fo=2010, routed)        0.587     1.497    gen_pipeline_cpu.cpu/u_ex_mem/I_clk_IBUF_BUFG
    SLICE_X58Y83         FDCE                                         r  gen_pipeline_cpu.cpu/u_ex_mem/store_out_reg[12]/C
  -------------------------------------------------------------------    -------------------
    SLICE_X58Y83         FDCE (Prop_fdce_C_Q)         0.141     1.638 r  gen_pipeline_cpu.cpu/u_ex_mem/store_out_reg[12]/Q
                         net (fo=8, routed)           0.113     1.752    gen_pipeline_cpu.cpu/u_dmem/ram_reg_0_255_12_12/D
    SLICE_X60Y84         RAMS64E                                      r  gen_pipeline_cpu.cpu/u_dmem/ram_reg_0_255_12_12/RAMS64E_D/I
  -------------------------------------------------------------------    -------------------

                         (clock sys_clk rise edge)    0.000     0.000 r  
    T5                                                0.000     0.000 r  I_clk (IN)
                         net (fo=0)                   0.000     0.000    I_clk
    T5                   IBUF (Prop_ibuf_I_O)         0.442     0.442 r  I_clk_IBUF_inst/O
                         net (fo=1, routed)           0.685     1.126    I_clk_IBUF
    BUFGCTRL_X0Y0        BUFG (Prop_bufg_I_O)         0.029     1.155 r  I_clk_IBUF_BUFG_inst/O
                         net (fo=2010, routed)        0.855     2.011    gen_pipeline_cpu.cpu/u_dmem/ram_reg_0_255_12_12/WCLK
    SLICE_X60Y84         RAMS64E                                      r  gen_pipeline_cpu.cpu/u_dmem/ram_reg_0_255_12_12/RAMS64E_D/CLK
                         clock pessimism             -0.498     1.512    
    SLICE_X60Y84         RAMS64E (Hold_rams64e_CLK_I)
                                                      0.144     1.656    gen_pipeline_cpu.cpu/u_dmem/ram_reg_0_255_12_12/RAMS64E_D
  -------------------------------------------------------------------
                         required time                         -1.656    
                         arrival time                           1.752    
  -------------------------------------------------------------------
                         slack                                  0.095    

Slack (MET) :             0.107ns  (arrival time - required time)
  Source:                 gen_pipeline_cpu.cpu/u_ex_mem/store_out_reg[22]/C
                            (rising edge-triggered cell FDCE clocked by sys_clk  {rise@0.000ns fall@5.000ns period=10.000ns})
  Destination:            gen_pipeline_cpu.cpu/u_dmem/ram_reg_0_255_22_22/RAMS64E_D/I
                            (rising edge-triggered cell RAMS64E clocked by sys_clk  {rise@0.000ns fall@5.000ns period=10.000ns})
  Path Group:             sys_clk
  Path Type:              Hold (Min at Fast Process Corner)
  Requirement:            0.000ns  (sys_clk rise@0.000ns - sys_clk rise@0.000ns)
  Data Path Delay:        0.266ns  (logic 0.141ns (52.980%)  route 0.125ns (47.020%))
  Logic Levels:           0  
  Clock Path Skew:        0.015ns (DCD - SCD - CPR)
    Destination Clock Delay (DCD):    1.985ns
    Source Clock Delay      (SCD):    1.470ns
    Clock Pessimism Removal (CPR):    0.499ns

    Location             Delay type                Incr(ns)  Path(ns)    Netlist Resource(s)
  -------------------------------------------------------------------    -------------------
                         (clock sys_clk rise edge)    0.000     0.000 r  
    T5                                                0.000     0.000 r  I_clk (IN)
                         net (fo=0)                   0.000     0.000    I_clk
    T5                   IBUF (Prop_ibuf_I_O)         0.254     0.254 r  I_clk_IBUF_inst/O
                         net (fo=1, routed)           0.631     0.885    I_clk_IBUF
    BUFGCTRL_X0Y0        BUFG (Prop_bufg_I_O)         0.026     0.911 r  I_clk_IBUF_BUFG_inst/O
                         net (fo=2010, routed)        0.560     1.470    gen_pipeline_cpu.cpu/u_ex_mem/I_clk_IBUF_BUFG
    SLICE_X53Y86         FDCE                                         r  gen_pipeline_cpu.cpu/u_ex_mem/store_out_reg[22]/C
  -------------------------------------------------------------------    -------------------
    SLICE_X53Y86         FDCE (Prop_fdce_C_Q)         0.141     1.611 r  gen_pipeline_cpu.cpu/u_ex_mem/store_out_reg[22]/Q
                         net (fo=8, routed)           0.125     1.737    gen_pipeline_cpu.cpu/u_dmem/ram_reg_0_255_22_22/D
    SLICE_X52Y85         RAMS64E                                      r  gen_pipeline_cpu.cpu/u_dmem/ram_reg_0_255_22_22/RAMS64E_D/I
  -------------------------------------------------------------------    -------------------

                         (clock sys_clk rise edge)    0.000     0.000 r  
    T5                                                0.000     0.000 r  I_clk (IN)
                         net (fo=0)                   0.000     0.000    I_clk
    T5                   IBUF (Prop_ibuf_I_O)         0.442     0.442 r  I_clk_IBUF_inst/O
                         net (fo=1, routed)           0.685     1.126    I_clk_IBUF
    BUFGCTRL_X0Y0        BUFG (Prop_bufg_I_O)         0.029     1.155 r  I_clk_IBUF_BUFG_inst/O
                         net (fo=2010, routed)        0.829     1.985    gen_pipeline_cpu.cpu/u_dmem/ram_reg_0_255_22_22/WCLK
    SLICE_X52Y85         RAMS64E                                      r  gen_pipeline_cpu.cpu/u_dmem/ram_reg_0_255_22_22/RAMS64E_D/CLK
                         clock pessimism             -0.499     1.485    
    SLICE_X52Y85         RAMS64E (Hold_rams64e_CLK_I)
                                                      0.144     1.629    gen_pipeline_cpu.cpu/u_dmem/ram_reg_0_255_22_22/RAMS64E_D
  -------------------------------------------------------------------
                         required time                         -1.629    
                         arrival time                           1.737    
  -------------------------------------------------------------------
                         slack                                  0.107    

Slack (MET) :             0.118ns  (arrival time - required time)
  Source:                 gen_pipeline_cpu.cpu/u_ex_mem/store_out_reg[13]/C
                            (rising edge-triggered cell FDCE clocked by sys_clk  {rise@0.000ns fall@5.000ns period=10.000ns})
  Destination:            gen_pipeline_cpu.cpu/u_dmem/ram_reg_0_255_13_13/RAMS64E_D/I
                            (rising edge-triggered cell RAMS64E clocked by sys_clk  {rise@0.000ns fall@5.000ns period=10.000ns})
  Path Group:             sys_clk
  Path Type:              Hold (Min at Fast Process Corner)
  Requirement:            0.000ns  (sys_clk rise@0.000ns - sys_clk rise@0.000ns)
  Data Path Delay:        0.275ns  (logic 0.164ns (59.662%)  route 0.111ns (40.338%))
  Logic Levels:           0  
  Clock Path Skew:        0.013ns (DCD - SCD - CPR)
    Destination Clock Delay (DCD):    1.977ns
    Source Clock Delay      (SCD):    1.464ns
    Clock Pessimism Removal (CPR):    0.499ns

    Location             Delay type                Incr(ns)  Path(ns)    Netlist Resource(s)
  -------------------------------------------------------------------    -------------------
                         (clock sys_clk rise edge)    0.000     0.000 r  
    T5                                                0.000     0.000 r  I_clk (IN)
                         net (fo=0)                   0.000     0.000    I_clk
    T5                   IBUF (Prop_ibuf_I_O)         0.254     0.254 r  I_clk_IBUF_inst/O
                         net (fo=1, routed)           0.631     0.885    I_clk_IBUF
    BUFGCTRL_X0Y0        BUFG (Prop_bufg_I_O)         0.026     0.911 r  I_clk_IBUF_BUFG_inst/O
                         net (fo=2010, routed)        0.554     1.464    gen_pipeline_cpu.cpu/u_ex_mem/I_clk_IBUF_BUFG
    SLICE_X50Y78         FDCE                                         r  gen_pipeline_cpu.cpu/u_ex_mem/store_out_reg[13]/C
  -------------------------------------------------------------------    -------------------
    SLICE_X50Y78         FDCE (Prop_fdce_C_Q)         0.164     1.628 r  gen_pipeline_cpu.cpu/u_ex_mem/store_out_reg[13]/Q
                         net (fo=8, routed)           0.111     1.739    gen_pipeline_cpu.cpu/u_dmem/ram_reg_0_255_13_13/D
    SLICE_X52Y77         RAMS64E                                      r  gen_pipeline_cpu.cpu/u_dmem/ram_reg_0_255_13_13/RAMS64E_D/I
  -------------------------------------------------------------------    -------------------

                         (clock sys_clk rise edge)    0.000     0.000 r  
    T5                                                0.000     0.000 r  I_clk (IN)
                         net (fo=0)                   0.000     0.000    I_clk
    T5                   IBUF (Prop_ibuf_I_O)         0.442     0.442 r  I_clk_IBUF_inst/O
                         net (fo=1, routed)           0.685     1.126    I_clk_IBUF
    BUFGCTRL_X0Y0        BUFG (Prop_bufg_I_O)         0.029     1.155 r  I_clk_IBUF_BUFG_inst/O
                         net (fo=2010, routed)        0.821     1.977    gen_pipeline_cpu.cpu/u_dmem/ram_reg_0_255_13_13/WCLK
    SLICE_X52Y77         RAMS64E                                      r  gen_pipeline_cpu.cpu/u_dmem/ram_reg_0_255_13_13/RAMS64E_D/CLK
                         clock pessimism             -0.499     1.477    
    SLICE_X52Y77         RAMS64E (Hold_rams64e_CLK_I)
                                                      0.144     1.621    gen_pipeline_cpu.cpu/u_dmem/ram_reg_0_255_13_13/RAMS64E_D
  -------------------------------------------------------------------
                         required time                         -1.621    
                         arrival time                           1.739    
  -------------------------------------------------------------------
                         slack                                  0.118    

Slack (MET) :             0.119ns  (arrival time - required time)
  Source:                 gen_pipeline_cpu.cpu/valid_m_reg/C
                            (rising edge-triggered cell FDCE clocked by sys_clk  {rise@0.000ns fall@5.000ns period=10.000ns})
  Destination:            gen_pipeline_cpu.cpu/valid_w_reg/D
                            (rising edge-triggered cell FDCE clocked by sys_clk  {rise@0.000ns fall@5.000ns period=10.000ns})
  Path Group:             sys_clk
  Path Type:              Hold (Min at Fast Process Corner)
  Requirement:            0.000ns  (sys_clk rise@0.000ns - sys_clk rise@0.000ns)
  Data Path Delay:        0.197ns  (logic 0.141ns (71.611%)  route 0.056ns (28.389%))
  Logic Levels:           0  
  Clock Path Skew:        0.000ns (DCD - SCD - CPR)
    Destination Clock Delay (DCD):    2.005ns
    Source Clock Delay      (SCD):    1.492ns
    Clock Pessimism Removal (CPR):    0.512ns

    Location             Delay type                Incr(ns)  Path(ns)    Netlist Resource(s)
  -------------------------------------------------------------------    -------------------
                         (clock sys_clk rise edge)    0.000     0.000 r  
    T5                                                0.000     0.000 r  I_clk (IN)
                         net (fo=0)                   0.000     0.000    I_clk
    T5                   IBUF (Prop_ibuf_I_O)         0.254     0.254 r  I_clk_IBUF_inst/O
                         net (fo=1, routed)           0.631     0.885    I_clk_IBUF
    BUFGCTRL_X0Y0        BUFG (Prop_bufg_I_O)         0.026     0.911 r  I_clk_IBUF_BUFG_inst/O
                         net (fo=2010, routed)        0.582     1.492    gen_pipeline_cpu.cpu/I_clk_IBUF_BUFG
    SLICE_X59Y78         FDCE                                         r  gen_pipeline_cpu.cpu/valid_m_reg/C
  -------------------------------------------------------------------    -------------------
    SLICE_X59Y78         FDCE (Prop_fdce_C_Q)         0.141     1.633 r  gen_pipeline_cpu.cpu/valid_m_reg/Q
                         net (fo=1, routed)           0.056     1.689    gen_pipeline_cpu.cpu/valid_m
    SLICE_X59Y78         FDCE                                         r  gen_pipeline_cpu.cpu/valid_w_reg/D
  -------------------------------------------------------------------    -------------------

                         (clock sys_clk rise edge)    0.000     0.000 r  
    T5                                                0.000     0.000 r  I_clk (IN)
                         net (fo=0)                   0.000     0.000    I_clk
    T5                   IBUF (Prop_ibuf_I_O)         0.442     0.442 r  I_clk_IBUF_inst/O
                         net (fo=1, routed)           0.685     1.126    I_clk_IBUF
    BUFGCTRL_X0Y0        BUFG (Prop_bufg_I_O)         0.029     1.155 r  I_clk_IBUF_BUFG_inst/O
                         net (fo=2010, routed)        0.850     2.005    gen_pipeline_cpu.cpu/I_clk_IBUF_BUFG
    SLICE_X59Y78         FDCE                                         r  gen_pipeline_cpu.cpu/valid_w_reg/C
                         clock pessimism             -0.512     1.492    
    SLICE_X59Y78         FDCE (Hold_fdce_C_D)         0.078     1.570    gen_pipeline_cpu.cpu/valid_w_reg
  -------------------------------------------------------------------
                         required time                         -1.570    
                         arrival time                           1.689    
  -------------------------------------------------------------------
                         slack                                  0.119    

Slack (MET) :             0.120ns  (arrival time - required time)
  Source:                 gen_pipeline_cpu.cpu/u_ex_mem/store_out_reg[0]/C
                            (rising edge-triggered cell FDCE clocked by sys_clk  {rise@0.000ns fall@5.000ns period=10.000ns})
  Destination:            gen_pipeline_cpu.cpu/u_dmem/ram_reg_256_511_0_0/RAMS64E_D/I
                            (rising edge-triggered cell RAMS64E clocked by sys_clk  {rise@0.000ns fall@5.000ns period=10.000ns})
  Path Group:             sys_clk
  Path Type:              Hold (Min at Fast Process Corner)
  Requirement:            0.000ns  (sys_clk rise@0.000ns - sys_clk rise@0.000ns)
  Data Path Delay:        0.277ns  (logic 0.164ns (59.176%)  route 0.113ns (40.824%))
  Logic Levels:           0  
  Clock Path Skew:        0.013ns (DCD - SCD - CPR)
    Destination Clock Delay (DCD):    1.983ns
    Source Clock Delay      (SCD):    1.470ns
    Clock Pessimism Removal (CPR):    0.499ns

    Location             Delay type                Incr(ns)  Path(ns)    Netlist Resource(s)
  -------------------------------------------------------------------    -------------------
                         (clock sys_clk rise edge)    0.000     0.000 r  
    T5                                                0.000     0.000 r  I_clk (IN)
                         net (fo=0)                   0.000     0.000    I_clk
    T5                   IBUF (Prop_ibuf_I_O)         0.254     0.254 r  I_clk_IBUF_inst/O
                         net (fo=1, routed)           0.631     0.885    I_clk_IBUF
    BUFGCTRL_X0Y0        BUFG (Prop_bufg_I_O)         0.026     0.911 r  I_clk_IBUF_BUFG_inst/O
                         net (fo=2010, routed)        0.560     1.470    gen_pipeline_cpu.cpu/u_ex_mem/I_clk_IBUF_BUFG
    SLICE_X50Y84         FDCE                                         r  gen_pipeline_cpu.cpu/u_ex_mem/store_out_reg[0]/C
  -------------------------------------------------------------------    -------------------
    SLICE_X50Y84         FDCE (Prop_fdce_C_Q)         0.164     1.634 r  gen_pipeline_cpu.cpu/u_ex_mem/store_out_reg[0]/Q
                         net (fo=8, routed)           0.113     1.748    gen_pipeline_cpu.cpu/u_dmem/ram_reg_256_511_0_0/D
    SLICE_X52Y83         RAMS64E                                      r  gen_pipeline_cpu.cpu/u_dmem/ram_reg_256_511_0_0/RAMS64E_D/I
  -------------------------------------------------------------------    -------------------

                         (clock sys_clk rise edge)    0.000     0.000 r  
    T5                                                0.000     0.000 r  I_clk (IN)
                         net (fo=0)                   0.000     0.000    I_clk
    T5                   IBUF (Prop_ibuf_I_O)         0.442     0.442 r  I_clk_IBUF_inst/O
                         net (fo=1, routed)           0.685     1.126    I_clk_IBUF
    BUFGCTRL_X0Y0        BUFG (Prop_bufg_I_O)         0.029     1.155 r  I_clk_IBUF_BUFG_inst/O
                         net (fo=2010, routed)        0.827     1.983    gen_pipeline_cpu.cpu/u_dmem/ram_reg_256_511_0_0/WCLK
    SLICE_X52Y83         RAMS64E                                      r  gen_pipeline_cpu.cpu/u_dmem/ram_reg_256_511_0_0/RAMS64E_D/CLK
                         clock pessimism             -0.499     1.483    
    SLICE_X52Y83         RAMS64E (Hold_rams64e_CLK_I)
                                                      0.144     1.627    gen_pipeline_cpu.cpu/u_dmem/ram_reg_256_511_0_0/RAMS64E_D
  -------------------------------------------------------------------
                         required time                         -1.627    
                         arrival time                           1.748    
  -------------------------------------------------------------------
                         slack                                  0.120    

Slack (MET) :             0.122ns  (arrival time - required time)
  Source:                 gen_pipeline_cpu.cpu/monitor_use_wb_m_reg/C
                            (rising edge-triggered cell FDCE clocked by sys_clk  {rise@0.000ns fall@5.000ns period=10.000ns})
  Destination:            gen_pipeline_cpu.cpu/monitor_use_wb_w_reg/D
                            (rising edge-triggered cell FDCE clocked by sys_clk  {rise@0.000ns fall@5.000ns period=10.000ns})
  Path Group:             sys_clk
  Path Type:              Hold (Min at Fast Process Corner)
  Requirement:            0.000ns  (sys_clk rise@0.000ns - sys_clk rise@0.000ns)
  Data Path Delay:        0.197ns  (logic 0.141ns (71.611%)  route 0.056ns (28.389%))
  Logic Levels:           0  
  Clock Path Skew:        0.000ns (DCD - SCD - CPR)
    Destination Clock Delay (DCD):    2.011ns
    Source Clock Delay      (SCD):    1.498ns
    Clock Pessimism Removal (CPR):    0.512ns

    Location             Delay type                Incr(ns)  Path(ns)    Netlist Resource(s)
  -------------------------------------------------------------------    -------------------
                         (clock sys_clk rise edge)    0.000     0.000 r  
    T5                                                0.000     0.000 r  I_clk (IN)
                         net (fo=0)                   0.000     0.000    I_clk
    T5                   IBUF (Prop_ibuf_I_O)         0.254     0.254 r  I_clk_IBUF_inst/O
                         net (fo=1, routed)           0.631     0.885    I_clk_IBUF
    BUFGCTRL_X0Y0        BUFG (Prop_bufg_I_O)         0.026     0.911 r  I_clk_IBUF_BUFG_inst/O
                         net (fo=2010, routed)        0.588     1.498    gen_pipeline_cpu.cpu/I_clk_IBUF_BUFG
    SLICE_X59Y84         FDCE                                         r  gen_pipeline_cpu.cpu/monitor_use_wb_m_reg/C
  -------------------------------------------------------------------    -------------------
    SLICE_X59Y84         FDCE (Prop_fdce_C_Q)         0.141     1.639 r  gen_pipeline_cpu.cpu/monitor_use_wb_m_reg/Q
                         net (fo=1, routed)           0.056     1.695    gen_pipeline_cpu.cpu/monitor_use_wb_m
    SLICE_X59Y84         FDCE                                         r  gen_pipeline_cpu.cpu/monitor_use_wb_w_reg/D
  -------------------------------------------------------------------    -------------------

                         (clock sys_clk rise edge)    0.000     0.000 r  
    T5                                                0.000     0.000 r  I_clk (IN)
                         net (fo=0)                   0.000     0.000    I_clk
    T5                   IBUF (Prop_ibuf_I_O)         0.442     0.442 r  I_clk_IBUF_inst/O
                         net (fo=1, routed)           0.685     1.126    I_clk_IBUF
    BUFGCTRL_X0Y0        BUFG (Prop_bufg_I_O)         0.029     1.155 r  I_clk_IBUF_BUFG_inst/O
                         net (fo=2010, routed)        0.855     2.011    gen_pipeline_cpu.cpu/I_clk_IBUF_BUFG
    SLICE_X59Y84         FDCE                                         r  gen_pipeline_cpu.cpu/monitor_use_wb_w_reg/C
                         clock pessimism             -0.512     1.498    
    SLICE_X59Y84         FDCE (Hold_fdce_C_D)         0.075     1.573    gen_pipeline_cpu.cpu/monitor_use_wb_w_reg
  -------------------------------------------------------------------
                         required time                         -1.573    
                         arrival time                           1.695    
  -------------------------------------------------------------------
                         slack                                  0.122    

Slack (MET) :             0.122ns  (arrival time - required time)
  Source:                 gen_pipeline_cpu.cpu/monitor_value_m_reg[7]/C
                            (rising edge-triggered cell FDCE clocked by sys_clk  {rise@0.000ns fall@5.000ns period=10.000ns})
  Destination:            gen_pipeline_cpu.cpu/monitor_value_w_reg[7]/D
                            (rising edge-triggered cell FDCE clocked by sys_clk  {rise@0.000ns fall@5.000ns period=10.000ns})
  Path Group:             sys_clk
  Path Type:              Hold (Min at Fast Process Corner)
  Requirement:            0.000ns  (sys_clk rise@0.000ns - sys_clk rise@0.000ns)
  Data Path Delay:        0.197ns  (logic 0.141ns (71.611%)  route 0.056ns (28.389%))
  Logic Levels:           0  
  Clock Path Skew:        0.000ns (DCD - SCD - CPR)
    Destination Clock Delay (DCD):    2.005ns
    Source Clock Delay      (SCD):    1.492ns
    Clock Pessimism Removal (CPR):    0.512ns

    Location             Delay type                Incr(ns)  Path(ns)    Netlist Resource(s)
  -------------------------------------------------------------------    -------------------
                         (clock sys_clk rise edge)    0.000     0.000 r  
    T5                                                0.000     0.000 r  I_clk (IN)
                         net (fo=0)                   0.000     0.000    I_clk
    T5                   IBUF (Prop_ibuf_I_O)         0.254     0.254 r  I_clk_IBUF_inst/O
                         net (fo=1, routed)           0.631     0.885    I_clk_IBUF
    BUFGCTRL_X0Y0        BUFG (Prop_bufg_I_O)         0.026     0.911 r  I_clk_IBUF_BUFG_inst/O
                         net (fo=2010, routed)        0.582     1.492    gen_pipeline_cpu.cpu/I_clk_IBUF_BUFG
    SLICE_X59Y78         FDCE                                         r  gen_pipeline_cpu.cpu/monitor_value_m_reg[7]/C
  -------------------------------------------------------------------    -------------------
    SLICE_X59Y78         FDCE (Prop_fdce_C_Q)         0.141     1.633 r  gen_pipeline_cpu.cpu/monitor_value_m_reg[7]/Q
                         net (fo=1, routed)           0.056     1.689    gen_pipeline_cpu.cpu/monitor_value_m[7]
    SLICE_X59Y78         FDCE                                         r  gen_pipeline_cpu.cpu/monitor_value_w_reg[7]/D
  -------------------------------------------------------------------    -------------------

                         (clock sys_clk rise edge)    0.000     0.000 r  
    T5                                                0.000     0.000 r  I_clk (IN)
                         net (fo=0)                   0.000     0.000    I_clk
    T5                   IBUF (Prop_ibuf_I_O)         0.442     0.442 r  I_clk_IBUF_inst/O
                         net (fo=1, routed)           0.685     1.126    I_clk_IBUF
    BUFGCTRL_X0Y0        BUFG (Prop_bufg_I_O)         0.029     1.155 r  I_clk_IBUF_BUFG_inst/O
                         net (fo=2010, routed)        0.850     2.005    gen_pipeline_cpu.cpu/I_clk_IBUF_BUFG
    SLICE_X59Y78         FDCE                                         r  gen_pipeline_cpu.cpu/monitor_value_w_reg[7]/C
                         clock pessimism             -0.512     1.492    
    SLICE_X59Y78         FDCE (Hold_fdce_C_D)         0.075     1.567    gen_pipeline_cpu.cpu/monitor_value_w_reg[7]
  -------------------------------------------------------------------
                         required time                         -1.567    
                         arrival time                           1.689    
  -------------------------------------------------------------------
                         slack                                  0.122    

Slack (MET) :             0.131ns  (arrival time - required time)
  Source:                 gen_pipeline_cpu.cpu/monitor_value_m_reg[11]/C
                            (rising edge-triggered cell FDCE clocked by sys_clk  {rise@0.000ns fall@5.000ns period=10.000ns})
  Destination:            gen_pipeline_cpu.cpu/monitor_value_w_reg[11]/D
                            (rising edge-triggered cell FDCE clocked by sys_clk  {rise@0.000ns fall@5.000ns period=10.000ns})
  Path Group:             sys_clk
  Path Type:              Hold (Min at Fast Process Corner)
  Requirement:            0.000ns  (sys_clk rise@0.000ns - sys_clk rise@0.000ns)
  Data Path Delay:        0.206ns  (logic 0.141ns (68.336%)  route 0.065ns (31.664%))
  Logic Levels:           0  
  Clock Path Skew:        0.000ns (DCD - SCD - CPR)
    Destination Clock Delay (DCD):    2.007ns
    Source Clock Delay      (SCD):    1.494ns
    Clock Pessimism Removal (CPR):    0.512ns

    Location             Delay type                Incr(ns)  Path(ns)    Netlist Resource(s)
  -------------------------------------------------------------------    -------------------
                         (clock sys_clk rise edge)    0.000     0.000 r  
    T5                                                0.000     0.000 r  I_clk (IN)
                         net (fo=0)                   0.000     0.000    I_clk
    T5                   IBUF (Prop_ibuf_I_O)         0.254     0.254 r  I_clk_IBUF_inst/O
                         net (fo=1, routed)           0.631     0.885    I_clk_IBUF
    BUFGCTRL_X0Y0        BUFG (Prop_bufg_I_O)         0.026     0.911 r  I_clk_IBUF_BUFG_inst/O
                         net (fo=2010, routed)        0.584     1.494    gen_pipeline_cpu.cpu/I_clk_IBUF_BUFG
    SLICE_X58Y80         FDCE                                         r  gen_pipeline_cpu.cpu/monitor_value_m_reg[11]/C
  -------------------------------------------------------------------    -------------------
    SLICE_X58Y80         FDCE (Prop_fdce_C_Q)         0.141     1.635 r  gen_pipeline_cpu.cpu/monitor_value_m_reg[11]/Q
                         net (fo=1, routed)           0.065     1.701    gen_pipeline_cpu.cpu/monitor_value_m[11]
    SLICE_X58Y80         FDCE                                         r  gen_pipeline_cpu.cpu/monitor_value_w_reg[11]/D
  -------------------------------------------------------------------    -------------------

                         (clock sys_clk rise edge)    0.000     0.000 r  
    T5                                                0.000     0.000 r  I_clk (IN)
                         net (fo=0)                   0.000     0.000    I_clk
    T5                   IBUF (Prop_ibuf_I_O)         0.442     0.442 r  I_clk_IBUF_inst/O
                         net (fo=1, routed)           0.685     1.126    I_clk_IBUF
    BUFGCTRL_X0Y0        BUFG (Prop_bufg_I_O)         0.029     1.155 r  I_clk_IBUF_BUFG_inst/O
                         net (fo=2010, routed)        0.851     2.007    gen_pipeline_cpu.cpu/I_clk_IBUF_BUFG
    SLICE_X58Y80         FDCE                                         r  gen_pipeline_cpu.cpu/monitor_value_w_reg[11]/C
                         clock pessimism             -0.512     1.494    
    SLICE_X58Y80         FDCE (Hold_fdce_C_D)         0.075     1.569    gen_pipeline_cpu.cpu/monitor_value_w_reg[11]
  -------------------------------------------------------------------
                         required time                         -1.569    
                         arrival time                           1.701    
  -------------------------------------------------------------------
                         slack                                  0.131    

Slack (MET) :             0.134ns  (arrival time - required time)
  Source:                 gen_pipeline_cpu.cpu/u_ex_mem/store_out_reg[12]/C
                            (rising edge-triggered cell FDCE clocked by sys_clk  {rise@0.000ns fall@5.000ns period=10.000ns})
  Destination:            gen_pipeline_cpu.cpu/u_dmem/ram_reg_0_255_12_12/RAMS64E_B/I
                            (rising edge-triggered cell RAMS64E clocked by sys_clk  {rise@0.000ns fall@5.000ns period=10.000ns})
  Path Group:             sys_clk
  Path Type:              Hold (Min at Fast Process Corner)
  Requirement:            0.000ns  (sys_clk rise@0.000ns - sys_clk rise@0.000ns)
  Data Path Delay:        0.254ns  (logic 0.141ns (55.481%)  route 0.113ns (44.519%))
  Logic Levels:           0  
  Clock Path Skew:        0.015ns (DCD - SCD - CPR)
    Destination Clock Delay (DCD):    2.011ns
    Source Clock Delay      (SCD):    1.497ns
    Clock Pessimism Removal (CPR):    0.498ns

    Location             Delay type                Incr(ns)  Path(ns)    Netlist Resource(s)
  -------------------------------------------------------------------    -------------------
                         (clock sys_clk rise edge)    0.000     0.000 r  
    T5                                                0.000     0.000 r  I_clk (IN)
                         net (fo=0)                   0.000     0.000    I_clk
    T5                   IBUF (Prop_ibuf_I_O)         0.254     0.254 r  I_clk_IBUF_inst/O
                         net (fo=1, routed)           0.631     0.885    I_clk_IBUF
    BUFGCTRL_X0Y0        BUFG (Prop_bufg_I_O)         0.026     0.911 r  I_clk_IBUF_BUFG_inst/O
                         net (fo=2010, routed)        0.587     1.497    gen_pipeline_cpu.cpu/u_ex_mem/I_clk_IBUF_BUFG
    SLICE_X58Y83         FDCE                                         r  gen_pipeline_cpu.cpu/u_ex_mem/store_out_reg[12]/C
  -------------------------------------------------------------------    -------------------
    SLICE_X58Y83         FDCE (Prop_fdce_C_Q)         0.141     1.638 r  gen_pipeline_cpu.cpu/u_ex_mem/store_out_reg[12]/Q
                         net (fo=8, routed)           0.113     1.752    gen_pipeline_cpu.cpu/u_dmem/ram_reg_0_255_12_12/D
    SLICE_X60Y84         RAMS64E                                      r  gen_pipeline_cpu.cpu/u_dmem/ram_reg_0_255_12_12/RAMS64E_B/I
  -------------------------------------------------------------------    -------------------

                         (clock sys_clk rise edge)    0.000     0.000 r  
    T5                                                0.000     0.000 r  I_clk (IN)
                         net (fo=0)                   0.000     0.000    I_clk
    T5                   IBUF (Prop_ibuf_I_O)         0.442     0.442 r  I_clk_IBUF_inst/O
                         net (fo=1, routed)           0.685     1.126    I_clk_IBUF
    BUFGCTRL_X0Y0        BUFG (Prop_bufg_I_O)         0.029     1.155 r  I_clk_IBUF_BUFG_inst/O
                         net (fo=2010, routed)        0.855     2.011    gen_pipeline_cpu.cpu/u_dmem/ram_reg_0_255_12_12/WCLK
    SLICE_X60Y84         RAMS64E                                      r  gen_pipeline_cpu.cpu/u_dmem/ram_reg_0_255_12_12/RAMS64E_B/CLK
                         clock pessimism             -0.498     1.512    
    SLICE_X60Y84         RAMS64E (Hold_rams64e_CLK_I)
                                                      0.105     1.617    gen_pipeline_cpu.cpu/u_dmem/ram_reg_0_255_12_12/RAMS64E_B
  -------------------------------------------------------------------
                         required time                         -1.617    
                         arrival time                           1.752    
  -------------------------------------------------------------------
                         slack                                  0.134    

Slack (MET) :             0.137ns  (arrival time - required time)
  Source:                 gen_pipeline_cpu.cpu/u_ex_mem/store_out_reg[29]/C
                            (rising edge-triggered cell FDCE clocked by sys_clk  {rise@0.000ns fall@5.000ns period=10.000ns})
  Destination:            gen_pipeline_cpu.cpu/u_dmem/ram_reg_256_511_29_29/RAMS64E_D/I
                            (rising edge-triggered cell RAMS64E clocked by sys_clk  {rise@0.000ns fall@5.000ns period=10.000ns})
  Path Group:             sys_clk
  Path Type:              Hold (Min at Fast Process Corner)
  Requirement:            0.000ns  (sys_clk rise@0.000ns - sys_clk rise@0.000ns)
  Data Path Delay:        0.264ns  (logic 0.128ns (48.434%)  route 0.136ns (51.566%))
  Logic Levels:           0  
  Clock Path Skew:        0.037ns (DCD - SCD - CPR)
    Destination Clock Delay (DCD):    1.989ns
    Source Clock Delay      (SCD):    1.473ns
    Clock Pessimism Removal (CPR):    0.478ns

    Location             Delay type                Incr(ns)  Path(ns)    Netlist Resource(s)
  -------------------------------------------------------------------    -------------------
                         (clock sys_clk rise edge)    0.000     0.000 r  
    T5                                                0.000     0.000 r  I_clk (IN)
                         net (fo=0)                   0.000     0.000    I_clk
    T5                   IBUF (Prop_ibuf_I_O)         0.254     0.254 r  I_clk_IBUF_inst/O
                         net (fo=1, routed)           0.631     0.885    I_clk_IBUF
    BUFGCTRL_X0Y0        BUFG (Prop_bufg_I_O)         0.026     0.911 r  I_clk_IBUF_BUFG_inst/O
                         net (fo=2010, routed)        0.563     1.473    gen_pipeline_cpu.cpu/u_ex_mem/I_clk_IBUF_BUFG
    SLICE_X55Y90         FDCE                                         r  gen_pipeline_cpu.cpu/u_ex_mem/store_out_reg[29]/C
  -------------------------------------------------------------------    -------------------
    SLICE_X55Y90         FDCE (Prop_fdce_C_Q)         0.128     1.601 r  gen_pipeline_cpu.cpu/u_ex_mem/store_out_reg[29]/Q
                         net (fo=8, routed)           0.136     1.738    gen_pipeline_cpu.cpu/u_dmem/ram_reg_256_511_29_29/D
    SLICE_X56Y90         RAMS64E                                      r  gen_pipeline_cpu.cpu/u_dmem/ram_reg_256_511_29_29/RAMS64E_D/I
  -------------------------------------------------------------------    -------------------

                         (clock sys_clk rise edge)    0.000     0.000 r  
    T5                                                0.000     0.000 r  I_clk (IN)
                         net (fo=0)                   0.000     0.000    I_clk
    T5                   IBUF (Prop_ibuf_I_O)         0.442     0.442 r  I_clk_IBUF_inst/O
                         net (fo=1, routed)           0.685     1.126    I_clk_IBUF
    BUFGCTRL_X0Y0        BUFG (Prop_bufg_I_O)         0.029     1.155 r  I_clk_IBUF_BUFG_inst/O
                         net (fo=2010, routed)        0.833     1.989    gen_pipeline_cpu.cpu/u_dmem/ram_reg_256_511_29_29/WCLK
    SLICE_X56Y90         RAMS64E                                      r  gen_pipeline_cpu.cpu/u_dmem/ram_reg_256_511_29_29/RAMS64E_D/CLK
                         clock pessimism             -0.478     1.510    
    SLICE_X56Y90         RAMS64E (Hold_rams64e_CLK_I)
                                                      0.090     1.600    gen_pipeline_cpu.cpu/u_dmem/ram_reg_256_511_29_29/RAMS64E_D
  -------------------------------------------------------------------
                         required time                         -1.600    
                         arrival time                           1.738    
  -------------------------------------------------------------------
                         slack                                  0.137    





Pulse Width Checks
--------------------------------------------------------------------------------------
Clock Name:         sys_clk
Waveform(ns):       { 0.000 5.000 }
Period(ns):         10.000
Sources:            { I_clk }

Check Type        Corner  Lib Pin      Reference Pin  Required(ns)  Actual(ns)  Slack(ns)  Location       Pin
Min Period        n/a     BUFG/I       n/a            2.155         10.000      7.845      BUFGCTRL_X0Y0  I_clk_IBUF_BUFG_inst/I
Min Period        n/a     FDCE/C       n/a            1.000         10.000      9.000      SLICE_X44Y83   gen_pipeline_cpu.cpu/u_ex_mem/wb_val_out_reg[23]/C
Min Period        n/a     FDCE/C       n/a            1.000         10.000      9.000      SLICE_X43Y86   gen_pipeline_cpu.cpu/u_ex_mem/wb_val_out_reg[24]/C
Min Period        n/a     FDCE/C       n/a            1.000         10.000      9.000      SLICE_X43Y85   gen_pipeline_cpu.cpu/u_ex_mem/wb_val_out_reg[25]/C
Min Period        n/a     FDCE/C       n/a            1.000         10.000      9.000      SLICE_X42Y85   gen_pipeline_cpu.cpu/u_ex_mem/wb_val_out_reg[26]/C
Min Period        n/a     FDCE/C       n/a            1.000         10.000      9.000      SLICE_X45Y85   gen_pipeline_cpu.cpu/u_ex_mem/wb_val_out_reg[27]/C
Min Period        n/a     FDCE/C       n/a            1.000         10.000      9.000      SLICE_X41Y86   gen_pipeline_cpu.cpu/u_ex_mem/wb_val_out_reg[28]/C
Min Period        n/a     FDCE/C       n/a            1.000         10.000      9.000      SLICE_X47Y83   gen_pipeline_cpu.cpu/u_id_ex/pc_out_reg[21]/C
Min Period        n/a     FDCE/C       n/a            1.000         10.000      9.000      SLICE_X47Y83   gen_pipeline_cpu.cpu/u_id_ex/pc_out_reg[22]/C
Min Period        n/a     FDCE/C       n/a            1.000         10.000      9.000      SLICE_X47Y83   gen_pipeline_cpu.cpu/u_id_ex/pc_out_reg[23]/C
Low Pulse Width   Fast    RAMS64E/CLK  n/a            1.250         5.000       3.750      SLICE_X54Y76   gen_pipeline_cpu.cpu/u_dmem/ram_reg_0_255_2_2/RAMS64E_C/CLK
Low Pulse Width   Fast    RAMS64E/CLK  n/a            1.250         5.000       3.750      SLICE_X54Y76   gen_pipeline_cpu.cpu/u_dmem/ram_reg_0_255_2_2/RAMS64E_D/CLK
Low Pulse Width   Fast    RAMS64E/CLK  n/a            1.250         5.000       3.750      SLICE_X60Y78   gen_pipeline_cpu.cpu/u_dmem/ram_reg_256_511_7_7/RAMS64E_C/CLK
Low Pulse Width   Fast    RAMS64E/CLK  n/a            1.250         5.000       3.750      SLICE_X60Y78   gen_pipeline_cpu.cpu/u_dmem/ram_reg_256_511_7_7/RAMS64E_D/CLK
Low Pulse Width   Fast    RAMS64E/CLK  n/a            1.250         5.000       3.750      SLICE_X52Y76   gen_pipeline_cpu.cpu/u_dmem/ram_reg_0_255_3_3/RAMS64E_A/CLK
Low Pulse Width   Fast    RAMS64E/CLK  n/a            1.250         5.000       3.750      SLICE_X52Y76   gen_pipeline_cpu.cpu/u_dmem/ram_reg_0_255_3_3/RAMS64E_B/CLK
Low Pulse Width   Fast    RAMS64E/CLK  n/a            1.250         5.000       3.750      SLICE_X52Y76   gen_pipeline_cpu.cpu/u_dmem/ram_reg_0_255_3_3/RAMS64E_C/CLK
Low Pulse Width   Fast    RAMS64E/CLK  n/a            1.250         5.000       3.750      SLICE_X52Y76   gen_pipeline_cpu.cpu/u_dmem/ram_reg_0_255_3_3/RAMS64E_D/CLK
Low Pulse Width   Fast    RAMS64E/CLK  n/a            1.250         5.000       3.750      SLICE_X56Y84   gen_pipeline_cpu.cpu/u_dmem/ram_reg_256_511_20_20/RAMS64E_A/CLK
Low Pulse Width   Fast    RAMS64E/CLK  n/a            1.250         5.000       3.750      SLICE_X56Y84   gen_pipeline_cpu.cpu/u_dmem/ram_reg_256_511_20_20/RAMS64E_B/CLK
High Pulse Width  Slow    RAMS64E/CLK  n/a            1.250         5.000       3.750      SLICE_X60Y80   gen_pipeline_cpu.cpu/u_dmem/ram_reg_256_511_8_8/RAMS64E_A/CLK
High Pulse Width  Slow    RAMS64E/CLK  n/a            1.250         5.000       3.750      SLICE_X60Y80   gen_pipeline_cpu.cpu/u_dmem/ram_reg_256_511_8_8/RAMS64E_B/CLK
High Pulse Width  Slow    RAMS64E/CLK  n/a            1.250         5.000       3.750      SLICE_X60Y80   gen_pipeline_cpu.cpu/u_dmem/ram_reg_256_511_8_8/RAMS64E_C/CLK
High Pulse Width  Slow    RAMS64E/CLK  n/a            1.250         5.000       3.750      SLICE_X60Y80   gen_pipeline_cpu.cpu/u_dmem/ram_reg_256_511_8_8/RAMS64E_D/CLK
High Pulse Width  Slow    RAMS64E/CLK  n/a            1.250         5.000       3.750      SLICE_X54Y85   gen_pipeline_cpu.cpu/u_dmem/ram_reg_256_511_22_22/RAMS64E_A/CLK
High Pulse Width  Slow    RAMS64E/CLK  n/a            1.250         5.000       3.750      SLICE_X54Y85   gen_pipeline_cpu.cpu/u_dmem/ram_reg_256_511_22_22/RAMS64E_B/CLK
High Pulse Width  Slow    RAMS64E/CLK  n/a            1.250         5.000       3.750      SLICE_X54Y85   gen_pipeline_cpu.cpu/u_dmem/ram_reg_256_511_22_22/RAMS64E_C/CLK
High Pulse Width  Slow    RAMS64E/CLK  n/a            1.250         5.000       3.750      SLICE_X54Y85   gen_pipeline_cpu.cpu/u_dmem/ram_reg_256_511_22_22/RAMS64E_D/CLK
High Pulse Width  Slow    RAMS64E/CLK  n/a            1.250         5.000       3.750      SLICE_X60Y79   gen_pipeline_cpu.cpu/u_dmem/ram_reg_0_255_7_7/RAMS64E_A/CLK
High Pulse Width  Slow    RAMS64E/CLK  n/a            1.250         5.000       3.750      SLICE_X56Y86   gen_pipeline_cpu.cpu/u_dmem/ram_reg_0_255_19_19/RAMS64E_A/CLK



---------------------------------------------------------------------------------------------------
Path Group:  **async_default**
From Clock:  sys_clk
  To Clock:  sys_clk

Setup :            0  Failing Endpoints,  Worst Slack        1.333ns,  Total Violation        0.000ns
Hold  :            0  Failing Endpoints,  Worst Slack        0.940ns,  Total Violation        0.000ns
---------------------------------------------------------------------------------------------------


Max Delay Paths
--------------------------------------------------------------------------------------
Slack (MET) :             1.333ns  (required time - arrival time)
  Source:                 reset_pipe_reg[1]/C
                            (rising edge-triggered cell FDCE clocked by sys_clk  {rise@0.000ns fall@5.000ns period=10.000ns})
  Destination:            gen_pipeline_cpu.cpu/u_regfile/regs_reg[22][23]/CLR
                            (recovery check against rising-edge clock sys_clk  {rise@0.000ns fall@5.000ns period=10.000ns})
  Path Group:             **async_default**
  Path Type:              Recovery (Max at Slow Process Corner)
  Requirement:            10.000ns  (sys_clk rise@10.000ns - sys_clk rise@0.000ns)
  Data Path Delay:        8.258ns  (logic 0.773ns (9.361%)  route 7.485ns (90.639%))
  Logic Levels:           1  (LUT1=1)
  Clock Path Skew:        0.031ns (DCD - SCD + CPR)
    Destination Clock Delay (DCD):    4.877ns = ( 14.877 - 10.000 ) 
    Source Clock Delay      (SCD):    5.104ns
    Clock Pessimism Removal (CPR):    0.258ns
  Clock Uncertainty:      0.035ns  ((TSJ^2 + TIJ^2)^1/2 + DJ) / 2 + PE
    Total System Jitter     (TSJ):    0.071ns
    Total Input Jitter      (TIJ):    0.000ns
    Discrete Jitter          (DJ):    0.000ns
    Phase Error              (PE):    0.000ns

    Location             Delay type                Incr(ns)  Path(ns)    Netlist Resource(s)
  -------------------------------------------------------------------    -------------------
                         (clock sys_clk rise edge)    0.000     0.000 r  
    T5                                                0.000     0.000 r  I_clk (IN)
                         net (fo=0)                   0.000     0.000    I_clk
    T5                   IBUF (Prop_ibuf_I_O)         1.486     1.486 r  I_clk_IBUF_inst/O
                         net (fo=1, routed)           1.967     3.452    I_clk_IBUF
    BUFGCTRL_X0Y0        BUFG (Prop_bufg_I_O)         0.096     3.548 r  I_clk_IBUF_BUFG_inst/O
                         net (fo=2010, routed)        1.556     5.104    I_clk_IBUF_BUFG
    SLICE_X56Y61         FDCE                                         r  reset_pipe_reg[1]/C
  -------------------------------------------------------------------    -------------------
    SLICE_X56Y61         FDCE (Prop_fdce_C_Q)         0.478     5.582 r  reset_pipe_reg[1]/Q
                         net (fo=1, routed)           0.853     6.436    gen_pipeline_cpu.cpu/u_regfile/out[0]
    SLICE_X56Y61         LUT1 (Prop_lut1_I0_O)        0.295     6.731 f  gen_pipeline_cpu.cpu/u_regfile/pc_out[31]_i_3__0/O
                         net (fo=1752, routed)        6.631    13.362    gen_pipeline_cpu.cpu/u_regfile/reset_pipe_reg[1]
    SLICE_X58Y98         FDCE                                         f  gen_pipeline_cpu.cpu/u_regfile/regs_reg[22][23]/CLR
  -------------------------------------------------------------------    -------------------

                         (clock sys_clk rise edge)   10.000    10.000 r  
    T5                                                0.000    10.000 r  I_clk (IN)
                         net (fo=0)                   0.000    10.000    I_clk
    T5                   IBUF (Prop_ibuf_I_O)         1.415    11.415 r  I_clk_IBUF_inst/O
                         net (fo=1, routed)           1.862    13.277    I_clk_IBUF
    BUFGCTRL_X0Y0        BUFG (Prop_bufg_I_O)         0.091    13.368 r  I_clk_IBUF_BUFG_inst/O
                         net (fo=2010, routed)        1.509    14.877    gen_pipeline_cpu.cpu/u_regfile/I_clk_IBUF_BUFG
    SLICE_X58Y98         FDCE                                         r  gen_pipeline_cpu.cpu/u_regfile/regs_reg[22][23]/C
                         clock pessimism              0.258    15.135    
                         clock uncertainty           -0.035    15.100    
    SLICE_X58Y98         FDCE (Recov_fdce_C_CLR)     -0.405    14.695    gen_pipeline_cpu.cpu/u_regfile/regs_reg[22][23]
  -------------------------------------------------------------------
                         required time                         14.695    
                         arrival time                         -13.362    
  -------------------------------------------------------------------
                         slack                                  1.333    

Slack (MET) :             1.333ns  (required time - arrival time)
  Source:                 reset_pipe_reg[1]/C
                            (rising edge-triggered cell FDCE clocked by sys_clk  {rise@0.000ns fall@5.000ns period=10.000ns})
  Destination:            gen_pipeline_cpu.cpu/u_regfile/regs_reg[22][31]/CLR
                            (recovery check against rising-edge clock sys_clk  {rise@0.000ns fall@5.000ns period=10.000ns})
  Path Group:             **async_default**
  Path Type:              Recovery (Max at Slow Process Corner)
  Requirement:            10.000ns  (sys_clk rise@10.000ns - sys_clk rise@0.000ns)
  Data Path Delay:        8.258ns  (logic 0.773ns (9.361%)  route 7.485ns (90.639%))
  Logic Levels:           1  (LUT1=1)
  Clock Path Skew:        0.031ns (DCD - SCD + CPR)
    Destination Clock Delay (DCD):    4.877ns = ( 14.877 - 10.000 ) 
    Source Clock Delay      (SCD):    5.104ns
    Clock Pessimism Removal (CPR):    0.258ns
  Clock Uncertainty:      0.035ns  ((TSJ^2 + TIJ^2)^1/2 + DJ) / 2 + PE
    Total System Jitter     (TSJ):    0.071ns
    Total Input Jitter      (TIJ):    0.000ns
    Discrete Jitter          (DJ):    0.000ns
    Phase Error              (PE):    0.000ns

    Location             Delay type                Incr(ns)  Path(ns)    Netlist Resource(s)
  -------------------------------------------------------------------    -------------------
                         (clock sys_clk rise edge)    0.000     0.000 r  
    T5                                                0.000     0.000 r  I_clk (IN)
                         net (fo=0)                   0.000     0.000    I_clk
    T5                   IBUF (Prop_ibuf_I_O)         1.486     1.486 r  I_clk_IBUF_inst/O
                         net (fo=1, routed)           1.967     3.452    I_clk_IBUF
    BUFGCTRL_X0Y0        BUFG (Prop_bufg_I_O)         0.096     3.548 r  I_clk_IBUF_BUFG_inst/O
                         net (fo=2010, routed)        1.556     5.104    I_clk_IBUF_BUFG
    SLICE_X56Y61         FDCE                                         r  reset_pipe_reg[1]/C
  -------------------------------------------------------------------    -------------------
    SLICE_X56Y61         FDCE (Prop_fdce_C_Q)         0.478     5.582 r  reset_pipe_reg[1]/Q
                         net (fo=1, routed)           0.853     6.436    gen_pipeline_cpu.cpu/u_regfile/out[0]
    SLICE_X56Y61         LUT1 (Prop_lut1_I0_O)        0.295     6.731 f  gen_pipeline_cpu.cpu/u_regfile/pc_out[31]_i_3__0/O
                         net (fo=1752, routed)        6.631    13.362    gen_pipeline_cpu.cpu/u_regfile/reset_pipe_reg[1]
    SLICE_X58Y98         FDCE                                         f  gen_pipeline_cpu.cpu/u_regfile/regs_reg[22][31]/CLR
  -------------------------------------------------------------------    -------------------

                         (clock sys_clk rise edge)   10.000    10.000 r  
    T5                                                0.000    10.000 r  I_clk (IN)
                         net (fo=0)                   0.000    10.000    I_clk
    T5                   IBUF (Prop_ibuf_I_O)         1.415    11.415 r  I_clk_IBUF_inst/O
                         net (fo=1, routed)           1.862    13.277    I_clk_IBUF
    BUFGCTRL_X0Y0        BUFG (Prop_bufg_I_O)         0.091    13.368 r  I_clk_IBUF_BUFG_inst/O
                         net (fo=2010, routed)        1.509    14.877    gen_pipeline_cpu.cpu/u_regfile/I_clk_IBUF_BUFG
    SLICE_X58Y98         FDCE                                         r  gen_pipeline_cpu.cpu/u_regfile/regs_reg[22][31]/C
                         clock pessimism              0.258    15.135    
                         clock uncertainty           -0.035    15.100    
    SLICE_X58Y98         FDCE (Recov_fdce_C_CLR)     -0.405    14.695    gen_pipeline_cpu.cpu/u_regfile/regs_reg[22][31]
  -------------------------------------------------------------------
                         required time                         14.695    
                         arrival time                         -13.362    
  -------------------------------------------------------------------
                         slack                                  1.333    

Slack (MET) :             1.337ns  (required time - arrival time)
  Source:                 reset_pipe_reg[1]/C
                            (rising edge-triggered cell FDCE clocked by sys_clk  {rise@0.000ns fall@5.000ns period=10.000ns})
  Destination:            gen_pipeline_cpu.cpu/u_regfile/regs_reg[19][23]/CLR
                            (recovery check against rising-edge clock sys_clk  {rise@0.000ns fall@5.000ns period=10.000ns})
  Path Group:             **async_default**
  Path Type:              Recovery (Max at Slow Process Corner)
  Requirement:            10.000ns  (sys_clk rise@10.000ns - sys_clk rise@0.000ns)
  Data Path Delay:        8.254ns  (logic 0.773ns (9.366%)  route 7.481ns (90.634%))
  Logic Levels:           1  (LUT1=1)
  Clock Path Skew:        0.031ns (DCD - SCD + CPR)
    Destination Clock Delay (DCD):    4.877ns = ( 14.877 - 10.000 ) 
    Source Clock Delay      (SCD):    5.104ns
    Clock Pessimism Removal (CPR):    0.258ns
  Clock Uncertainty:      0.035ns  ((TSJ^2 + TIJ^2)^1/2 + DJ) / 2 + PE
    Total System Jitter     (TSJ):    0.071ns
    Total Input Jitter      (TIJ):    0.000ns
    Discrete Jitter          (DJ):    0.000ns
    Phase Error              (PE):    0.000ns

    Location             Delay type                Incr(ns)  Path(ns)    Netlist Resource(s)
  -------------------------------------------------------------------    -------------------
                         (clock sys_clk rise edge)    0.000     0.000 r  
    T5                                                0.000     0.000 r  I_clk (IN)
                         net (fo=0)                   0.000     0.000    I_clk
    T5                   IBUF (Prop_ibuf_I_O)         1.486     1.486 r  I_clk_IBUF_inst/O
                         net (fo=1, routed)           1.967     3.452    I_clk_IBUF
    BUFGCTRL_X0Y0        BUFG (Prop_bufg_I_O)         0.096     3.548 r  I_clk_IBUF_BUFG_inst/O
                         net (fo=2010, routed)        1.556     5.104    I_clk_IBUF_BUFG
    SLICE_X56Y61         FDCE                                         r  reset_pipe_reg[1]/C
  -------------------------------------------------------------------    -------------------
    SLICE_X56Y61         FDCE (Prop_fdce_C_Q)         0.478     5.582 r  reset_pipe_reg[1]/Q
                         net (fo=1, routed)           0.853     6.436    gen_pipeline_cpu.cpu/u_regfile/out[0]
    SLICE_X56Y61         LUT1 (Prop_lut1_I0_O)        0.295     6.731 f  gen_pipeline_cpu.cpu/u_regfile/pc_out[31]_i_3__0/O
                         net (fo=1752, routed)        6.627    13.358    gen_pipeline_cpu.cpu/u_regfile/reset_pipe_reg[1]
    SLICE_X59Y98         FDCE                                         f  gen_pipeline_cpu.cpu/u_regfile/regs_reg[19][23]/CLR
  -------------------------------------------------------------------    -------------------

                         (clock sys_clk rise edge)   10.000    10.000 r  
    T5                                                0.000    10.000 r  I_clk (IN)
                         net (fo=0)                   0.000    10.000    I_clk
    T5                   IBUF (Prop_ibuf_I_O)         1.415    11.415 r  I_clk_IBUF_inst/O
                         net (fo=1, routed)           1.862    13.277    I_clk_IBUF
    BUFGCTRL_X0Y0        BUFG (Prop_bufg_I_O)         0.091    13.368 r  I_clk_IBUF_BUFG_inst/O
                         net (fo=2010, routed)        1.509    14.877    gen_pipeline_cpu.cpu/u_regfile/I_clk_IBUF_BUFG
    SLICE_X59Y98         FDCE                                         r  gen_pipeline_cpu.cpu/u_regfile/regs_reg[19][23]/C
                         clock pessimism              0.258    15.135    
                         clock uncertainty           -0.035    15.100    
    SLICE_X59Y98         FDCE (Recov_fdce_C_CLR)     -0.405    14.695    gen_pipeline_cpu.cpu/u_regfile/regs_reg[19][23]
  -------------------------------------------------------------------
                         required time                         14.695    
                         arrival time                         -13.358    
  -------------------------------------------------------------------
                         slack                                  1.337    

Slack (MET) :             1.337ns  (required time - arrival time)
  Source:                 reset_pipe_reg[1]/C
                            (rising edge-triggered cell FDCE clocked by sys_clk  {rise@0.000ns fall@5.000ns period=10.000ns})
  Destination:            gen_pipeline_cpu.cpu/u_regfile/regs_reg[19][27]/CLR
                            (recovery check against rising-edge clock sys_clk  {rise@0.000ns fall@5.000ns period=10.000ns})
  Path Group:             **async_default**
  Path Type:              Recovery (Max at Slow Process Corner)
  Requirement:            10.000ns  (sys_clk rise@10.000ns - sys_clk rise@0.000ns)
  Data Path Delay:        8.254ns  (logic 0.773ns (9.366%)  route 7.481ns (90.634%))
  Logic Levels:           1  (LUT1=1)
  Clock Path Skew:        0.031ns (DCD - SCD + CPR)
    Destination Clock Delay (DCD):    4.877ns = ( 14.877 - 10.000 ) 
    Source Clock Delay      (SCD):    5.104ns
    Clock Pessimism Removal (CPR):    0.258ns
  Clock Uncertainty:      0.035ns  ((TSJ^2 + TIJ^2)^1/2 + DJ) / 2 + PE
    Total System Jitter     (TSJ):    0.071ns
    Total Input Jitter      (TIJ):    0.000ns
    Discrete Jitter          (DJ):    0.000ns
    Phase Error              (PE):    0.000ns

    Location             Delay type                Incr(ns)  Path(ns)    Netlist Resource(s)
  -------------------------------------------------------------------    -------------------
                         (clock sys_clk rise edge)    0.000     0.000 r  
    T5                                                0.000     0.000 r  I_clk (IN)
                         net (fo=0)                   0.000     0.000    I_clk
    T5                   IBUF (Prop_ibuf_I_O)         1.486     1.486 r  I_clk_IBUF_inst/O
                         net (fo=1, routed)           1.967     3.452    I_clk_IBUF
    BUFGCTRL_X0Y0        BUFG (Prop_bufg_I_O)         0.096     3.548 r  I_clk_IBUF_BUFG_inst/O
                         net (fo=2010, routed)        1.556     5.104    I_clk_IBUF_BUFG
    SLICE_X56Y61         FDCE                                         r  reset_pipe_reg[1]/C
  -------------------------------------------------------------------    -------------------
    SLICE_X56Y61         FDCE (Prop_fdce_C_Q)         0.478     5.582 r  reset_pipe_reg[1]/Q
                         net (fo=1, routed)           0.853     6.436    gen_pipeline_cpu.cpu/u_regfile/out[0]
    SLICE_X56Y61         LUT1 (Prop_lut1_I0_O)        0.295     6.731 f  gen_pipeline_cpu.cpu/u_regfile/pc_out[31]_i_3__0/O
                         net (fo=1752, routed)        6.627    13.358    gen_pipeline_cpu.cpu/u_regfile/reset_pipe_reg[1]
    SLICE_X59Y98         FDCE                                         f  gen_pipeline_cpu.cpu/u_regfile/regs_reg[19][27]/CLR
  -------------------------------------------------------------------    -------------------

                         (clock sys_clk rise edge)   10.000    10.000 r  
    T5                                                0.000    10.000 r  I_clk (IN)
                         net (fo=0)                   0.000    10.000    I_clk
    T5                   IBUF (Prop_ibuf_I_O)         1.415    11.415 r  I_clk_IBUF_inst/O
                         net (fo=1, routed)           1.862    13.277    I_clk_IBUF
    BUFGCTRL_X0Y0        BUFG (Prop_bufg_I_O)         0.091    13.368 r  I_clk_IBUF_BUFG_inst/O
                         net (fo=2010, routed)        1.509    14.877    gen_pipeline_cpu.cpu/u_regfile/I_clk_IBUF_BUFG
    SLICE_X59Y98         FDCE                                         r  gen_pipeline_cpu.cpu/u_regfile/regs_reg[19][27]/C
                         clock pessimism              0.258    15.135    
                         clock uncertainty           -0.035    15.100    
    SLICE_X59Y98         FDCE (Recov_fdce_C_CLR)     -0.405    14.695    gen_pipeline_cpu.cpu/u_regfile/regs_reg[19][27]
  -------------------------------------------------------------------
                         required time                         14.695    
                         arrival time                         -13.358    
  -------------------------------------------------------------------
                         slack                                  1.337    

Slack (MET) :             1.337ns  (required time - arrival time)
  Source:                 reset_pipe_reg[1]/C
                            (rising edge-triggered cell FDCE clocked by sys_clk  {rise@0.000ns fall@5.000ns period=10.000ns})
  Destination:            gen_pipeline_cpu.cpu/u_regfile/regs_reg[19][31]/CLR
                            (recovery check against rising-edge clock sys_clk  {rise@0.000ns fall@5.000ns period=10.000ns})
  Path Group:             **async_default**
  Path Type:              Recovery (Max at Slow Process Corner)
  Requirement:            10.000ns  (sys_clk rise@10.000ns - sys_clk rise@0.000ns)
  Data Path Delay:        8.254ns  (logic 0.773ns (9.366%)  route 7.481ns (90.634%))
  Logic Levels:           1  (LUT1=1)
  Clock Path Skew:        0.031ns (DCD - SCD + CPR)
    Destination Clock Delay (DCD):    4.877ns = ( 14.877 - 10.000 ) 
    Source Clock Delay      (SCD):    5.104ns
    Clock Pessimism Removal (CPR):    0.258ns
  Clock Uncertainty:      0.035ns  ((TSJ^2 + TIJ^2)^1/2 + DJ) / 2 + PE
    Total System Jitter     (TSJ):    0.071ns
    Total Input Jitter      (TIJ):    0.000ns
    Discrete Jitter          (DJ):    0.000ns
    Phase Error              (PE):    0.000ns

    Location             Delay type                Incr(ns)  Path(ns)    Netlist Resource(s)
  -------------------------------------------------------------------    -------------------
                         (clock sys_clk rise edge)    0.000     0.000 r  
    T5                                                0.000     0.000 r  I_clk (IN)
                         net (fo=0)                   0.000     0.000    I_clk
    T5                   IBUF (Prop_ibuf_I_O)         1.486     1.486 r  I_clk_IBUF_inst/O
                         net (fo=1, routed)           1.967     3.452    I_clk_IBUF
    BUFGCTRL_X0Y0        BUFG (Prop_bufg_I_O)         0.096     3.548 r  I_clk_IBUF_BUFG_inst/O
                         net (fo=2010, routed)        1.556     5.104    I_clk_IBUF_BUFG
    SLICE_X56Y61         FDCE                                         r  reset_pipe_reg[1]/C
  -------------------------------------------------------------------    -------------------
    SLICE_X56Y61         FDCE (Prop_fdce_C_Q)         0.478     5.582 r  reset_pipe_reg[1]/Q
                         net (fo=1, routed)           0.853     6.436    gen_pipeline_cpu.cpu/u_regfile/out[0]
    SLICE_X56Y61         LUT1 (Prop_lut1_I0_O)        0.295     6.731 f  gen_pipeline_cpu.cpu/u_regfile/pc_out[31]_i_3__0/O
                         net (fo=1752, routed)        6.627    13.358    gen_pipeline_cpu.cpu/u_regfile/reset_pipe_reg[1]
    SLICE_X59Y98         FDCE                                         f  gen_pipeline_cpu.cpu/u_regfile/regs_reg[19][31]/CLR
  -------------------------------------------------------------------    -------------------

                         (clock sys_clk rise edge)   10.000    10.000 r  
    T5                                                0.000    10.000 r  I_clk (IN)
                         net (fo=0)                   0.000    10.000    I_clk
    T5                   IBUF (Prop_ibuf_I_O)         1.415    11.415 r  I_clk_IBUF_inst/O
                         net (fo=1, routed)           1.862    13.277    I_clk_IBUF
    BUFGCTRL_X0Y0        BUFG (Prop_bufg_I_O)         0.091    13.368 r  I_clk_IBUF_BUFG_inst/O
                         net (fo=2010, routed)        1.509    14.877    gen_pipeline_cpu.cpu/u_regfile/I_clk_IBUF_BUFG
    SLICE_X59Y98         FDCE                                         r  gen_pipeline_cpu.cpu/u_regfile/regs_reg[19][31]/C
                         clock pessimism              0.258    15.135    
                         clock uncertainty           -0.035    15.100    
    SLICE_X59Y98         FDCE (Recov_fdce_C_CLR)     -0.405    14.695    gen_pipeline_cpu.cpu/u_regfile/regs_reg[19][31]
  -------------------------------------------------------------------
                         required time                         14.695    
                         arrival time                         -13.358    
  -------------------------------------------------------------------
                         slack                                  1.337    

Slack (MET) :             1.465ns  (required time - arrival time)
  Source:                 reset_pipe_reg[1]/C
                            (rising edge-triggered cell FDCE clocked by sys_clk  {rise@0.000ns fall@5.000ns period=10.000ns})
  Destination:            gen_pipeline_cpu.cpu/u_regfile/regs_reg[2][11]/CLR
                            (recovery check against rising-edge clock sys_clk  {rise@0.000ns fall@5.000ns period=10.000ns})
  Path Group:             **async_default**
  Path Type:              Recovery (Max at Slow Process Corner)
  Requirement:            10.000ns  (sys_clk rise@10.000ns - sys_clk rise@0.000ns)
  Data Path Delay:        8.125ns  (logic 0.773ns (9.514%)  route 7.352ns (90.486%))
  Logic Levels:           1  (LUT1=1)
  Clock Path Skew:        0.030ns (DCD - SCD + CPR)
    Destination Clock Delay (DCD):    4.876ns = ( 14.876 - 10.000 ) 
    Source Clock Delay      (SCD):    5.104ns
    Clock Pessimism Removal (CPR):    0.258ns
  Clock Uncertainty:      0.035ns  ((TSJ^2 + TIJ^2)^1/2 + DJ) / 2 + PE
    Total System Jitter     (TSJ):    0.071ns
    Total Input Jitter      (TIJ):    0.000ns
    Discrete Jitter          (DJ):    0.000ns
    Phase Error              (PE):    0.000ns

    Location             Delay type                Incr(ns)  Path(ns)    Netlist Resource(s)
  -------------------------------------------------------------------    -------------------
                         (clock sys_clk rise edge)    0.000     0.000 r  
    T5                                                0.000     0.000 r  I_clk (IN)
                         net (fo=0)                   0.000     0.000    I_clk
    T5                   IBUF (Prop_ibuf_I_O)         1.486     1.486 r  I_clk_IBUF_inst/O
                         net (fo=1, routed)           1.967     3.452    I_clk_IBUF
    BUFGCTRL_X0Y0        BUFG (Prop_bufg_I_O)         0.096     3.548 r  I_clk_IBUF_BUFG_inst/O
                         net (fo=2010, routed)        1.556     5.104    I_clk_IBUF_BUFG
    SLICE_X56Y61         FDCE                                         r  reset_pipe_reg[1]/C
  -------------------------------------------------------------------    -------------------
    SLICE_X56Y61         FDCE (Prop_fdce_C_Q)         0.478     5.582 r  reset_pipe_reg[1]/Q
                         net (fo=1, routed)           0.853     6.436    gen_pipeline_cpu.cpu/u_regfile/out[0]
    SLICE_X56Y61         LUT1 (Prop_lut1_I0_O)        0.295     6.731 f  gen_pipeline_cpu.cpu/u_regfile/pc_out[31]_i_3__0/O
                         net (fo=1752, routed)        6.498    13.229    gen_pipeline_cpu.cpu/u_regfile/reset_pipe_reg[1]
    SLICE_X58Y96         FDCE                                         f  gen_pipeline_cpu.cpu/u_regfile/regs_reg[2][11]/CLR
  -------------------------------------------------------------------    -------------------

                         (clock sys_clk rise edge)   10.000    10.000 r  
    T5                                                0.000    10.000 r  I_clk (IN)
                         net (fo=0)                   0.000    10.000    I_clk
    T5                   IBUF (Prop_ibuf_I_O)         1.415    11.415 r  I_clk_IBUF_inst/O
                         net (fo=1, routed)           1.862    13.277    I_clk_IBUF
    BUFGCTRL_X0Y0        BUFG (Prop_bufg_I_O)         0.091    13.368 r  I_clk_IBUF_BUFG_inst/O
                         net (fo=2010, routed)        1.508    14.876    gen_pipeline_cpu.cpu/u_regfile/I_clk_IBUF_BUFG
    SLICE_X58Y96         FDCE                                         r  gen_pipeline_cpu.cpu/u_regfile/regs_reg[2][11]/C
                         clock pessimism              0.258    15.134    
                         clock uncertainty           -0.035    15.099    
    SLICE_X58Y96         FDCE (Recov_fdce_C_CLR)     -0.405    14.694    gen_pipeline_cpu.cpu/u_regfile/regs_reg[2][11]
  -------------------------------------------------------------------
                         required time                         14.694    
                         arrival time                         -13.229    
  -------------------------------------------------------------------
                         slack                                  1.465    

Slack (MET) :             1.465ns  (required time - arrival time)
  Source:                 reset_pipe_reg[1]/C
                            (rising edge-triggered cell FDCE clocked by sys_clk  {rise@0.000ns fall@5.000ns period=10.000ns})
  Destination:            gen_pipeline_cpu.cpu/u_regfile/regs_reg[2][20]/CLR
                            (recovery check against rising-edge clock sys_clk  {rise@0.000ns fall@5.000ns period=10.000ns})
  Path Group:             **async_default**
  Path Type:              Recovery (Max at Slow Process Corner)
  Requirement:            10.000ns  (sys_clk rise@10.000ns - sys_clk rise@0.000ns)
  Data Path Delay:        8.125ns  (logic 0.773ns (9.514%)  route 7.352ns (90.486%))
  Logic Levels:           1  (LUT1=1)
  Clock Path Skew:        0.030ns (DCD - SCD + CPR)
    Destination Clock Delay (DCD):    4.876ns = ( 14.876 - 10.000 ) 
    Source Clock Delay      (SCD):    5.104ns
    Clock Pessimism Removal (CPR):    0.258ns
  Clock Uncertainty:      0.035ns  ((TSJ^2 + TIJ^2)^1/2 + DJ) / 2 + PE
    Total System Jitter     (TSJ):    0.071ns
    Total Input Jitter      (TIJ):    0.000ns
    Discrete Jitter          (DJ):    0.000ns
    Phase Error              (PE):    0.000ns

    Location             Delay type                Incr(ns)  Path(ns)    Netlist Resource(s)
  -------------------------------------------------------------------    -------------------
                         (clock sys_clk rise edge)    0.000     0.000 r  
    T5                                                0.000     0.000 r  I_clk (IN)
                         net (fo=0)                   0.000     0.000    I_clk
    T5                   IBUF (Prop_ibuf_I_O)         1.486     1.486 r  I_clk_IBUF_inst/O
                         net (fo=1, routed)           1.967     3.452    I_clk_IBUF
    BUFGCTRL_X0Y0        BUFG (Prop_bufg_I_O)         0.096     3.548 r  I_clk_IBUF_BUFG_inst/O
                         net (fo=2010, routed)        1.556     5.104    I_clk_IBUF_BUFG
    SLICE_X56Y61         FDCE                                         r  reset_pipe_reg[1]/C
  -------------------------------------------------------------------    -------------------
    SLICE_X56Y61         FDCE (Prop_fdce_C_Q)         0.478     5.582 r  reset_pipe_reg[1]/Q
                         net (fo=1, routed)           0.853     6.436    gen_pipeline_cpu.cpu/u_regfile/out[0]
    SLICE_X56Y61         LUT1 (Prop_lut1_I0_O)        0.295     6.731 f  gen_pipeline_cpu.cpu/u_regfile/pc_out[31]_i_3__0/O
                         net (fo=1752, routed)        6.498    13.229    gen_pipeline_cpu.cpu/u_regfile/reset_pipe_reg[1]
    SLICE_X58Y96         FDCE                                         f  gen_pipeline_cpu.cpu/u_regfile/regs_reg[2][20]/CLR
  -------------------------------------------------------------------    -------------------

                         (clock sys_clk rise edge)   10.000    10.000 r  
    T5                                                0.000    10.000 r  I_clk (IN)
                         net (fo=0)                   0.000    10.000    I_clk
    T5                   IBUF (Prop_ibuf_I_O)         1.415    11.415 r  I_clk_IBUF_inst/O
                         net (fo=1, routed)           1.862    13.277    I_clk_IBUF
    BUFGCTRL_X0Y0        BUFG (Prop_bufg_I_O)         0.091    13.368 r  I_clk_IBUF_BUFG_inst/O
                         net (fo=2010, routed)        1.508    14.876    gen_pipeline_cpu.cpu/u_regfile/I_clk_IBUF_BUFG
    SLICE_X58Y96         FDCE                                         r  gen_pipeline_cpu.cpu/u_regfile/regs_reg[2][20]/C
                         clock pessimism              0.258    15.134    
                         clock uncertainty           -0.035    15.099    
    SLICE_X58Y96         FDCE (Recov_fdce_C_CLR)     -0.405    14.694    gen_pipeline_cpu.cpu/u_regfile/regs_reg[2][20]
  -------------------------------------------------------------------
                         required time                         14.694    
                         arrival time                         -13.229    
  -------------------------------------------------------------------
                         slack                                  1.465    

Slack (MET) :             1.465ns  (required time - arrival time)
  Source:                 reset_pipe_reg[1]/C
                            (rising edge-triggered cell FDCE clocked by sys_clk  {rise@0.000ns fall@5.000ns period=10.000ns})
  Destination:            gen_pipeline_cpu.cpu/u_regfile/regs_reg[2][22]/CLR
                            (recovery check against rising-edge clock sys_clk  {rise@0.000ns fall@5.000ns period=10.000ns})
  Path Group:             **async_default**
  Path Type:              Recovery (Max at Slow Process Corner)
  Requirement:            10.000ns  (sys_clk rise@10.000ns - sys_clk rise@0.000ns)
  Data Path Delay:        8.125ns  (logic 0.773ns (9.514%)  route 7.352ns (90.486%))
  Logic Levels:           1  (LUT1=1)
  Clock Path Skew:        0.030ns (DCD - SCD + CPR)
    Destination Clock Delay (DCD):    4.876ns = ( 14.876 - 10.000 ) 
    Source Clock Delay      (SCD):    5.104ns
    Clock Pessimism Removal (CPR):    0.258ns
  Clock Uncertainty:      0.035ns  ((TSJ^2 + TIJ^2)^1/2 + DJ) / 2 + PE
    Total System Jitter     (TSJ):    0.071ns
    Total Input Jitter      (TIJ):    0.000ns
    Discrete Jitter          (DJ):    0.000ns
    Phase Error              (PE):    0.000ns

    Location             Delay type                Incr(ns)  Path(ns)    Netlist Resource(s)
  -------------------------------------------------------------------    -------------------
                         (clock sys_clk rise edge)    0.000     0.000 r  
    T5                                                0.000     0.000 r  I_clk (IN)
                         net (fo=0)                   0.000     0.000    I_clk
    T5                   IBUF (Prop_ibuf_I_O)         1.486     1.486 r  I_clk_IBUF_inst/O
                         net (fo=1, routed)           1.967     3.452    I_clk_IBUF
    BUFGCTRL_X0Y0        BUFG (Prop_bufg_I_O)         0.096     3.548 r  I_clk_IBUF_BUFG_inst/O
                         net (fo=2010, routed)        1.556     5.104    I_clk_IBUF_BUFG
    SLICE_X56Y61         FDCE                                         r  reset_pipe_reg[1]/C
  -------------------------------------------------------------------    -------------------
    SLICE_X56Y61         FDCE (Prop_fdce_C_Q)         0.478     5.582 r  reset_pipe_reg[1]/Q
                         net (fo=1, routed)           0.853     6.436    gen_pipeline_cpu.cpu/u_regfile/out[0]
    SLICE_X56Y61         LUT1 (Prop_lut1_I0_O)        0.295     6.731 f  gen_pipeline_cpu.cpu/u_regfile/pc_out[31]_i_3__0/O
                         net (fo=1752, routed)        6.498    13.229    gen_pipeline_cpu.cpu/u_regfile/reset_pipe_reg[1]
    SLICE_X58Y96         FDCE                                         f  gen_pipeline_cpu.cpu/u_regfile/regs_reg[2][22]/CLR
  -------------------------------------------------------------------    -------------------

                         (clock sys_clk rise edge)   10.000    10.000 r  
    T5                                                0.000    10.000 r  I_clk (IN)
                         net (fo=0)                   0.000    10.000    I_clk
    T5                   IBUF (Prop_ibuf_I_O)         1.415    11.415 r  I_clk_IBUF_inst/O
                         net (fo=1, routed)           1.862    13.277    I_clk_IBUF
    BUFGCTRL_X0Y0        BUFG (Prop_bufg_I_O)         0.091    13.368 r  I_clk_IBUF_BUFG_inst/O
                         net (fo=2010, routed)        1.508    14.876    gen_pipeline_cpu.cpu/u_regfile/I_clk_IBUF_BUFG
    SLICE_X58Y96         FDCE                                         r  gen_pipeline_cpu.cpu/u_regfile/regs_reg[2][22]/C
                         clock pessimism              0.258    15.134    
                         clock uncertainty           -0.035    15.099    
    SLICE_X58Y96         FDCE (Recov_fdce_C_CLR)     -0.405    14.694    gen_pipeline_cpu.cpu/u_regfile/regs_reg[2][22]
  -------------------------------------------------------------------
                         required time                         14.694    
                         arrival time                         -13.229    
  -------------------------------------------------------------------
                         slack                                  1.465    

Slack (MET) :             1.465ns  (required time - arrival time)
  Source:                 reset_pipe_reg[1]/C
                            (rising edge-triggered cell FDCE clocked by sys_clk  {rise@0.000ns fall@5.000ns period=10.000ns})
  Destination:            gen_pipeline_cpu.cpu/u_regfile/regs_reg[2][23]/CLR
                            (recovery check against rising-edge clock sys_clk  {rise@0.000ns fall@5.000ns period=10.000ns})
  Path Group:             **async_default**
  Path Type:              Recovery (Max at Slow Process Corner)
  Requirement:            10.000ns  (sys_clk rise@10.000ns - sys_clk rise@0.000ns)
  Data Path Delay:        8.125ns  (logic 0.773ns (9.514%)  route 7.352ns (90.486%))
  Logic Levels:           1  (LUT1=1)
  Clock Path Skew:        0.030ns (DCD - SCD + CPR)
    Destination Clock Delay (DCD):    4.876ns = ( 14.876 - 10.000 ) 
    Source Clock Delay      (SCD):    5.104ns
    Clock Pessimism Removal (CPR):    0.258ns
  Clock Uncertainty:      0.035ns  ((TSJ^2 + TIJ^2)^1/2 + DJ) / 2 + PE
    Total System Jitter     (TSJ):    0.071ns
    Total Input Jitter      (TIJ):    0.000ns
    Discrete Jitter          (DJ):    0.000ns
    Phase Error              (PE):    0.000ns

    Location             Delay type                Incr(ns)  Path(ns)    Netlist Resource(s)
  -------------------------------------------------------------------    -------------------
                         (clock sys_clk rise edge)    0.000     0.000 r  
    T5                                                0.000     0.000 r  I_clk (IN)
                         net (fo=0)                   0.000     0.000    I_clk
    T5                   IBUF (Prop_ibuf_I_O)         1.486     1.486 r  I_clk_IBUF_inst/O
                         net (fo=1, routed)           1.967     3.452    I_clk_IBUF
    BUFGCTRL_X0Y0        BUFG (Prop_bufg_I_O)         0.096     3.548 r  I_clk_IBUF_BUFG_inst/O
                         net (fo=2010, routed)        1.556     5.104    I_clk_IBUF_BUFG
    SLICE_X56Y61         FDCE                                         r  reset_pipe_reg[1]/C
  -------------------------------------------------------------------    -------------------
    SLICE_X56Y61         FDCE (Prop_fdce_C_Q)         0.478     5.582 r  reset_pipe_reg[1]/Q
                         net (fo=1, routed)           0.853     6.436    gen_pipeline_cpu.cpu/u_regfile/out[0]
    SLICE_X56Y61         LUT1 (Prop_lut1_I0_O)        0.295     6.731 f  gen_pipeline_cpu.cpu/u_regfile/pc_out[31]_i_3__0/O
                         net (fo=1752, routed)        6.498    13.229    gen_pipeline_cpu.cpu/u_regfile/reset_pipe_reg[1]
    SLICE_X58Y96         FDCE                                         f  gen_pipeline_cpu.cpu/u_regfile/regs_reg[2][23]/CLR
  -------------------------------------------------------------------    -------------------

                         (clock sys_clk rise edge)   10.000    10.000 r  
    T5                                                0.000    10.000 r  I_clk (IN)
                         net (fo=0)                   0.000    10.000    I_clk
    T5                   IBUF (Prop_ibuf_I_O)         1.415    11.415 r  I_clk_IBUF_inst/O
                         net (fo=1, routed)           1.862    13.277    I_clk_IBUF
    BUFGCTRL_X0Y0        BUFG (Prop_bufg_I_O)         0.091    13.368 r  I_clk_IBUF_BUFG_inst/O
                         net (fo=2010, routed)        1.508    14.876    gen_pipeline_cpu.cpu/u_regfile/I_clk_IBUF_BUFG
    SLICE_X58Y96         FDCE                                         r  gen_pipeline_cpu.cpu/u_regfile/regs_reg[2][23]/C
                         clock pessimism              0.258    15.134    
                         clock uncertainty           -0.035    15.099    
    SLICE_X58Y96         FDCE (Recov_fdce_C_CLR)     -0.405    14.694    gen_pipeline_cpu.cpu/u_regfile/regs_reg[2][23]
  -------------------------------------------------------------------
                         required time                         14.694    
                         arrival time                         -13.229    
  -------------------------------------------------------------------
                         slack                                  1.465    

Slack (MET) :             1.465ns  (required time - arrival time)
  Source:                 reset_pipe_reg[1]/C
                            (rising edge-triggered cell FDCE clocked by sys_clk  {rise@0.000ns fall@5.000ns period=10.000ns})
  Destination:            gen_pipeline_cpu.cpu/u_regfile/regs_reg[2][27]/CLR
                            (recovery check against rising-edge clock sys_clk  {rise@0.000ns fall@5.000ns period=10.000ns})
  Path Group:             **async_default**
  Path Type:              Recovery (Max at Slow Process Corner)
  Requirement:            10.000ns  (sys_clk rise@10.000ns - sys_clk rise@0.000ns)
  Data Path Delay:        8.125ns  (logic 0.773ns (9.514%)  route 7.352ns (90.486%))
  Logic Levels:           1  (LUT1=1)
  Clock Path Skew:        0.030ns (DCD - SCD + CPR)
    Destination Clock Delay (DCD):    4.876ns = ( 14.876 - 10.000 ) 
    Source Clock Delay      (SCD):    5.104ns
    Clock Pessimism Removal (CPR):    0.258ns
  Clock Uncertainty:      0.035ns  ((TSJ^2 + TIJ^2)^1/2 + DJ) / 2 + PE
    Total System Jitter     (TSJ):    0.071ns
    Total Input Jitter      (TIJ):    0.000ns
    Discrete Jitter          (DJ):    0.000ns
    Phase Error              (PE):    0.000ns

    Location             Delay type                Incr(ns)  Path(ns)    Netlist Resource(s)
  -------------------------------------------------------------------    -------------------
                         (clock sys_clk rise edge)    0.000     0.000 r  
    T5                                                0.000     0.000 r  I_clk (IN)
                         net (fo=0)                   0.000     0.000    I_clk
    T5                   IBUF (Prop_ibuf_I_O)         1.486     1.486 r  I_clk_IBUF_inst/O
                         net (fo=1, routed)           1.967     3.452    I_clk_IBUF
    BUFGCTRL_X0Y0        BUFG (Prop_bufg_I_O)         0.096     3.548 r  I_clk_IBUF_BUFG_inst/O
                         net (fo=2010, routed)        1.556     5.104    I_clk_IBUF_BUFG
    SLICE_X56Y61         FDCE                                         r  reset_pipe_reg[1]/C
  -------------------------------------------------------------------    -------------------
    SLICE_X56Y61         FDCE (Prop_fdce_C_Q)         0.478     5.582 r  reset_pipe_reg[1]/Q
                         net (fo=1, routed)           0.853     6.436    gen_pipeline_cpu.cpu/u_regfile/out[0]
    SLICE_X56Y61         LUT1 (Prop_lut1_I0_O)        0.295     6.731 f  gen_pipeline_cpu.cpu/u_regfile/pc_out[31]_i_3__0/O
                         net (fo=1752, routed)        6.498    13.229    gen_pipeline_cpu.cpu/u_regfile/reset_pipe_reg[1]
    SLICE_X58Y96         FDCE                                         f  gen_pipeline_cpu.cpu/u_regfile/regs_reg[2][27]/CLR
  -------------------------------------------------------------------    -------------------

                         (clock sys_clk rise edge)   10.000    10.000 r  
    T5                                                0.000    10.000 r  I_clk (IN)
                         net (fo=0)                   0.000    10.000    I_clk
    T5                   IBUF (Prop_ibuf_I_O)         1.415    11.415 r  I_clk_IBUF_inst/O
                         net (fo=1, routed)           1.862    13.277    I_clk_IBUF
    BUFGCTRL_X0Y0        BUFG (Prop_bufg_I_O)         0.091    13.368 r  I_clk_IBUF_BUFG_inst/O
                         net (fo=2010, routed)        1.508    14.876    gen_pipeline_cpu.cpu/u_regfile/I_clk_IBUF_BUFG
    SLICE_X58Y96         FDCE                                         r  gen_pipeline_cpu.cpu/u_regfile/regs_reg[2][27]/C
                         clock pessimism              0.258    15.134    
                         clock uncertainty           -0.035    15.099    
    SLICE_X58Y96         FDCE (Recov_fdce_C_CLR)     -0.405    14.694    gen_pipeline_cpu.cpu/u_regfile/regs_reg[2][27]
  -------------------------------------------------------------------
                         required time                         14.694    
                         arrival time                         -13.229    
  -------------------------------------------------------------------
                         slack                                  1.465    





Min Delay Paths
--------------------------------------------------------------------------------------
Slack (MET) :             0.940ns  (arrival time - required time)
  Source:                 reset_pipe_reg[1]/C
                            (rising edge-triggered cell FDCE clocked by sys_clk  {rise@0.000ns fall@5.000ns period=10.000ns})
  Destination:            gen_pipeline_cpu.cpu/u_regfile/regs_reg[1][17]/CLR
                            (removal check against rising-edge clock sys_clk  {rise@0.000ns fall@5.000ns period=10.000ns})
  Path Group:             **async_default**
  Path Type:              Removal (Min at Fast Process Corner)
  Requirement:            0.000ns  (sys_clk rise@0.000ns - sys_clk rise@0.000ns)
  Data Path Delay:        1.199ns  (logic 0.246ns (20.511%)  route 0.953ns (79.489%))
  Logic Levels:           1  (LUT1=1)
  Clock Path Skew:        0.351ns (DCD - SCD - CPR)
    Destination Clock Delay (DCD):    2.075ns
    Source Clock Delay      (SCD):    1.474ns
    Clock Pessimism Removal (CPR):    0.250ns

    Location             Delay type                Incr(ns)  Path(ns)    Netlist Resource(s)
  -------------------------------------------------------------------    -------------------
                         (clock sys_clk rise edge)    0.000     0.000 r  
    T5                                                0.000     0.000 r  I_clk (IN)
                         net (fo=0)                   0.000     0.000    I_clk
    T5                   IBUF (Prop_ibuf_I_O)         0.254     0.254 r  I_clk_IBUF_inst/O
                         net (fo=1, routed)           0.631     0.885    I_clk_IBUF
    BUFGCTRL_X0Y0        BUFG (Prop_bufg_I_O)         0.026     0.911 r  I_clk_IBUF_BUFG_inst/O
                         net (fo=2010, routed)        0.564     1.474    I_clk_IBUF_BUFG
    SLICE_X56Y61         FDCE                                         r  reset_pipe_reg[1]/C
  -------------------------------------------------------------------    -------------------
    SLICE_X56Y61         FDCE (Prop_fdce_C_Q)         0.148     1.622 r  reset_pipe_reg[1]/Q
                         net (fo=1, routed)           0.286     1.909    gen_pipeline_cpu.cpu/u_regfile/out[0]
    SLICE_X56Y61         LUT1 (Prop_lut1_I0_O)        0.098     2.007 f  gen_pipeline_cpu.cpu/u_regfile/pc_out[31]_i_3__0/O
                         net (fo=1752, routed)        0.667     2.674    gen_pipeline_cpu.cpu/u_regfile/reset_pipe_reg[1]
    SLICE_X53Y100        FDCE                                         f  gen_pipeline_cpu.cpu/u_regfile/regs_reg[1][17]/CLR
  -------------------------------------------------------------------    -------------------

                         (clock sys_clk rise edge)    0.000     0.000 r  
    T5                                                0.000     0.000 r  I_clk (IN)
                         net (fo=0)                   0.000     0.000    I_clk
    T5                   IBUF (Prop_ibuf_I_O)         0.442     0.442 r  I_clk_IBUF_inst/O
                         net (fo=1, routed)           0.685     1.126    I_clk_IBUF
    BUFGCTRL_X0Y0        BUFG (Prop_bufg_I_O)         0.029     1.155 r  I_clk_IBUF_BUFG_inst/O
                         net (fo=2010, routed)        0.920     2.075    gen_pipeline_cpu.cpu/u_regfile/I_clk_IBUF_BUFG
    SLICE_X53Y100        FDCE                                         r  gen_pipeline_cpu.cpu/u_regfile/regs_reg[1][17]/C
                         clock pessimism             -0.250     1.826    
    SLICE_X53Y100        FDCE (Remov_fdce_C_CLR)     -0.092     1.734    gen_pipeline_cpu.cpu/u_regfile/regs_reg[1][17]
  -------------------------------------------------------------------
                         required time                         -1.734    
                         arrival time                           2.674    
  -------------------------------------------------------------------
                         slack                                  0.940    

Slack (MET) :             0.940ns  (arrival time - required time)
  Source:                 reset_pipe_reg[1]/C
                            (rising edge-triggered cell FDCE clocked by sys_clk  {rise@0.000ns fall@5.000ns period=10.000ns})
  Destination:            gen_pipeline_cpu.cpu/u_regfile/regs_reg[1][30]/CLR
                            (removal check against rising-edge clock sys_clk  {rise@0.000ns fall@5.000ns period=10.000ns})
  Path Group:             **async_default**
  Path Type:              Removal (Min at Fast Process Corner)
  Requirement:            0.000ns  (sys_clk rise@0.000ns - sys_clk rise@0.000ns)
  Data Path Delay:        1.199ns  (logic 0.246ns (20.511%)  route 0.953ns (79.489%))
  Logic Levels:           1  (LUT1=1)
  Clock Path Skew:        0.351ns (DCD - SCD - CPR)
    Destination Clock Delay (DCD):    2.075ns
    Source Clock Delay      (SCD):    1.474ns
    Clock Pessimism Removal (CPR):    0.250ns

    Location             Delay type                Incr(ns)  Path(ns)    Netlist Resource(s)
  -------------------------------------------------------------------    -------------------
                         (clock sys_clk rise edge)    0.000     0.000 r  
    T5                                                0.000     0.000 r  I_clk (IN)
                         net (fo=0)                   0.000     0.000    I_clk
    T5                   IBUF (Prop_ibuf_I_O)         0.254     0.254 r  I_clk_IBUF_inst/O
                         net (fo=1, routed)           0.631     0.885    I_clk_IBUF
    BUFGCTRL_X0Y0        BUFG (Prop_bufg_I_O)         0.026     0.911 r  I_clk_IBUF_BUFG_inst/O
                         net (fo=2010, routed)        0.564     1.474    I_clk_IBUF_BUFG
    SLICE_X56Y61         FDCE                                         r  reset_pipe_reg[1]/C
  -------------------------------------------------------------------    -------------------
    SLICE_X56Y61         FDCE (Prop_fdce_C_Q)         0.148     1.622 r  reset_pipe_reg[1]/Q
                         net (fo=1, routed)           0.286     1.909    gen_pipeline_cpu.cpu/u_regfile/out[0]
    SLICE_X56Y61         LUT1 (Prop_lut1_I0_O)        0.098     2.007 f  gen_pipeline_cpu.cpu/u_regfile/pc_out[31]_i_3__0/O
                         net (fo=1752, routed)        0.667     2.674    gen_pipeline_cpu.cpu/u_regfile/reset_pipe_reg[1]
    SLICE_X53Y100        FDCE                                         f  gen_pipeline_cpu.cpu/u_regfile/regs_reg[1][30]/CLR
  -------------------------------------------------------------------    -------------------

                         (clock sys_clk rise edge)    0.000     0.000 r  
    T5                                                0.000     0.000 r  I_clk (IN)
                         net (fo=0)                   0.000     0.000    I_clk
    T5                   IBUF (Prop_ibuf_I_O)         0.442     0.442 r  I_clk_IBUF_inst/O
                         net (fo=1, routed)           0.685     1.126    I_clk_IBUF
    BUFGCTRL_X0Y0        BUFG (Prop_bufg_I_O)         0.029     1.155 r  I_clk_IBUF_BUFG_inst/O
                         net (fo=2010, routed)        0.920     2.075    gen_pipeline_cpu.cpu/u_regfile/I_clk_IBUF_BUFG
    SLICE_X53Y100        FDCE                                         r  gen_pipeline_cpu.cpu/u_regfile/regs_reg[1][30]/C
                         clock pessimism             -0.250     1.826    
    SLICE_X53Y100        FDCE (Remov_fdce_C_CLR)     -0.092     1.734    gen_pipeline_cpu.cpu/u_regfile/regs_reg[1][30]
  -------------------------------------------------------------------
                         required time                         -1.734    
                         arrival time                           2.674    
  -------------------------------------------------------------------
                         slack                                  0.940    

Slack (MET) :             0.955ns  (arrival time - required time)
  Source:                 reset_pipe_reg[1]/C
                            (rising edge-triggered cell FDCE clocked by sys_clk  {rise@0.000ns fall@5.000ns period=10.000ns})
  Destination:            lcd/scan_counter_reg[11]/CLR
                            (removal check against rising-edge clock sys_clk  {rise@0.000ns fall@5.000ns period=10.000ns})
  Path Group:             **async_default**
  Path Type:              Removal (Min at Fast Process Corner)
  Requirement:            0.000ns  (sys_clk rise@0.000ns - sys_clk rise@0.000ns)
  Data Path Delay:        0.927ns  (logic 0.246ns (26.540%)  route 0.681ns (73.460%))
  Logic Levels:           1  (LUT1=1)
  Clock Path Skew:        0.064ns (DCD - SCD - CPR)
    Destination Clock Delay (DCD):    2.017ns
    Source Clock Delay      (SCD):    1.474ns
    Clock Pessimism Removal (CPR):    0.478ns

    Location             Delay type                Incr(ns)  Path(ns)    Netlist Resource(s)
  -------------------------------------------------------------------    -------------------
                         (clock sys_clk rise edge)    0.000     0.000 r  
    T5                                                0.000     0.000 r  I_clk (IN)
                         net (fo=0)                   0.000     0.000    I_clk
    T5                   IBUF (Prop_ibuf_I_O)         0.254     0.254 r  I_clk_IBUF_inst/O
                         net (fo=1, routed)           0.631     0.885    I_clk_IBUF
    BUFGCTRL_X0Y0        BUFG (Prop_bufg_I_O)         0.026     0.911 r  I_clk_IBUF_BUFG_inst/O
                         net (fo=2010, routed)        0.564     1.474    I_clk_IBUF_BUFG
    SLICE_X56Y61         FDCE                                         r  reset_pipe_reg[1]/C
  -------------------------------------------------------------------    -------------------
    SLICE_X56Y61         FDCE (Prop_fdce_C_Q)         0.148     1.622 r  reset_pipe_reg[1]/Q
                         net (fo=1, routed)           0.286     1.909    gen_pipeline_cpu.cpu/u_regfile/out[0]
    SLICE_X56Y61         LUT1 (Prop_lut1_I0_O)        0.098     2.007 f  gen_pipeline_cpu.cpu/u_regfile/pc_out[31]_i_3__0/O
                         net (fo=1752, routed)        0.394     2.401    lcd/O_led_reg[6]_0
    SLICE_X63Y61         FDCE                                         f  lcd/scan_counter_reg[11]/CLR
  -------------------------------------------------------------------    -------------------

                         (clock sys_clk rise edge)    0.000     0.000 r  
    T5                                                0.000     0.000 r  I_clk (IN)
                         net (fo=0)                   0.000     0.000    I_clk
    T5                   IBUF (Prop_ibuf_I_O)         0.442     0.442 r  I_clk_IBUF_inst/O
                         net (fo=1, routed)           0.685     1.126    I_clk_IBUF
    BUFGCTRL_X0Y0        BUFG (Prop_bufg_I_O)         0.029     1.155 r  I_clk_IBUF_BUFG_inst/O
                         net (fo=2010, routed)        0.861     2.017    lcd/CLK
    SLICE_X63Y61         FDCE                                         r  lcd/scan_counter_reg[11]/C
                         clock pessimism             -0.478     1.538    
    SLICE_X63Y61         FDCE (Remov_fdce_C_CLR)     -0.092     1.446    lcd/scan_counter_reg[11]
  -------------------------------------------------------------------
                         required time                         -1.446    
                         arrival time                           2.401    
  -------------------------------------------------------------------
                         slack                                  0.955    

Slack (MET) :             0.955ns  (arrival time - required time)
  Source:                 reset_pipe_reg[1]/C
                            (rising edge-triggered cell FDCE clocked by sys_clk  {rise@0.000ns fall@5.000ns period=10.000ns})
  Destination:            lcd/scan_counter_reg[7]/CLR
                            (removal check against rising-edge clock sys_clk  {rise@0.000ns fall@5.000ns period=10.000ns})
  Path Group:             **async_default**
  Path Type:              Removal (Min at Fast Process Corner)
  Requirement:            0.000ns  (sys_clk rise@0.000ns - sys_clk rise@0.000ns)
  Data Path Delay:        0.927ns  (logic 0.246ns (26.540%)  route 0.681ns (73.460%))
  Logic Levels:           1  (LUT1=1)
  Clock Path Skew:        0.064ns (DCD - SCD - CPR)
    Destination Clock Delay (DCD):    2.017ns
    Source Clock Delay      (SCD):    1.474ns
    Clock Pessimism Removal (CPR):    0.478ns

    Location             Delay type                Incr(ns)  Path(ns)    Netlist Resource(s)
  -------------------------------------------------------------------    -------------------
                         (clock sys_clk rise edge)    0.000     0.000 r  
    T5                                                0.000     0.000 r  I_clk (IN)
                         net (fo=0)                   0.000     0.000    I_clk
    T5                   IBUF (Prop_ibuf_I_O)         0.254     0.254 r  I_clk_IBUF_inst/O
                         net (fo=1, routed)           0.631     0.885    I_clk_IBUF
    BUFGCTRL_X0Y0        BUFG (Prop_bufg_I_O)         0.026     0.911 r  I_clk_IBUF_BUFG_inst/O
                         net (fo=2010, routed)        0.564     1.474    I_clk_IBUF_BUFG
    SLICE_X56Y61         FDCE                                         r  reset_pipe_reg[1]/C
  -------------------------------------------------------------------    -------------------
    SLICE_X56Y61         FDCE (Prop_fdce_C_Q)         0.148     1.622 r  reset_pipe_reg[1]/Q
                         net (fo=1, routed)           0.286     1.909    gen_pipeline_cpu.cpu/u_regfile/out[0]
    SLICE_X56Y61         LUT1 (Prop_lut1_I0_O)        0.098     2.007 f  gen_pipeline_cpu.cpu/u_regfile/pc_out[31]_i_3__0/O
                         net (fo=1752, routed)        0.394     2.401    lcd/O_led_reg[6]_0
    SLICE_X63Y61         FDCE                                         f  lcd/scan_counter_reg[7]/CLR
  -------------------------------------------------------------------    -------------------

                         (clock sys_clk rise edge)    0.000     0.000 r  
    T5                                                0.000     0.000 r  I_clk (IN)
                         net (fo=0)                   0.000     0.000    I_clk
    T5                   IBUF (Prop_ibuf_I_O)         0.442     0.442 r  I_clk_IBUF_inst/O
                         net (fo=1, routed)           0.685     1.126    I_clk_IBUF
    BUFGCTRL_X0Y0        BUFG (Prop_bufg_I_O)         0.029     1.155 r  I_clk_IBUF_BUFG_inst/O
                         net (fo=2010, routed)        0.861     2.017    lcd/CLK
    SLICE_X63Y61         FDCE                                         r  lcd/scan_counter_reg[7]/C
                         clock pessimism             -0.478     1.538    
    SLICE_X63Y61         FDCE (Remov_fdce_C_CLR)     -0.092     1.446    lcd/scan_counter_reg[7]
  -------------------------------------------------------------------
                         required time                         -1.446    
                         arrival time                           2.401    
  -------------------------------------------------------------------
                         slack                                  0.955    

Slack (MET) :             0.984ns  (arrival time - required time)
  Source:                 reset_pipe_reg[1]/C
                            (rising edge-triggered cell FDCE clocked by sys_clk  {rise@0.000ns fall@5.000ns period=10.000ns})
  Destination:            gen_pipeline_cpu.cpu/u_regfile/regs_reg[5][23]/CLR
                            (removal check against rising-edge clock sys_clk  {rise@0.000ns fall@5.000ns period=10.000ns})
  Path Group:             **async_default**
  Path Type:              Removal (Min at Fast Process Corner)
  Requirement:            0.000ns  (sys_clk rise@0.000ns - sys_clk rise@0.000ns)
  Data Path Delay:        1.243ns  (logic 0.246ns (19.786%)  route 0.997ns (80.214%))
  Logic Levels:           1  (LUT1=1)
  Clock Path Skew:        0.351ns (DCD - SCD - CPR)
    Destination Clock Delay (DCD):    2.075ns
    Source Clock Delay      (SCD):    1.474ns
    Clock Pessimism Removal (CPR):    0.250ns

    Location             Delay type                Incr(ns)  Path(ns)    Netlist Resource(s)
  -------------------------------------------------------------------    -------------------
                         (clock sys_clk rise edge)    0.000     0.000 r  
    T5                                                0.000     0.000 r  I_clk (IN)
                         net (fo=0)                   0.000     0.000    I_clk
    T5                   IBUF (Prop_ibuf_I_O)         0.254     0.254 r  I_clk_IBUF_inst/O
                         net (fo=1, routed)           0.631     0.885    I_clk_IBUF
    BUFGCTRL_X0Y0        BUFG (Prop_bufg_I_O)         0.026     0.911 r  I_clk_IBUF_BUFG_inst/O
                         net (fo=2010, routed)        0.564     1.474    I_clk_IBUF_BUFG
    SLICE_X56Y61         FDCE                                         r  reset_pipe_reg[1]/C
  -------------------------------------------------------------------    -------------------
    SLICE_X56Y61         FDCE (Prop_fdce_C_Q)         0.148     1.622 r  reset_pipe_reg[1]/Q
                         net (fo=1, routed)           0.286     1.909    gen_pipeline_cpu.cpu/u_regfile/out[0]
    SLICE_X56Y61         LUT1 (Prop_lut1_I0_O)        0.098     2.007 f  gen_pipeline_cpu.cpu/u_regfile/pc_out[31]_i_3__0/O
                         net (fo=1752, routed)        0.711     2.718    gen_pipeline_cpu.cpu/u_regfile/reset_pipe_reg[1]
    SLICE_X57Y100        FDCE                                         f  gen_pipeline_cpu.cpu/u_regfile/regs_reg[5][23]/CLR
  -------------------------------------------------------------------    -------------------

                         (clock sys_clk rise edge)    0.000     0.000 r  
    T5                                                0.000     0.000 r  I_clk (IN)
                         net (fo=0)                   0.000     0.000    I_clk
    T5                   IBUF (Prop_ibuf_I_O)         0.442     0.442 r  I_clk_IBUF_inst/O
                         net (fo=1, routed)           0.685     1.126    I_clk_IBUF
    BUFGCTRL_X0Y0        BUFG (Prop_bufg_I_O)         0.029     1.155 r  I_clk_IBUF_BUFG_inst/O
                         net (fo=2010, routed)        0.920     2.075    gen_pipeline_cpu.cpu/u_regfile/I_clk_IBUF_BUFG
    SLICE_X57Y100        FDCE                                         r  gen_pipeline_cpu.cpu/u_regfile/regs_reg[5][23]/C
                         clock pessimism             -0.250     1.826    
    SLICE_X57Y100        FDCE (Remov_fdce_C_CLR)     -0.092     1.734    gen_pipeline_cpu.cpu/u_regfile/regs_reg[5][23]
  -------------------------------------------------------------------
                         required time                         -1.734    
                         arrival time                           2.718    
  -------------------------------------------------------------------
                         slack                                  0.984    

Slack (MET) :             0.988ns  (arrival time - required time)
  Source:                 reset_pipe_reg[1]/C
                            (rising edge-triggered cell FDCE clocked by sys_clk  {rise@0.000ns fall@5.000ns period=10.000ns})
  Destination:            lcd/scan_counter_reg[6]/CLR
                            (removal check against rising-edge clock sys_clk  {rise@0.000ns fall@5.000ns period=10.000ns})
  Path Group:             **async_default**
  Path Type:              Removal (Min at Fast Process Corner)
  Requirement:            0.000ns  (sys_clk rise@0.000ns - sys_clk rise@0.000ns)
  Data Path Delay:        0.960ns  (logic 0.246ns (25.612%)  route 0.714ns (74.388%))
  Logic Levels:           1  (LUT1=1)
  Clock Path Skew:        0.064ns (DCD - SCD - CPR)
    Destination Clock Delay (DCD):    2.017ns
    Source Clock Delay      (SCD):    1.474ns
    Clock Pessimism Removal (CPR):    0.478ns

    Location             Delay type                Incr(ns)  Path(ns)    Netlist Resource(s)
  -------------------------------------------------------------------    -------------------
                         (clock sys_clk rise edge)    0.000     0.000 r  
    T5                                                0.000     0.000 r  I_clk (IN)
                         net (fo=0)                   0.000     0.000    I_clk
    T5                   IBUF (Prop_ibuf_I_O)         0.254     0.254 r  I_clk_IBUF_inst/O
                         net (fo=1, routed)           0.631     0.885    I_clk_IBUF
    BUFGCTRL_X0Y0        BUFG (Prop_bufg_I_O)         0.026     0.911 r  I_clk_IBUF_BUFG_inst/O
                         net (fo=2010, routed)        0.564     1.474    I_clk_IBUF_BUFG
    SLICE_X56Y61         FDCE                                         r  reset_pipe_reg[1]/C
  -------------------------------------------------------------------    -------------------
    SLICE_X56Y61         FDCE (Prop_fdce_C_Q)         0.148     1.622 r  reset_pipe_reg[1]/Q
                         net (fo=1, routed)           0.286     1.909    gen_pipeline_cpu.cpu/u_regfile/out[0]
    SLICE_X56Y61         LUT1 (Prop_lut1_I0_O)        0.098     2.007 f  gen_pipeline_cpu.cpu/u_regfile/pc_out[31]_i_3__0/O
                         net (fo=1752, routed)        0.428     2.435    lcd/O_led_reg[6]_0
    SLICE_X65Y60         FDCE                                         f  lcd/scan_counter_reg[6]/CLR
  -------------------------------------------------------------------    -------------------

                         (clock sys_clk rise edge)    0.000     0.000 r  
    T5                                                0.000     0.000 r  I_clk (IN)
                         net (fo=0)                   0.000     0.000    I_clk
    T5                   IBUF (Prop_ibuf_I_O)         0.442     0.442 r  I_clk_IBUF_inst/O
                         net (fo=1, routed)           0.685     1.126    I_clk_IBUF
    BUFGCTRL_X0Y0        BUFG (Prop_bufg_I_O)         0.029     1.155 r  I_clk_IBUF_BUFG_inst/O
                         net (fo=2010, routed)        0.861     2.017    lcd/CLK
    SLICE_X65Y60         FDCE                                         r  lcd/scan_counter_reg[6]/C
                         clock pessimism             -0.478     1.538    
    SLICE_X65Y60         FDCE (Remov_fdce_C_CLR)     -0.092     1.446    lcd/scan_counter_reg[6]
  -------------------------------------------------------------------
                         required time                         -1.446    
                         arrival time                           2.435    
  -------------------------------------------------------------------
                         slack                                  0.988    

Slack (MET) :             1.018ns  (arrival time - required time)
  Source:                 reset_pipe_reg[1]/C
                            (rising edge-triggered cell FDCE clocked by sys_clk  {rise@0.000ns fall@5.000ns period=10.000ns})
  Destination:            lcd/scan_counter_reg[0]/CLR
                            (removal check against rising-edge clock sys_clk  {rise@0.000ns fall@5.000ns period=10.000ns})
  Path Group:             **async_default**
  Path Type:              Removal (Min at Fast Process Corner)
  Requirement:            0.000ns  (sys_clk rise@0.000ns - sys_clk rise@0.000ns)
  Data Path Delay:        0.988ns  (logic 0.246ns (24.906%)  route 0.742ns (75.094%))
  Logic Levels:           1  (LUT1=1)
  Clock Path Skew:        0.062ns (DCD - SCD - CPR)
    Destination Clock Delay (DCD):    2.015ns
    Source Clock Delay      (SCD):    1.474ns
    Clock Pessimism Removal (CPR):    0.478ns

    Location             Delay type                Incr(ns)  Path(ns)    Netlist Resource(s)
  -------------------------------------------------------------------    -------------------
                         (clock sys_clk rise edge)    0.000     0.000 r  
    T5                                                0.000     0.000 r  I_clk (IN)
                         net (fo=0)                   0.000     0.000    I_clk
    T5                   IBUF (Prop_ibuf_I_O)         0.254     0.254 r  I_clk_IBUF_inst/O
                         net (fo=1, routed)           0.631     0.885    I_clk_IBUF
    BUFGCTRL_X0Y0        BUFG (Prop_bufg_I_O)         0.026     0.911 r  I_clk_IBUF_BUFG_inst/O
                         net (fo=2010, routed)        0.564     1.474    I_clk_IBUF_BUFG
    SLICE_X56Y61         FDCE                                         r  reset_pipe_reg[1]/C
  -------------------------------------------------------------------    -------------------
    SLICE_X56Y61         FDCE (Prop_fdce_C_Q)         0.148     1.622 r  reset_pipe_reg[1]/Q
                         net (fo=1, routed)           0.286     1.909    gen_pipeline_cpu.cpu/u_regfile/out[0]
    SLICE_X56Y61         LUT1 (Prop_lut1_I0_O)        0.098     2.007 f  gen_pipeline_cpu.cpu/u_regfile/pc_out[31]_i_3__0/O
                         net (fo=1752, routed)        0.455     2.462    lcd/O_led_reg[6]_0
    SLICE_X63Y62         FDCE                                         f  lcd/scan_counter_reg[0]/CLR
  -------------------------------------------------------------------    -------------------

                         (clock sys_clk rise edge)    0.000     0.000 r  
    T5                                                0.000     0.000 r  I_clk (IN)
                         net (fo=0)                   0.000     0.000    I_clk
    T5                   IBUF (Prop_ibuf_I_O)         0.442     0.442 r  I_clk_IBUF_inst/O
                         net (fo=1, routed)           0.685     1.126    I_clk_IBUF
    BUFGCTRL_X0Y0        BUFG (Prop_bufg_I_O)         0.029     1.155 r  I_clk_IBUF_BUFG_inst/O
                         net (fo=2010, routed)        0.859     2.015    lcd/CLK
    SLICE_X63Y62         FDCE                                         r  lcd/scan_counter_reg[0]/C
                         clock pessimism             -0.478     1.536    
    SLICE_X63Y62         FDCE (Remov_fdce_C_CLR)     -0.092     1.444    lcd/scan_counter_reg[0]
  -------------------------------------------------------------------
                         required time                         -1.444    
                         arrival time                           2.462    
  -------------------------------------------------------------------
                         slack                                  1.018    

Slack (MET) :             1.022ns  (arrival time - required time)
  Source:                 reset_pipe_reg[1]/C
                            (rising edge-triggered cell FDCE clocked by sys_clk  {rise@0.000ns fall@5.000ns period=10.000ns})
  Destination:            lcd/scan_counter_reg[14]/CLR
                            (removal check against rising-edge clock sys_clk  {rise@0.000ns fall@5.000ns period=10.000ns})
  Path Group:             **async_default**
  Path Type:              Removal (Min at Fast Process Corner)
  Requirement:            0.000ns  (sys_clk rise@0.000ns - sys_clk rise@0.000ns)
  Data Path Delay:        0.992ns  (logic 0.246ns (24.797%)  route 0.746ns (75.203%))
  Logic Levels:           1  (LUT1=1)
  Clock Path Skew:        0.062ns (DCD - SCD - CPR)
    Destination Clock Delay (DCD):    2.015ns
    Source Clock Delay      (SCD):    1.474ns
    Clock Pessimism Removal (CPR):    0.478ns

    Location             Delay type                Incr(ns)  Path(ns)    Netlist Resource(s)
  -------------------------------------------------------------------    -------------------
                         (clock sys_clk rise edge)    0.000     0.000 r  
    T5                                                0.000     0.000 r  I_clk (IN)
                         net (fo=0)                   0.000     0.000    I_clk
    T5                   IBUF (Prop_ibuf_I_O)         0.254     0.254 r  I_clk_IBUF_inst/O
                         net (fo=1, routed)           0.631     0.885    I_clk_IBUF
    BUFGCTRL_X0Y0        BUFG (Prop_bufg_I_O)         0.026     0.911 r  I_clk_IBUF_BUFG_inst/O
                         net (fo=2010, routed)        0.564     1.474    I_clk_IBUF_BUFG
    SLICE_X56Y61         FDCE                                         r  reset_pipe_reg[1]/C
  -------------------------------------------------------------------    -------------------
    SLICE_X56Y61         FDCE (Prop_fdce_C_Q)         0.148     1.622 r  reset_pipe_reg[1]/Q
                         net (fo=1, routed)           0.286     1.909    gen_pipeline_cpu.cpu/u_regfile/out[0]
    SLICE_X56Y61         LUT1 (Prop_lut1_I0_O)        0.098     2.007 f  gen_pipeline_cpu.cpu/u_regfile/pc_out[31]_i_3__0/O
                         net (fo=1752, routed)        0.460     2.466    lcd/O_led_reg[6]_0
    SLICE_X62Y62         FDCE                                         f  lcd/scan_counter_reg[14]/CLR
  -------------------------------------------------------------------    -------------------

                         (clock sys_clk rise edge)    0.000     0.000 r  
    T5                                                0.000     0.000 r  I_clk (IN)
                         net (fo=0)                   0.000     0.000    I_clk
    T5                   IBUF (Prop_ibuf_I_O)         0.442     0.442 r  I_clk_IBUF_inst/O
                         net (fo=1, routed)           0.685     1.126    I_clk_IBUF
    BUFGCTRL_X0Y0        BUFG (Prop_bufg_I_O)         0.029     1.155 r  I_clk_IBUF_BUFG_inst/O
                         net (fo=2010, routed)        0.859     2.015    lcd/CLK
    SLICE_X62Y62         FDCE                                         r  lcd/scan_counter_reg[14]/C
                         clock pessimism             -0.478     1.536    
    SLICE_X62Y62         FDCE (Remov_fdce_C_CLR)     -0.092     1.444    lcd/scan_counter_reg[14]
  -------------------------------------------------------------------
                         required time                         -1.444    
                         arrival time                           2.466    
  -------------------------------------------------------------------
                         slack                                  1.022    

Slack (MET) :             1.022ns  (arrival time - required time)
  Source:                 reset_pipe_reg[1]/C
                            (rising edge-triggered cell FDCE clocked by sys_clk  {rise@0.000ns fall@5.000ns period=10.000ns})
  Destination:            lcd/scan_digit_reg[0]/CLR
                            (removal check against rising-edge clock sys_clk  {rise@0.000ns fall@5.000ns period=10.000ns})
  Path Group:             **async_default**
  Path Type:              Removal (Min at Fast Process Corner)
  Requirement:            0.000ns  (sys_clk rise@0.000ns - sys_clk rise@0.000ns)
  Data Path Delay:        0.992ns  (logic 0.246ns (24.797%)  route 0.746ns (75.203%))
  Logic Levels:           1  (LUT1=1)
  Clock Path Skew:        0.062ns (DCD - SCD - CPR)
    Destination Clock Delay (DCD):    2.015ns
    Source Clock Delay      (SCD):    1.474ns
    Clock Pessimism Removal (CPR):    0.478ns

    Location             Delay type                Incr(ns)  Path(ns)    Netlist Resource(s)
  -------------------------------------------------------------------    -------------------
                         (clock sys_clk rise edge)    0.000     0.000 r  
    T5                                                0.000     0.000 r  I_clk (IN)
                         net (fo=0)                   0.000     0.000    I_clk
    T5                   IBUF (Prop_ibuf_I_O)         0.254     0.254 r  I_clk_IBUF_inst/O
                         net (fo=1, routed)           0.631     0.885    I_clk_IBUF
    BUFGCTRL_X0Y0        BUFG (Prop_bufg_I_O)         0.026     0.911 r  I_clk_IBUF_BUFG_inst/O
                         net (fo=2010, routed)        0.564     1.474    I_clk_IBUF_BUFG
    SLICE_X56Y61         FDCE                                         r  reset_pipe_reg[1]/C
  -------------------------------------------------------------------    -------------------
    SLICE_X56Y61         FDCE (Prop_fdce_C_Q)         0.148     1.622 r  reset_pipe_reg[1]/Q
                         net (fo=1, routed)           0.286     1.909    gen_pipeline_cpu.cpu/u_regfile/out[0]
    SLICE_X56Y61         LUT1 (Prop_lut1_I0_O)        0.098     2.007 f  gen_pipeline_cpu.cpu/u_regfile/pc_out[31]_i_3__0/O
                         net (fo=1752, routed)        0.460     2.466    lcd/O_led_reg[6]_0
    SLICE_X62Y62         FDCE                                         f  lcd/scan_digit_reg[0]/CLR
  -------------------------------------------------------------------    -------------------

                         (clock sys_clk rise edge)    0.000     0.000 r  
    T5                                                0.000     0.000 r  I_clk (IN)
                         net (fo=0)                   0.000     0.000    I_clk
    T5                   IBUF (Prop_ibuf_I_O)         0.442     0.442 r  I_clk_IBUF_inst/O
                         net (fo=1, routed)           0.685     1.126    I_clk_IBUF
    BUFGCTRL_X0Y0        BUFG (Prop_bufg_I_O)         0.029     1.155 r  I_clk_IBUF_BUFG_inst/O
                         net (fo=2010, routed)        0.859     2.015    lcd/CLK
    SLICE_X62Y62         FDCE                                         r  lcd/scan_digit_reg[0]/C
                         clock pessimism             -0.478     1.536    
    SLICE_X62Y62         FDCE (Remov_fdce_C_CLR)     -0.092     1.444    lcd/scan_digit_reg[0]
  -------------------------------------------------------------------
                         required time                         -1.444    
                         arrival time                           2.466    
  -------------------------------------------------------------------
                         slack                                  1.022    

Slack (MET) :             1.060ns  (arrival time - required time)
  Source:                 reset_pipe_reg[1]/C
                            (rising edge-triggered cell FDCE clocked by sys_clk  {rise@0.000ns fall@5.000ns period=10.000ns})
  Destination:            gen_pipeline_cpu.cpu/u_regfile/regs_reg[4][17]/CLR
                            (removal check against rising-edge clock sys_clk  {rise@0.000ns fall@5.000ns period=10.000ns})
  Path Group:             **async_default**
  Path Type:              Removal (Min at Fast Process Corner)
  Requirement:            0.000ns  (sys_clk rise@0.000ns - sys_clk rise@0.000ns)
  Data Path Delay:        1.344ns  (logic 0.246ns (18.300%)  route 1.098ns (81.700%))
  Logic Levels:           1  (LUT1=1)
  Clock Path Skew:        0.351ns (DCD - SCD - CPR)
    Destination Clock Delay (DCD):    2.075ns
    Source Clock Delay      (SCD):    1.474ns
    Clock Pessimism Removal (CPR):    0.250ns

    Location             Delay type                Incr(ns)  Path(ns)    Netlist Resource(s)
  -------------------------------------------------------------------    -------------------
                         (clock sys_clk rise edge)    0.000     0.000 r  
    T5                                                0.000     0.000 r  I_clk (IN)
                         net (fo=0)                   0.000     0.000    I_clk
    T5                   IBUF (Prop_ibuf_I_O)         0.254     0.254 r  I_clk_IBUF_inst/O
                         net (fo=1, routed)           0.631     0.885    I_clk_IBUF
    BUFGCTRL_X0Y0        BUFG (Prop_bufg_I_O)         0.026     0.911 r  I_clk_IBUF_BUFG_inst/O
                         net (fo=2010, routed)        0.564     1.474    I_clk_IBUF_BUFG
    SLICE_X56Y61         FDCE                                         r  reset_pipe_reg[1]/C
  -------------------------------------------------------------------    -------------------
    SLICE_X56Y61         FDCE (Prop_fdce_C_Q)         0.148     1.622 r  reset_pipe_reg[1]/Q
                         net (fo=1, routed)           0.286     1.909    gen_pipeline_cpu.cpu/u_regfile/out[0]
    SLICE_X56Y61         LUT1 (Prop_lut1_I0_O)        0.098     2.007 f  gen_pipeline_cpu.cpu/u_regfile/pc_out[31]_i_3__0/O
                         net (fo=1752, routed)        0.812     2.819    gen_pipeline_cpu.cpu/u_regfile/reset_pipe_reg[1]
    SLICE_X52Y100        FDCE                                         f  gen_pipeline_cpu.cpu/u_regfile/regs_reg[4][17]/CLR
  -------------------------------------------------------------------    -------------------

                         (clock sys_clk rise edge)    0.000     0.000 r  
    T5                                                0.000     0.000 r  I_clk (IN)
                         net (fo=0)                   0.000     0.000    I_clk
    T5                   IBUF (Prop_ibuf_I_O)         0.442     0.442 r  I_clk_IBUF_inst/O
                         net (fo=1, routed)           0.685     1.126    I_clk_IBUF
    BUFGCTRL_X0Y0        BUFG (Prop_bufg_I_O)         0.029     1.155 r  I_clk_IBUF_BUFG_inst/O
                         net (fo=2010, routed)        0.920     2.075    gen_pipeline_cpu.cpu/u_regfile/I_clk_IBUF_BUFG
    SLICE_X52Y100        FDCE                                         r  gen_pipeline_cpu.cpu/u_regfile/regs_reg[4][17]/C
                         clock pessimism             -0.250     1.826    
    SLICE_X52Y100        FDCE (Remov_fdce_C_CLR)     -0.067     1.759    gen_pipeline_cpu.cpu/u_regfile/regs_reg[4][17]
  -------------------------------------------------------------------
                         required time                         -1.759    
                         arrival time                           2.819    
  -------------------------------------------------------------------
                         slack                                  1.060    





